transaction_id,account_id,transaction_date,transaction_type,transaction_amount,currency,transaction_status,channel
T0000001,A000010,2026-03-14 23:53:13.530779,Transfer,96249.9,INR,SUCCESS,ATM
T0000002,A000387,2024-11-30 05:42:20.530779,Interest,155256.01,INR,SUCCESS,Mobile
T0000003,A001400,2025-09-08 02:57:34.530779,Withdrawal,149969.6,INR,PENDING,Mobile
T0000004,A001040,2025-12-15 05:53:29.530779,Withdrawal,203608.93,INR,FAILED,Online
T0000005,A001101,2026-06-19 00:50:27.530779,Deposit,201820.49,INR,FAILED,ATM
T0000006,A001399,2025-01-08 12:08:16.530779,Withdrawal,147567.57,INR,SUCCESS,Online
T0000007,A001236,2026-02-11 06:27:42.530779,Withdrawal,249335.74,INR,FAILED,Branch
T0000008,A000797,2026-07-26 19:22:49.530779,Payment,236008.37,INR,PENDING,Online
T0000009,A000749,2025-09-01 08:23:37.530779,Withdrawal,59938.89,INR,FAILED,Mobile
T0000010,A000734,2025-11-07 00:56:36.530779,Deposit,229160.96,INR,FAILED,Online
T0000011,A001359,2026-03-06 02:44:26.530779,Interest,80206.21,INR,PENDING,Branch
T0000012,A000412,2026-04-02 22:50:50.530779,Transfer,80147.07,INR,FAILED,Mobile
T0000013,A000874,2025-07-16 22:14:00.530779,Payment,108841.19,INR,SUCCESS,Branch
T0000014,A000214,2024-10-14 17:18:52.530779,Transfer,140357.12,INR,PENDING,Branch
T0000015,A000589,2025-07-30 17:32:48.530779,Interest,174755.52,INR,PENDING,Online
T0000016,A000629,2025-03-31 02:40:34.530779,Fee,186988.06,INR,PENDING,Mobile
T0000017,A000099,2026-07-08 10:50:56.530779,Fee,7087.98,INR,FAILED,Branch
T0000018,A001102,2025-03-31 12:14:11.530779,Deposit,205954.16,INR,PENDING,Branch
T0000019,A000366,2026-02-22 18:30:24.530779,Fee,92768.9,INR,PENDING,Online
T0000020,A000937,2025-04-27 03:01:15.530779,Withdrawal,223099.78,INR,PENDING,ATM
T0000021,A001015,2024-12-03 06:50:32.530779,Withdrawal,142829.22,INR,PENDING,Online
T0000022,A000422,2024-11-05 13:19:07.530779,Interest,29171.12,INR,FAILED,Online
T0000023,A000363,2025-05-24 11:28:17.530779,Payment,206660.4,INR,FAILED,Branch
T0000024,A000291,2024-11-04 05:06:22.530779,Fee,61618.67,INR,PENDING,ATM
T0000025,A001455,2025-11-26 20:12:06.530779,Interest,77503.84,INR,PENDING,ATM
T0000026,A000852,2025-11-12 23:48:05.530779,Payment,94345.23,INR,SUCCESS,Branch
T0000027,A000022,2025-06-06 21:16:45.530779,Interest,173161.53,INR,SUCCESS,Branch
T0000028,A000145,2025-01-29 07:32:50.530779,Interest,28683.66,INR,SUCCESS,Branch
T0000029,A001100,2024-11-27 06:06:18.530779,Transfer,41924.95,INR,PENDING,ATM
T0000030,A000584,2026-08-18 13:55:38.530779,Fee,71681.1,INR,PENDING,ATM
T0000031,A000809,2025-01-09 03:46:35.530779,Withdrawal,237557.25,INR,PENDING,Branch
T0000032,A001062,2025-04-13 04:03:26.530779,Deposit,117292.35,INR,SUCCESS,Online
T0000033,A000795,2025-05-12 00:48:49.530779,Withdrawal,20993.65,INR,PENDING,Online
T0000034,A001261,2025-05-25 15:18:05.530779,Transfer,109583.33,INR,SUCCESS,Branch
T0000035,A001358,2026-05-24 00:55:25.530779,Fee,191720.87,INR,SUCCESS,Mobile
T0000036,A001165,2025-08-11 01:01:20.530779,Deposit,237152.49,INR,FAILED,ATM
T0000037,A000947,2025-03-18 12:10:35.530779,Withdrawal,225400.55,INR,SUCCESS,Branch
T0000038,A000598,2025-10-14 05:00:11.530779,Fee,16005.98,INR,SUCCESS,Mobile
T0000039,A001477,2025-08-29 23:23:11.530779,Payment,6424.89,INR,FAILED,Online
T0000040,A001083,2025-05-29 21:20:05.530779,Transfer,139257.6,INR,SUCCESS,ATM
T0000041,A001403,2024-11-17 03:29:01.530779,Deposit,102540.05,INR,PENDING,Online
T0000042,A001483,2026-06-15 05:36:56.530779,Transfer,92656.0,INR,SUCCESS,Online
T0000043,A000013,2026-08-21 07:56:11.530779,Payment,954.9,INR,SUCCESS,Branch
T0000044,A000460,2026-04-23 03:47:06.530779,Interest,8895.29,INR,PENDING,Online
T0000045,A000976,2024-10-10 23:03:12.530779,Fee,161233.06,INR,FAILED,Branch
T0000046,A001399,2025-12-24 08:04:56.530779,Payment,153190.86,INR,FAILED,Branch
T0000047,A000931,2026-01-23 05:00:17.530779,Fee,219873.13,INR,SUCCESS,Mobile
T0000048,A001498,2025-07-10 22:37:30.530779,Withdrawal,240763.62,INR,FAILED,ATM
T0000049,A000043,2025-03-03 12:49:49.530779,Payment,201382.07,INR,SUCCESS,Online
T0000050,A001456,2026-01-03 14:22:13.530779,Fee,212935.74,INR,FAILED,Mobile
T0000051,A000427,2026-06-23 12:16:45.530779,Payment,105343.05,INR,FAILED,Branch
T0000052,A000796,2025-12-27 15:35:26.530779,Payment,90953.71,INR,FAILED,Branch
T0000053,A000422,2025-02-03 18:43:24.530779,Withdrawal,54318.13,INR,SUCCESS,Mobile
T0000054,A000745,2026-07-27 21:57:42.530779,Payment,137096.56,INR,FAILED,ATM
T0000055,A000438,2026-07-11 10:36:10.530779,Payment,35418.74,INR,SUCCESS,Branch
T0000056,A000845,2025-07-24 22:08:00.530779,Deposit,49932.5,INR,FAILED,Mobile
T0000057,A001060,2026-07-27 13:25:14.530779,Payment,45160.78,INR,FAILED,Online
T0000058,A000791,2026-08-31 06:56:45.530779,Fee,166781.68,INR,FAILED,Mobile
T0000059,A001178,2026-07-08 14:03:39.530779,Withdrawal,37755.75,INR,FAILED,Branch
T0000060,A000997,2025-05-29 04:10:57.530779,Transfer,152628.48,INR,PENDING,Online
T0000061,A000134,2026-08-13 02:57:47.530779,Deposit,5464.37,INR,SUCCESS,ATM
T0000062,A000731,2024-12-21 10:50:09.530779,Withdrawal,185921.72,INR,SUCCESS,ATM
T0000063,A001277,2024-11-26 12:38:36.530779,Transfer,145903.79,INR,FAILED,Branch
T0000064,A000594,2025-09-01 05:48:31.530779,Transfer,25464.72,INR,PENDING,Mobile
T0000065,A000851,2025-02-22 05:22:23.530779,Deposit,133123.06,INR,PENDING,Branch
T0000066,A001132,2025-03-01 19:52:43.530779,Interest,117444.96,INR,FAILED,Mobile
T0000067,A000912,2025-01-14 04:46:06.530779,Deposit,188942.81,INR,SUCCESS,Branch
T0000068,A000977,2026-01-17 13:14:29.530779,Withdrawal,191807.81,INR,PENDING,ATM
T0000069,A001172,2025-12-15 20:43:27.530779,Withdrawal,111888.62,INR,SUCCESS,Branch
T0000070,A000705,2026-08-08 20:03:54.530779,Transfer,246955.04,INR,FAILED,Online
T0000071,A001279,2025-03-20 04:20:32.530779,Transfer,169375.55,INR,SUCCESS,Online
T0000072,A001299,2026-08-05 06:36:23.530779,Transfer,73158.13,INR,SUCCESS,ATM
T0000073,A000033,2026-05-30 17:26:32.530779,Fee,222772.82,INR,FAILED,Mobile
T0000074,A000394,2025-09-28 08:37:48.530779,Fee,70133.44,INR,PENDING,Online
T0000075,A000342,2026-02-03 11:01:40.530779,Deposit,162386.34,INR,PENDING,ATM
T0000076,A000887,2025-06-16 15:46:27.530779,Transfer,10209.89,INR,PENDING,Branch
T0000077,A000682,2026-07-27 02:21:02.530779,Fee,7940.31,INR,PENDING,Online
T0000078,A000620,2026-04-30 00:07:43.530779,Payment,49990.63,INR,FAILED,Branch
T0000079,A001424,2025-10-22 00:44:21.530779,Interest,67643.89,INR,FAILED,ATM
T0000080,A000870,2025-09-30 18:05:30.530779,Payment,176849.4,INR,SUCCESS,ATM
T0000081,A000396,2025-06-14 19:32:26.530779,Payment,70482.12,INR,SUCCESS,Branch
T0000082,A001365,2026-08-08 02:30:59.530779,Transfer,215383.64,INR,SUCCESS,Online
T0000083,A000498,2025-01-29 03:19:36.530779,Deposit,44359.09,INR,SUCCESS,Mobile
T0000084,A000179,2026-04-28 08:03:21.530779,Deposit,2510.35,INR,SUCCESS,ATM
T0000085,A000320,2026-06-14 01:59:30.530779,Fee,156568.98,INR,FAILED,ATM
T0000086,A001255,2026-08-01 03:16:56.530779,Deposit,14135.99,INR,SUCCESS,Mobile
T0000087,A000188,2024-12-12 06:11:08.530779,Interest,237852.84,INR,SUCCESS,Branch
T0000088,A000431,2026-08-23 07:54:54.530779,Deposit,179273.1,INR,FAILED,ATM
T0000089,A000395,2026-06-22 18:42:05.530779,Payment,204405.98,INR,PENDING,Branch
T0000090,A000961,2026-06-01 06:12:12.530779,Transfer,182918.03,INR,PENDING,Online
T0000091,A001040,2025-12-17 06:09:43.530779,Deposit,19981.62,INR,SUCCESS,ATM
T0000092,A001179,2025-02-14 19:09:45.530779,Withdrawal,175021.76,INR,PENDING,Online
T0000093,A000659,2025-03-31 06:14:21.530779,Withdrawal,40689.65,INR,PENDING,ATM
T0000094,A001038,2026-05-28 14:26:23.530779,Interest,71422.21,INR,FAILED,ATM
T0000095,A001087,2025-09-08 08:11:43.530779,Deposit,163745.06,INR,PENDING,ATM
T0000096,A000133,2025-07-05 05:18:02.530779,Deposit,15789.47,INR,FAILED,Online
T0000097,A000164,2026-06-16 15:05:18.530779,Interest,191132.01,INR,PENDING,Branch
T0000098,A000653,2024-10-02 02:38:29.530779,Fee,192869.39,INR,FAILED,Online
T0000099,A001490,2026-04-25 08:59:03.530779,Transfer,112751.66,INR,PENDING,Branch
T0000100,A000615,2025-10-04 17:37:21.530779,Payment,78437.32,INR,PENDING,Mobile
T0000001,A000350,2025-05-11 20:48:34.530779,Deposit,172747.07,INR,FAILED,Branch
T0000002,A000826,2026-01-05 11:14:20.530779,Payment,217183.71,INR,FAILED,Branch
T0000003,A000790,2025-02-23 04:36:08.530779,Payment,237413.56,INR,SUCCESS,ATM
T0000004,A000306,2025-10-15 22:26:47.530779,Payment,91490.94,INR,FAILED,Mobile
T0000005,A000377,2025-02-21 21:01:02.530779,Withdrawal,23802.07,INR,FAILED,Branch
T0000106,A000691,2025-02-20 09:17:31.530779,Withdrawal,5518.0,INR,FAILED,Mobile
T0000107,A000569,2025-07-27 19:25:46.530779,Withdrawal,47567.52,INR,PENDING,Branch
T0000108,A000328,2025-12-07 15:16:15.530779,Payment,242278.07,INR,SUCCESS,ATM
T0000109,A000663,2025-01-06 01:51:54.530779,Interest,119227.39,INR,FAILED,Mobile
T0000110,A001013,2025-05-18 18:19:00.530779,Withdrawal,104144.72,INR,SUCCESS,ATM
T0000111,A000694,2026-06-28 05:12:13.530779,Interest,77721.92,INR,PENDING,Branch
T0000112,A001227,2026-06-08 03:51:55.530779,Withdrawal,132456.22,INR,FAILED,ATM
T0000113,A000757,2026-08-26 04:05:39.530779,Fee,242610.63,INR,SUCCESS,Online
T0000114,A000855,2025-12-21 12:54:02.530779,Withdrawal,52443.05,INR,FAILED,Mobile
T0000115,A000976,2025-08-06 22:30:27.530779,Transfer,138793.44,INR,PENDING,ATM
T0000116,A000261,2026-09-05 06:30:22.530779,Transfer,195420.62,INR,PENDING,Mobile
T0000117,A001249,2026-09-15 21:00:49.530779,Withdrawal,203349.14,INR,SUCCESS,Branch
T0000118,A000040,2026-04-19 16:31:56.530779,Transfer,127789.02,INR,SUCCESS,Branch
T0000119,A000659,2025-02-18 22:08:02.530779,Deposit,132355.97,INR,FAILED,ATM
T0000120,A000798,2024-11-27 15:47:39.530779,Withdrawal,197841.27,INR,FAILED,Mobile
T0000121,A000971,2025-09-27 01:34:41.530779,Withdrawal,55911.0,INR,SUCCESS,ATM
T0000122,A000989,2025-09-19 22:01:35.530779,Fee,36615.44,INR,FAILED,ATM
T0000123,A001239,2026-01-29 10:52:03.530779,Fee,50094.58,INR,PENDING,Mobile
T0000124,A000247,2026-05-24 21:27:34.530779,Transfer,183381.64,INR,PENDING,Mobile
T0000125,A000579,2026-03-10 17:47:02.530779,Withdrawal,197698.26,INR,FAILED,Online
T0000126,A000419,2025-07-22 08:55:53.530779,Withdrawal,74096.23,INR,SUCCESS,Branch
T0000127,A000953,2024-12-09 12:51:02.530779,Withdrawal,111726.61,INR,FAILED,Mobile
T0000128,A000644,2026-05-21 15:35:59.530779,Deposit,234232.05,INR,FAILED,ATM
T0000129,A000929,2025-04-10 21:30:45.530779,Transfer,40808.98,INR,SUCCESS,ATM
T0000130,A000108,2024-10-07 03:56:26.530779,Transfer,138188.52,INR,FAILED,Mobile
T0000131,A001127,2025-08-08 13:05:00.530779,Deposit,157259.7,INR,PENDING,ATM
T0000132,A000669,2025-10-30 05:54:35.530779,Fee,209034.72,INR,SUCCESS,ATM
T0000133,A001165,2025-08-17 20:01:21.530779,Deposit,220826.58,INR,SUCCESS,Mobile
T0000134,A000140,2026-02-10 01:45:17.530779,Withdrawal,37977.32,INR,PENDING,Mobile
T0000135,A000738,2025-05-18 02:46:25.530779,Transfer,84605.7,INR,FAILED,ATM
T0000136,A000821,2024-11-30 17:21:32.530779,Fee,15631.4,INR,FAILED,Branch
T0000137,A001123,2026-09-01 05:04:19.530779,Deposit,203609.6,INR,FAILED,Mobile
T0000138,A000466,2025-01-16 08:55:22.530779,Withdrawal,14222.89,INR,PENDING,Online
T0000139,A001429,2024-11-12 22:50:11.530779,Withdrawal,119725.44,INR,SUCCESS,Mobile
T0000140,A000282,2025-05-16 04:59:10.530779,Fee,79932.81,INR,FAILED,Branch
T0000141,A000594,2024-10-09 18:00:24.530779,Payment,5975.93,INR,PENDING,Branch
T0000142,A000083,2026-04-06 01:54:12.530779,Withdrawal,147458.2,INR,SUCCESS,Mobile
T0000143,A000015,2026-05-09 17:19:22.530779,Transfer,175485.87,INR,PENDING,ATM
T0000144,A000814,2026-02-23 05:24:24.530779,Withdrawal,38148.74,INR,SUCCESS,ATM
T0000145,A000767,2025-06-19 19:40:55.530779,Fee,97166.1,INR,SUCCESS,ATM
T0000146,A000670,2025-08-28 06:33:25.530779,Transfer,98218.85,INR,PENDING,ATM
T0000147,A000913,2025-12-26 00:28:42.530779,Fee,241936.92,INR,PENDING,Branch
T0000148,A000231,2025-04-17 06:09:31.530779,Deposit,96924.27,INR,SUCCESS,Mobile
T0000149,A000612,2025-04-12 20:11:23.530779,Interest,168584.16,INR,PENDING,ATM
T0000150,A000112,2025-09-24 16:18:53.530779,Interest,156566.8,INR,PENDING,ATM
T0000151,A000049,2025-04-30 18:02:15.530779,Transfer,3188.85,INR,SUCCESS,ATM
T0000152,A001475,2025-04-19 17:37:07.530779,Payment,180020.32,INR,FAILED,Branch
T0000153,A001007,2026-05-29 05:26:45.530779,Payment,140251.38,INR,FAILED,Mobile
T0000154,A000220,2024-12-08 21:52:13.530779,Deposit,213185.08,INR,PENDING,Online
T0000155,A000001,2024-10-01 09:24:49.530779,Transfer,111320.65,INR,PENDING,Mobile
T0000156,A000754,2024-12-28 01:22:42.530779,Withdrawal,161478.45,INR,FAILED,ATM
T0000157,A000856,2024-12-06 09:37:22.530779,Interest,5696.39,INR,SUCCESS,Online
T0000158,A000539,2025-07-26 04:35:36.530779,Payment,232538.42,INR,SUCCESS,Online
T0000159,A000976,2026-07-03 00:32:05.530779,Withdrawal,3684.57,INR,SUCCESS,Mobile
T0000160,A001424,2025-12-30 20:32:17.530779,Fee,68356.33,INR,SUCCESS,Branch
T0000161,A000442,2024-11-23 05:00:37.530779,Deposit,99444.98,INR,FAILED,Online
T0000162,A000886,2024-10-28 17:32:23.530779,Payment,103164.82,INR,SUCCESS,Online
T0000163,A000576,2026-07-24 01:43:23.530779,Interest,70463.99,INR,FAILED,Mobile
T0000164,A001375,2025-06-20 00:19:04.530779,Transfer,240801.08,INR,SUCCESS,Mobile
T0000165,A000004,2026-08-27 15:44:23.530779,Interest,11126.36,INR,PENDING,Branch
T0000166,A000475,2026-04-15 17:12:57.530779,Interest,212129.3,INR,SUCCESS,ATM
T0000167,A001225,2025-09-27 02:38:53.530779,Transfer,114118.75,INR,FAILED,Mobile
T0000168,A000761,2025-10-07 23:24:29.530779,Interest,137800.91,INR,SUCCESS,ATM
T0000169,A000834,2026-07-06 12:03:19.530779,Withdrawal,145094.93,INR,FAILED,Branch
T0000170,A000303,2025-09-10 10:04:36.530779,Interest,187939.64,INR,FAILED,Branch
T0000171,A000178,2025-09-23 15:08:50.530779,Fee,63374.76,INR,SUCCESS,ATM
T0000172,A000956,2025-09-22 22:55:47.530779,Payment,188450.46,INR,PENDING,Mobile
T0000173,A001038,2024-11-02 11:56:02.530779,Interest,36348.12,INR,FAILED,Mobile
T0000174,A000422,2026-04-30 04:30:32.530779,Interest,99147.91,INR,FAILED,Online
T0000175,A000086,2026-02-15 19:14:07.530779,Fee,26043.45,INR,SUCCESS,ATM
T0000176,A000465,2026-04-06 05:25:32.530779,Interest,177467.27,INR,FAILED,Branch
T0000177,A001499,2025-01-17 11:16:47.530779,Transfer,137157.83,INR,FAILED,Branch
T0000178,A000720,2025-05-02 20:26:16.530779,Interest,102058.81,INR,SUCCESS,Mobile
T0000179,A000930,2026-07-07 22:52:22.530779,Withdrawal,208603.89,INR,SUCCESS,Online
T0000180,A001015,2026-02-18 03:21:14.530779,Withdrawal,228969.34,INR,PENDING,ATM
T0000181,A000621,2025-05-25 14:12:55.530779,Withdrawal,135537.52,INR,SUCCESS,Mobile
T0000182,A000064,2024-10-14 00:01:10.530779,Transfer,30356.78,INR,SUCCESS,Online
T0000183,A000927,2024-11-27 08:39:23.530779,Deposit,105537.19,INR,FAILED,Branch
T0000184,A000615,2024-09-30 21:11:08.530779,Transfer,96998.05,INR,SUCCESS,ATM
T0000185,A001208,2025-12-02 21:58:32.530779,Payment,158841.38,INR,PENDING,Online
T0000186,A000065,2026-08-16 17:19:05.530779,Payment,79976.0,INR,SUCCESS,ATM
T0000187,A000786,2026-09-07 16:40:20.530779,Fee,192469.87,INR,FAILED,ATM
T0000188,A000056,2026-08-22 17:16:50.530779,Payment,9764.03,INR,FAILED,Online
T0000189,A001114,2026-01-19 08:36:35.530779,Deposit,20832.87,INR,PENDING,Online
T0000190,A000691,2025-12-29 13:15:32.530779,Withdrawal,150941.82,INR,FAILED,Online
T0000191,A001132,2025-08-16 10:42:32.530779,Interest,213675.08,INR,SUCCESS,Branch
T0000192,A001401,2024-12-25 23:48:14.530779,Withdrawal,148397.92,INR,PENDING,Online
T0000193,A000142,2026-02-20 15:36:37.530779,Fee,45390.2,INR,FAILED,Branch
T0000194,A001484,2026-03-22 23:13:47.530779,Deposit,63375.76,INR,SUCCESS,Branch
T0000195,A000601,2025-03-17 15:52:33.530779,Withdrawal,10050.14,INR,PENDING,ATM
T0000196,A001407,2025-11-30 03:25:20.530779,Withdrawal,242144.34,INR,SUCCESS,Mobile
T0000197,A000511,2026-01-26 17:07:58.530779,Deposit,96887.19,INR,PENDING,Mobile
T0000198,A000620,2025-10-10 01:01:35.530779,Withdrawal,55933.32,INR,PENDING,Branch
T0000199,A001436,2025-05-12 15:37:08.530779,Deposit,25474.28,INR,SUCCESS,Mobile
T0000200,A000049,2026-06-01 19:55:08.530779,Payment,124086.8,INR,PENDING,Branch
T0000201,A001421,2024-10-11 18:33:00.530779,Transfer,-5000.0,INR,SUCCESS,Branch
T0000202,A000572,2026-01-18 00:39:00.530779,Payment,-5000.0,INR,FAILED,Online
T0000203,A000539,2024-11-25 02:36:20.530779,Interest,-5000.0,INR,FAILED,Mobile
T0000204,A000050,2025-02-07 03:50:06.530779,Withdrawal,-5000.0,INR,SUCCESS,Mobile
T0000205,A000765,2025-12-20 19:18:19.530779,Fee,-5000.0,INR,SUCCESS,Mobile
T0000206,A000238,2026-05-09 14:28:31.530779,Fee,10034.97,INR,SUCCESS,Mobile
T0000207,A001437,2025-07-24 04:16:45.530779,Payment,2897.29,INR,SUCCESS,Online
T0000208,A001364,2025-01-13 18:31:40.530779,Transfer,146434.66,INR,SUCCESS,ATM
T0000209,A000500,2025-02-07 11:03:46.530779,Payment,200326.2,INR,SUCCESS,Branch
T0000210,A000439,2026-01-22 16:51:33.530779,Deposit,43187.25,INR,PENDING,Online
T0000211,A001045,2025-02-16 04:03:05.530779,Withdrawal,215310.25,INR,SUCCESS,Branch
T0000212,A001160,2026-02-27 02:04:19.530779,Withdrawal,61842.25,INR,FAILED,ATM
T0000213,A000833,2025-05-08 08:59:07.530779,Deposit,188117.5,INR,SUCCESS,ATM
T0000214,A000395,2025-10-29 00:26:11.530779,Interest,181651.16,INR,FAILED,Branch
T0000215,A000461,2025-12-24 21:30:31.530779,Interest,226886.22,INR,FAILED,Branch
T0000216,A000323,2026-07-13 22:33:40.530779,Withdrawal,149784.81,INR,FAILED,Branch
T0000217,A001229,2024-12-05 15:11:05.530779,Deposit,104387.38,INR,PENDING,Online
T0000218,A001314,2026-09-11 04:43:44.530779,Deposit,92443.33,INR,FAILED,ATM
T0000219,A000700,2026-01-08 23:06:03.530779,Transfer,209097.49,INR,PENDING,ATM
T0000220,A001048,2025-08-01 16:32:17.530779,Payment,96584.85,INR,PENDING,Mobile
T0000221,A000187,2026-01-13 11:42:06.530779,Interest,122469.92,INR,FAILED,Online
T0000222,A000550,2025-06-04 22:20:05.530779,Transfer,218700.4,INR,PENDING,Mobile
T0000223,A000491,2025-08-06 11:13:53.530779,Fee,47897.52,INR,FAILED,Mobile
T0000224,A001385,2025-08-29 18:16:37.530779,Payment,69702.68,INR,PENDING,Branch
T0000225,A000386,2026-08-06 23:25:36.530779,Fee,222648.54,INR,SUCCESS,ATM
T0000226,A001460,2025-04-02 12:35:25.530779,Fee,138270.51,INR,SUCCESS,Branch
T0000227,A000356,2026-05-08 18:21:57.530779,Deposit,181175.72,INR,FAILED,Mobile
T0000228,A001298,2025-04-18 21:12:23.530779,Transfer,45851.15,INR,PENDING,Branch
T0000229,A000803,2025-10-08 08:22:20.530779,Payment,179288.66,INR,PENDING,Branch
T0000230,A000300,2026-03-24 11:51:32.530779,Transfer,151535.34,INR,FAILED,Online
T0000231,A000806,2025-10-10 19:28:44.530779,Deposit,16729.95,INR,FAILED,Branch
T0000232,A001196,2025-12-29 19:28:39.530779,Transfer,127828.49,INR,FAILED,Mobile
T0000233,A000876,2025-06-19 01:17:08.530779,Interest,245426.0,INR,PENDING,Online
T0000234,A000793,2026-01-20 15:20:46.530779,Transfer,29949.25,INR,SUCCESS,Online
T0000235,A000085,2025-09-25 01:24:48.530779,Deposit,69411.27,INR,PENDING,ATM
T0000236,A001407,2025-01-28 02:55:13.530779,Payment,51302.7,INR,PENDING,Online
T0000237,A000692,2024-09-30 03:29:10.530779,Fee,179921.03,INR,FAILED,Branch
T0000238,A000452,2025-05-24 07:49:15.530779,Fee,150954.96,INR,FAILED,ATM
T0000239,A000048,2025-05-20 04:57:09.530779,Fee,146071.59,INR,SUCCESS,Mobile
T0000240,A001110,2025-10-17 06:49:31.530779,Fee,4458.4,INR,SUCCESS,Online
T0000241,A000553,2026-04-27 21:47:20.530779,Payment,31228.36,INR,SUCCESS,Branch
T0000242,A000942,2025-05-04 08:14:27.530779,Fee,41494.08,INR,SUCCESS,Mobile
T0000243,A000007,2025-07-03 03:20:20.530779,Withdrawal,167823.28,INR,FAILED,Branch
T0000244,A000476,2025-12-20 07:11:54.530779,Deposit,211835.82,INR,FAILED,Branch
T0000245,A000788,2025-12-17 04:54:16.530779,Fee,187698.48,INR,SUCCESS,ATM
T0000246,A000895,2025-04-18 17:19:29.530779,Fee,85637.95,INR,SUCCESS,Branch
T0000247,A000795,2026-02-21 21:50:37.530779,Payment,151677.83,INR,FAILED,Mobile
T0000248,A001231,2026-09-10 02:14:44.530779,Interest,170851.28,INR,SUCCESS,Branch
T0000249,A000644,2025-04-20 07:21:49.530779,Transfer,101335.06,INR,SUCCESS,ATM
T0000250,A001230,2025-05-14 13:14:39.530779,Payment,240167.7,INR,PENDING,Mobile
T0000251,A000927,2026-07-12 01:47:04.530779,Interest,200045.15,INR,FAILED,ATM
T0000252,A000042,2025-09-23 13:17:59.530779,Payment,109129.33,INR,FAILED,Branch
T0000253,A000523,2024-12-20 15:21:10.530779,Transfer,57216.35,INR,FAILED,ATM
T0000254,A000346,2026-01-23 05:11:07.530779,Withdrawal,213426.37,INR,PENDING,Mobile
T0000255,A000747,2024-10-27 13:19:01.530779,Deposit,190201.49,INR,SUCCESS,Mobile
T0000256,A001425,2024-12-23 21:50:13.530779,Fee,12611.26,INR,SUCCESS,ATM
T0000257,A000601,2025-12-27 04:51:18.530779,Withdrawal,214639.21,INR,FAILED,Mobile
T0000258,A000639,2025-05-12 14:20:14.530779,Withdrawal,130174.94,INR,SUCCESS,Online
T0000259,A001173,2026-06-17 01:19:39.530779,Interest,195796.88,INR,PENDING,Mobile
T0000260,A000964,2025-07-12 19:22:44.530779,Payment,223741.01,INR,SUCCESS,Online
T0000261,A001460,2025-04-08 21:22:13.530779,Deposit,16938.79,INR,SUCCESS,ATM
T0000262,A000255,2025-03-22 18:52:11.530779,Payment,138404.32,INR,FAILED,Mobile
T0000263,A000383,2025-02-23 18:51:32.530779,Withdrawal,196748.4,INR,FAILED,Mobile
T0000264,A000043,2025-06-25 18:06:57.530779,Fee,126176.99,INR,SUCCESS,Branch
T0000265,A000100,2025-02-05 05:30:34.530779,Payment,39061.76,INR,SUCCESS,Mobile
T0000266,A001176,2026-06-05 12:47:53.530779,Transfer,115655.06,INR,FAILED,Mobile
T0000267,A001462,2026-09-17 03:25:46.530779,Withdrawal,40605.52,INR,PENDING,Online
T0000268,A000279,2024-11-27 13:10:14.530779,Deposit,71871.9,INR,PENDING,Branch
T0000269,A001128,2026-08-14 13:48:40.530779,Fee,181586.11,INR,PENDING,Branch
T0000270,A000725,2026-07-14 18:20:57.530779,Fee,144410.22,INR,PENDING,Branch
T0000271,A000835,2025-06-04 18:29:17.530779,Withdrawal,125837.82,INR,FAILED,Mobile
T0000272,A000151,2024-10-27 06:57:42.530779,Fee,248679.18,INR,FAILED,Online
T0000273,A000784,2026-05-31 14:26:40.530779,Payment,74949.54,INR,SUCCESS,ATM
T0000274,A000033,2026-01-31 06:39:49.530779,Withdrawal,108940.83,INR,PENDING,Mobile
T0000275,A000287,2025-12-24 20:55:33.530779,Interest,198460.76,INR,FAILED,Mobile
T0000276,A000466,2025-02-12 00:01:31.530779,Payment,63304.7,INR,FAILED,Branch
T0000277,A000761,2026-09-19 16:22:00.530779,Withdrawal,115878.5,INR,FAILED,Online
T0000278,A001311,2025-05-29 04:43:40.530779,Deposit,73924.98,INR,SUCCESS,ATM
T0000279,A001339,2026-01-09 13:30:11.530779,Payment,19623.06,INR,FAILED,ATM
T0000280,A000978,2026-02-26 19:30:45.530779,Deposit,233500.9,INR,FAILED,Online
T0000281,A000397,2025-09-15 11:29:49.530779,Transfer,230504.12,INR,SUCCESS,Online
T0000282,A001457,2025-01-01 04:44:33.530779,Fee,67475.19,INR,SUCCESS,Mobile
T0000283,A000761,2026-06-27 18:24:05.530779,Deposit,112144.83,INR,FAILED,Branch
T0000284,A000669,2025-09-10 22:04:01.530779,Transfer,92055.09,INR,PENDING,Online
T0000285,A000888,2025-12-12 17:10:44.530779,Fee,9135.36,INR,PENDING,Online
T0000286,A000677,2025-02-24 13:11:20.530779,Interest,178596.37,INR,PENDING,ATM
T0000287,A000403,2025-02-14 04:36:24.530779,Deposit,154256.9,INR,FAILED,Branch
T0000288,A000091,2025-05-03 00:57:15.530779,Transfer,3127.47,INR,SUCCESS,Mobile
T0000289,A000397,2025-11-22 20:09:23.530779,Payment,199887.97,INR,SUCCESS,Branch
T0000290,A000523,2026-04-03 20:06:58.530779,Withdrawal,241.69,INR,SUCCESS,Mobile
T0000291,A001490,2024-10-28 09:05:45.530779,Payment,196774.34,INR,SUCCESS,Branch
T0000292,A000234,2025-03-08 17:23:46.530779,Deposit,167387.34,INR,FAILED,ATM
T0000293,A001182,2026-01-13 08:49:32.530779,Fee,137026.55,INR,PENDING,ATM
T0000294,A001079,2026-06-28 11:19:04.530779,Withdrawal,166971.19,INR,PENDING,ATM
T0000295,A000464,2026-05-21 08:21:36.530779,Deposit,108524.95,INR,FAILED,ATM
T0000296,A001022,2026-02-23 10:22:21.530779,Interest,247829.09,INR,SUCCESS,ATM
T0000297,A000304,2025-06-10 03:18:23.530779,Fee,55983.94,INR,SUCCESS,Mobile
T0000298,A000202,2026-01-08 05:00:32.530779,Interest,135598.1,INR,FAILED,Branch
T0000299,A001161,2025-11-03 14:41:42.530779,Transfer,74841.22,INR,SUCCESS,Mobile
T0000300,A001358,2026-06-20 16:56:53.530779,Deposit,193764.01,INR,SUCCESS,Branch
T0000301,A99990,2025-11-09 15:09:50.530779,Payment,118346.22,INR,SUCCESS,ATM
T0000302,A99991,2025-10-04 03:44:01.530779,Withdrawal,121681.34,INR,FAILED,Branch
T0000303,A99992,2026-05-15 07:13:18.530779,Payment,212377.57,INR,FAILED,Mobile
T0000304,A99993,2026-06-07 05:25:58.530779,Withdrawal,149535.74,INR,PENDING,Branch
T0000305,A99994,2024-12-13 03:05:38.530779,Deposit,199068.96,INR,SUCCESS,Mobile
T0000306,A001009,2026-03-27 15:01:54.530779,Deposit,233600.13,INR,PENDING,Mobile
T0000307,A000966,2024-11-10 23:30:18.530779,Withdrawal,8267.89,INR,FAILED,ATM
T0000308,A001365,2026-08-16 12:26:10.530779,Fee,21971.3,INR,SUCCESS,ATM
T0000309,A000080,2025-08-24 03:04:08.530779,Fee,20678.21,INR,SUCCESS,Online
T0000310,A000801,2025-04-04 05:36:58.530779,Payment,26973.86,INR,PENDING,ATM
T0000311,A000147,2026-06-12 18:35:00.530779,Fee,71182.77,INR,SUCCESS,Branch
T0000312,A000323,2026-06-02 08:53:41.530779,Interest,194041.18,INR,PENDING,Online
T0000313,A000459,2026-02-10 21:30:38.530779,Interest,70995.89,INR,FAILED,ATM
T0000314,A001424,2026-08-01 05:21:24.530779,Payment,202586.67,INR,FAILED,ATM
T0000315,A001446,2025-07-17 23:13:19.530779,Payment,104550.6,INR,SUCCESS,ATM
T0000316,A000432,2026-08-03 11:19:14.530779,Withdrawal,115375.56,INR,PENDING,Mobile
T0000317,A000121,2024-10-27 02:19:19.530779,Fee,218797.89,INR,SUCCESS,Online
T0000318,A000306,2025-12-23 04:01:14.530779,Interest,18453.19,INR,FAILED,ATM
T0000319,A001472,2026-05-06 08:08:24.530779,Payment,108890.18,INR,SUCCESS,ATM
T0000320,A000970,2026-09-16 07:04:00.530779,Interest,8555.65,INR,SUCCESS,Branch
T0000321,A000136,2025-04-04 11:59:36.530779,Deposit,7941.74,INR,FAILED,Branch
T0000322,A000950,2025-03-30 17:32:48.530779,Interest,241641.48,INR,PENDING,ATM
T0000323,A000670,2025-12-24 04:16:04.530779,Interest,241677.61,INR,FAILED,ATM
T0000324,A000016,2026-04-23 06:07:37.530779,Withdrawal,238576.96,INR,FAILED,Online
T0000325,A000304,2026-01-31 11:36:35.530779,Deposit,221066.36,INR,SUCCESS,Branch
T0000326,A001477,2025-07-01 06:47:35.530779,Withdrawal,104525.76,INR,SUCCESS,ATM
T0000327,A001260,2026-09-18 11:54:57.530779,Transfer,84361.24,INR,SUCCESS,Branch
T0000328,A000433,2026-02-15 06:46:23.530779,Withdrawal,83196.23,INR,PENDING,ATM
T0000329,A001083,2026-03-17 13:39:13.530779,Fee,153154.7,INR,PENDING,Mobile
T0000330,A000932,2025-12-09 00:51:52.530779,Interest,147784.69,INR,FAILED,Branch
T0000331,A000682,2024-11-04 09:47:13.530779,Deposit,101893.34,INR,PENDING,Online
T0000332,A000950,2026-01-18 14:37:14.530779,Fee,143017.22,INR,FAILED,Mobile
T0000333,A000615,2025-12-24 09:03:59.530779,Interest,213055.96,INR,SUCCESS,ATM
T0000334,A000009,2025-10-29 09:05:27.530779,Fee,57382.29,INR,SUCCESS,Branch
T0000335,A000005,2025-05-22 13:52:57.530779,Payment,12036.16,INR,SUCCESS,ATM
T0000336,A000854,2026-03-22 19:19:41.530779,Deposit,125487.78,INR,PENDING,ATM
T0000337,A001018,2026-05-27 01:17:35.530779,Fee,53432.3,INR,PENDING,ATM
T0000338,A000797,2025-01-16 07:58:45.530779,Fee,181457.73,INR,SUCCESS,Mobile
T0000339,A000164,2024-10-04 15:04:00.530779,Transfer,161746.06,INR,FAILED,Online
T0000340,A001498,2024-12-30 04:09:28.530779,Transfer,42338.76,INR,FAILED,ATM
T0000341,A000874,2025-11-19 05:19:20.530779,Withdrawal,182317.53,INR,FAILED,Online
T0000342,A001111,2025-07-12 10:41:50.530779,Interest,137215.3,INR,SUCCESS,Online
T0000343,A000007,2025-02-26 03:51:02.530779,Withdrawal,16588.97,INR,FAILED,Mobile
T0000344,A000692,2025-01-14 15:51:36.530779,Deposit,125165.72,INR,PENDING,Branch
T0000345,A000986,2026-02-25 03:52:28.530779,Interest,153630.06,INR,SUCCESS,ATM
T0000346,A000362,2024-12-23 12:17:24.530779,Payment,201669.81,INR,PENDING,ATM
T0000347,A000177,2024-10-08 22:00:54.530779,Deposit,40656.8,INR,FAILED,Mobile
T0000348,A000398,2026-03-08 18:54:03.530779,Payment,247779.27,INR,PENDING,ATM
T0000349,A000798,2024-10-20 11:48:53.530779,Payment,25981.99,INR,PENDING,Branch
T0000350,A000390,2025-04-25 05:31:42.530779,Fee,159408.56,INR,PENDING,Online
T0000351,A001013,2025-05-10 23:21:02.530779,Fee,192732.67,INR,FAILED,ATM
T0000352,A000408,2026-07-09 12:51:33.530779,Deposit,9191.23,INR,SUCCESS,Online
T0000353,A000036,2026-04-27 12:22:10.530779,Interest,233486.62,INR,PENDING,ATM
T0000354,A000646,2025-11-18 23:41:59.530779,Payment,21397.79,INR,SUCCESS,Online
T0000355,A000970,2026-05-20 04:22:20.530779,Payment,138440.91,INR,PENDING,ATM
T0000356,A000067,2025-01-20 22:10:57.530779,Interest,79335.02,INR,FAILED,Branch
T0000357,A000219,2025-07-17 00:50:48.530779,Deposit,234768.25,INR,PENDING,Mobile
T0000358,A000778,2026-09-02 08:49:58.530779,Withdrawal,70238.95,INR,FAILED,Online
T0000359,A000154,2026-03-17 12:40:27.530779,Payment,77165.44,INR,FAILED,Branch
T0000360,A000584,2024-10-13 00:22:52.530779,Transfer,46275.56,INR,SUCCESS,Mobile
T0000361,A001228,2026-03-11 21:22:49.530779,Deposit,90696.79,INR,SUCCESS,ATM
T0000362,A000254,2025-08-27 11:01:06.530779,Withdrawal,144145.2,INR,PENDING,Online
T0000363,A000567,2025-05-15 01:12:57.530779,Transfer,210382.65,INR,PENDING,Online
T0000364,A001183,2026-09-19 19:24:55.530779,Interest,136561.55,INR,PENDING,ATM
T0000365,A000084,2024-12-31 14:07:32.530779,Transfer,229717.69,INR,FAILED,Online
T0000366,A000552,2026-07-25 11:33:46.530779,Interest,13108.16,INR,SUCCESS,Online
T0000367,A000219,2026-05-14 23:34:30.530779,Payment,10726.96,INR,FAILED,Branch
T0000368,A000542,2026-03-28 03:19:15.530779,Withdrawal,147754.38,INR,PENDING,Mobile
T0000369,A000345,2024-12-12 11:35:31.530779,Withdrawal,162156.59,INR,PENDING,Online
T0000370,A000964,2026-06-27 00:02:32.530779,Withdrawal,182214.29,INR,SUCCESS,Mobile
T0000371,A000489,2026-08-19 17:59:10.530779,Payment,1421.09,INR,PENDING,ATM
T0000372,A001009,2026-05-03 06:15:27.530779,Fee,59554.13,INR,FAILED,Mobile
T0000373,A000395,2026-06-09 13:34:18.530779,Fee,73247.31,INR,SUCCESS,Branch
T0000374,A001185,2026-05-17 14:24:46.530779,Transfer,67413.12,INR,PENDING,Online
T0000375,A000523,2026-09-13 14:43:44.530779,Interest,151353.45,INR,SUCCESS,Online
T0000376,A000392,2025-11-09 20:56:14.530779,Interest,63308.76,INR,SUCCESS,Mobile
T0000377,A000246,2026-07-08 20:33:13.530779,Interest,62270.16,INR,PENDING,Online
T0000378,A000096,2025-05-14 08:31:52.530779,Interest,18142.59,INR,FAILED,Mobile
T0000379,A000231,2025-05-01 09:29:52.530779,Fee,804.13,INR,SUCCESS,Online
T0000380,A000847,2026-09-01 23:55:48.530779,Deposit,85405.11,INR,FAILED,Mobile
T0000381,A000253,2025-02-17 23:01:14.530779,Transfer,81345.39,INR,FAILED,Branch
T0000382,A001394,2026-07-27 18:19:13.530779,Transfer,110908.6,INR,SUCCESS,Mobile
T0000383,A000724,2025-04-19 13:35:59.530779,Withdrawal,217500.77,INR,PENDING,Mobile
T0000384,A000561,2026-02-03 17:13:47.530779,Payment,12328.46,INR,SUCCESS,Branch
T0000385,A000126,2026-01-07 05:12:13.530779,Deposit,187106.25,INR,PENDING,ATM
T0000386,A000227,2025-04-16 14:28:50.530779,Transfer,35260.4,INR,FAILED,Mobile
T0000387,A000970,2025-11-29 23:55:49.530779,Fee,16417.23,INR,FAILED,ATM
T0000388,A000460,2025-07-27 22:53:08.530779,Payment,50310.91,INR,FAILED,Branch
T0000389,A000329,2025-10-24 09:14:47.530779,Payment,55219.36,INR,SUCCESS,Online
T0000390,A000996,2025-05-18 22:55:15.530779,Payment,54796.34,INR,PENDING,Mobile
T0000391,A001478,2025-01-10 09:10:29.530779,Transfer,130554.86,INR,PENDING,Online
T0000392,A001058,2025-06-25 23:23:48.530779,Transfer,186626.09,INR,SUCCESS,Online
T0000393,A000495,2026-04-23 03:19:45.530779,Transfer,63099.48,INR,SUCCESS,Mobile
T0000394,A001083,2026-06-24 17:31:32.530779,Deposit,37359.17,INR,SUCCESS,ATM
T0000395,A000860,2026-08-27 19:35:42.530779,Fee,85389.93,INR,FAILED,Mobile
T0000396,A000628,2025-03-30 03:22:41.530779,Interest,191064.14,INR,FAILED,ATM
T0000397,A001288,2026-05-13 06:41:29.530779,Payment,167492.09,INR,PENDING,ATM
T0000398,A000967,2024-12-27 13:15:42.530779,Fee,49147.56,INR,SUCCESS,ATM
T0000399,A000731,2024-11-05 11:40:04.530779,Payment,189755.74,INR,PENDING,ATM
T0000400,A000883,2026-02-06 07:42:54.530779,Fee,4206.2,INR,SUCCESS,Online
T0000401,A000474,2026-04-21 04:25:01.530779,Payment,216651.23,INR,UNKNOWN,Branch
T0000402,A000149,2025-11-16 18:54:25.530779,Deposit,170272.09,INR,UNKNOWN,Branch
T0000403,A000440,2025-02-05 07:27:56.530779,Withdrawal,92782.16,INR,UNKNOWN,ATM
T0000404,A000838,2024-10-01 20:49:09.530779,Deposit,247829.76,INR,UNKNOWN,Branch
T0000405,A000698,2025-04-22 02:49:57.530779,Withdrawal,152982.33,INR,UNKNOWN,ATM
T0000406,A001289,2026-05-25 18:58:36.530779,Withdrawal,11138.22,INR,PENDING,ATM
T0000407,A001347,2026-03-28 05:30:38.530779,Interest,182193.28,INR,FAILED,Mobile
T0000408,A000205,2025-11-15 11:28:16.530779,Deposit,125974.74,INR,SUCCESS,ATM
T0000409,A001427,2024-09-20 14:58:46.530779,Transfer,233670.24,INR,FAILED,Mobile
T0000410,A001285,2024-10-17 02:58:45.530779,Fee,5438.21,INR,FAILED,Mobile
T0000411,A000480,2025-03-15 05:08:37.530779,Interest,11396.52,INR,SUCCESS,Mobile
T0000412,A000272,2025-04-22 06:37:30.530779,Transfer,115267.69,INR,PENDING,Branch
T0000413,A000276,2025-05-09 21:57:12.530779,Deposit,29557.27,INR,PENDING,Mobile
T0000414,A000614,2025-09-30 22:15:44.530779,Interest,108012.45,INR,PENDING,Online
T0000415,A000775,2025-03-01 16:40:37.530779,Deposit,42926.65,INR,SUCCESS,Mobile
T0000416,A000223,2026-08-21 14:44:01.530779,Deposit,191127.95,INR,SUCCESS,Online
T0000417,A000223,2025-02-24 14:32:26.530779,Payment,57391.36,INR,SUCCESS,ATM
T0000418,A001387,2026-03-06 19:38:09.530779,Fee,237496.72,INR,PENDING,ATM
T0000419,A001218,2025-12-27 05:09:35.530779,Fee,165163.1,INR,SUCCESS,Branch
T0000420,A001252,2025-11-29 05:41:47.530779,Payment,69865.93,INR,FAILED,Mobile
T0000421,A000832,2024-10-10 06:34:30.530779,Transfer,93943.98,INR,PENDING,Branch
T0000422,A000237,2024-12-22 20:35:50.530779,Interest,31782.06,INR,SUCCESS,Mobile
T0000423,A000232,2026-09-07 18:51:17.530779,Fee,119882.49,INR,PENDING,Mobile
T0000424,A000369,2024-11-13 18:17:14.530779,Fee,218962.19,INR,SUCCESS,Mobile
T0000425,A001243,2024-11-10 17:56:24.530779,Fee,221116.81,INR,SUCCESS,Online
T0000426,A001101,2025-09-02 18:32:47.530779,Deposit,64988.59,INR,FAILED,Mobile
T0000427,A000876,2025-03-21 01:01:54.530779,Payment,212576.23,INR,SUCCESS,Mobile
T0000428,A000184,2025-05-03 22:35:39.530779,Fee,37040.77,INR,FAILED,Online
T0000429,A001120,2025-11-26 22:30:25.530779,Deposit,184461.5,INR,FAILED,Branch
T0000430,A000692,2025-03-07 09:29:21.530779,Deposit,8373.22,INR,SUCCESS,Online
T0000431,A001481,2026-08-01 00:18:37.530779,Deposit,21000.09,INR,SUCCESS,Online
T0000432,A000985,2024-12-13 06:21:43.530779,Deposit,109800.87,INR,PENDING,ATM
T0000433,A001239,2024-11-17 22:23:51.530779,Deposit,179834.43,INR,FAILED,ATM
T0000434,A001033,2025-10-13 03:37:18.530779,Interest,72536.46,INR,FAILED,ATM
T0000435,A001118,2025-03-02 02:31:31.530779,Withdrawal,150127.04,INR,PENDING,Branch
T0000436,A001070,2025-07-11 17:18:39.530779,Deposit,37729.25,INR,FAILED,Online
T0000437,A000961,2025-08-07 13:14:39.530779,Deposit,126835.21,INR,FAILED,Online
T0000438,A000101,2024-11-04 21:14:44.530779,Deposit,165543.07,INR,SUCCESS,Branch
T0000439,A000700,2025-09-08 22:36:34.530779,Deposit,90430.54,INR,PENDING,ATM
T0000440,A000830,2026-03-16 04:53:20.530779,Payment,140794.08,INR,SUCCESS,Branch
T0000441,A001048,2025-02-19 09:14:17.530779,Withdrawal,247667.82,INR,FAILED,Online
T0000442,A000349,2025-09-29 10:43:13.530779,Fee,93893.85,INR,SUCCESS,Online
T0000443,A000109,2026-06-22 16:31:58.530779,Payment,52058.34,INR,FAILED,Branch
T0000444,A000035,2026-06-14 12:21:25.530779,Fee,194675.59,INR,PENDING,Mobile
T0000445,A000125,2025-01-26 01:46:41.530779,Transfer,200518.23,INR,SUCCESS,Branch
T0000446,A000255,2025-06-05 18:40:26.530779,Fee,228817.21,INR,PENDING,Online
T0000447,A000530,2025-06-14 22:12:20.530779,Interest,44443.52,INR,FAILED,Branch
T0000448,A000398,2025-06-01 18:12:14.530779,Payment,179573.53,INR,SUCCESS,Online
T0000449,A000497,2025-11-03 09:10:46.530779,Withdrawal,168282.65,INR,SUCCESS,Branch
T0000450,A001487,2026-06-15 10:10:31.530779,Withdrawal,130478.7,INR,PENDING,ATM
T0000451,A000325,2025-11-11 10:15:50.530779,Deposit,60754.78,INR,FAILED,Mobile
T0000452,A000883,2025-10-02 18:39:53.530779,Withdrawal,26112.81,INR,FAILED,Online
T0000453,A000800,2026-01-06 00:54:49.530779,Transfer,236368.67,INR,PENDING,Branch
T0000454,A000766,2025-02-27 12:20:33.530779,Transfer,216581.74,INR,SUCCESS,Mobile
T0000455,A001477,2025-11-06 07:46:10.530779,Interest,92325.0,INR,PENDING,Mobile
T0000456,A001494,2025-07-17 06:24:27.530779,Deposit,167199.23,INR,FAILED,Branch
T0000457,A000574,2025-08-01 14:24:00.530779,Transfer,128293.74,INR,PENDING,Online
T0000458,A000755,2025-05-09 03:23:47.530779,Withdrawal,139066.97,INR,PENDING,Mobile
T0000459,A001486,2025-06-29 11:30:02.530779,Withdrawal,116474.11,INR,PENDING,Online
T0000460,A000077,2026-08-10 11:48:20.530779,Transfer,171738.18,INR,SUCCESS,ATM
T0000461,A000443,2025-05-22 06:52:47.530779,Withdrawal,242436.0,INR,FAILED,Mobile
T0000462,A001203,2026-03-12 08:48:44.530779,Transfer,220881.71,INR,SUCCESS,Branch
T0000463,A000210,2025-05-05 04:34:40.530779,Deposit,23734.26,INR,PENDING,Branch
T0000464,A001478,2026-03-12 16:24:43.530779,Deposit,136140.04,INR,PENDING,Mobile
T0000465,A000188,2025-05-24 21:01:52.530779,Interest,169727.86,INR,FAILED,Mobile
T0000466,A001319,2025-02-04 14:10:28.530779,Transfer,249860.95,INR,SUCCESS,Branch
T0000467,A000172,2024-10-25 02:13:36.530779,Fee,190362.26,INR,FAILED,ATM
T0000468,A000946,2025-10-23 02:53:57.530779,Fee,214608.78,INR,PENDING,Online
T0000469,A000428,2024-09-30 06:09:30.530779,Deposit,249316.05,INR,SUCCESS,Online
T0000470,A000230,2025-08-28 14:32:22.530779,Fee,32063.96,INR,PENDING,Online
T0000471,A000684,2025-05-28 13:09:57.530779,Payment,159244.68,INR,FAILED,ATM
T0000472,A000246,2025-07-07 21:07:53.530779,Interest,226993.42,INR,SUCCESS,Mobile
T0000473,A001249,2025-10-26 12:49:27.530779,Transfer,33568.18,INR,SUCCESS,Online
T0000474,A000146,2025-08-04 21:24:32.530779,Deposit,217723.31,INR,PENDING,ATM
T0000475,A000599,2025-01-09 19:03:42.530779,Withdrawal,57914.24,INR,PENDING,Branch
T0000476,A001202,2025-09-06 00:23:22.530779,Withdrawal,189154.64,INR,FAILED,Mobile
T0000477,A000442,2025-03-13 05:10:12.530779,Fee,150530.95,INR,SUCCESS,Online
T0000478,A000564,2025-05-23 15:51:36.530779,Transfer,84489.9,INR,SUCCESS,Online
T0000479,A001425,2025-06-08 00:45:26.530779,Interest,214333.59,INR,FAILED,Mobile
T0000480,A000835,2026-03-06 18:56:53.530779,Interest,10809.07,INR,FAILED,Online
T0000481,A001009,2025-08-31 08:04:54.530779,Payment,107224.51,INR,PENDING,Online
T0000482,A000239,2026-03-05 02:55:25.530779,Interest,32283.73,INR,SUCCESS,Online
T0000483,A001066,2025-04-05 01:26:44.530779,Withdrawal,90394.39,INR,FAILED,Online
T0000484,A000316,2024-10-17 13:29:36.530779,Interest,113961.63,INR,FAILED,Mobile
T0000485,A000448,2024-12-31 05:49:09.530779,Transfer,224383.66,INR,FAILED,Online
T0000486,A001127,2025-12-04 17:57:50.530779,Withdrawal,109116.49,INR,SUCCESS,Branch
T0000487,A000870,2026-06-23 17:05:50.530779,Fee,161073.32,INR,SUCCESS,Mobile
T0000488,A000595,2026-03-11 09:01:59.530779,Interest,240785.95,INR,SUCCESS,Mobile
T0000489,A000011,2025-07-28 19:37:08.530779,Fee,246288.21,INR,SUCCESS,ATM
T0000490,A000977,2025-07-22 08:04:24.530779,Interest,228189.8,INR,PENDING,Mobile
T0000491,A000435,2025-11-11 01:06:30.530779,Withdrawal,161319.38,INR,PENDING,Online
T0000492,A001367,2024-11-13 03:09:36.530779,Transfer,112938.32,INR,PENDING,Online
T0000493,A001040,2026-06-02 01:09:29.530779,Transfer,248298.31,INR,PENDING,Online
T0000494,A001176,2025-07-13 09:50:00.530779,Withdrawal,233746.9,INR,PENDING,Branch
T0000495,A000340,2025-06-08 20:39:06.530779,Payment,189079.06,INR,PENDING,Branch
T0000496,A000770,2026-06-21 20:16:51.530779,Interest,74173.28,INR,PENDING,Branch
T0000497,A000606,2024-12-20 18:26:32.530779,Withdrawal,133862.62,INR,FAILED,Branch
T0000498,A000509,2026-07-04 20:08:13.530779,Withdrawal,82655.42,INR,SUCCESS,ATM
T0000499,A000635,2024-10-11 17:38:58.530779,Fee,154734.03,INR,SUCCESS,Mobile
T0000500,A000379,2025-04-02 03:22:27.530779,Withdrawal,73678.47,INR,SUCCESS,Branch
T0000501,A001147,2026-10-19 23:25:45.581246,Deposit,102013.99,INR,PENDING,Online
T0000502,A000318,2026-10-19 23:25:45.581246,Payment,160095.84,INR,FAILED,Branch
T0000503,A000906,2026-10-19 23:25:45.581246,Withdrawal,187344.21,INR,FAILED,Mobile
T0000504,A000452,2026-10-19 23:25:45.581246,Transfer,167569.63,INR,PENDING,ATM
T0000505,A001066,2026-10-19 23:25:45.581246,Withdrawal,164349.07,INR,PENDING,Online
T0000506,A000706,2025-07-07 23:32:27.530779,Payment,221831.95,INR,SUCCESS,Mobile
T0000507,A001250,2026-09-01 20:02:46.530779,Payment,85400.8,INR,PENDING,Mobile
T0000508,A000735,2025-11-09 20:55:44.530779,Fee,169170.89,INR,FAILED,ATM
T0000509,A000784,2024-12-24 19:28:35.530779,Fee,94636.2,INR,FAILED,Online
T0000510,A001151,2025-04-28 23:58:22.530779,Payment,202204.66,INR,SUCCESS,Mobile
T0000511,A000643,2025-04-02 18:40:17.530779,Fee,84279.44,INR,SUCCESS,ATM
T0000512,A000817,2025-04-04 09:09:07.530779,Fee,37323.11,INR,PENDING,ATM
T0000513,A001283,2026-02-23 09:19:43.530779,Deposit,213673.77,INR,SUCCESS,Branch
T0000514,A000014,2025-05-06 23:27:53.530779,Interest,213066.72,INR,FAILED,Branch
T0000515,A000113,2025-10-23 01:42:30.530779,Deposit,208444.2,INR,FAILED,Mobile
T0000516,A001369,2024-12-05 02:23:09.530779,Withdrawal,203597.01,INR,FAILED,Online
T0000517,A000769,2024-11-08 01:50:24.530779,Fee,14090.96,INR,PENDING,ATM
T0000518,A001290,2024-12-11 10:05:53.530779,Fee,18383.38,INR,PENDING,ATM
T0000519,A000836,2024-11-14 15:55:38.530779,Withdrawal,215738.33,INR,PENDING,Mobile
T0000520,A001315,2026-05-09 15:34:11.530779,Payment,156781.72,INR,SUCCESS,ATM
T0000521,A000574,2025-05-03 22:38:23.530779,Transfer,4302.79,INR,FAILED,Branch
T0000522,A000577,2025-12-17 21:13:55.530779,Payment,40661.84,INR,PENDING,Branch
T0000523,A000844,2025-02-10 14:06:35.530779,Interest,32594.19,INR,SUCCESS,ATM
T0000524,A000189,2024-10-09 19:39:10.530779,Interest,218124.84,INR,PENDING,Branch
T0000525,A000330,2025-10-18 01:09:56.530779,Fee,174850.15,INR,PENDING,Online
T0000526,A000814,2025-06-16 00:15:24.530779,Fee,168690.64,INR,FAILED,Online
T0000527,A000416,2025-04-07 06:39:14.530779,Payment,58105.06,INR,SUCCESS,ATM
T0000528,A000415,2025-09-21 05:39:50.530779,Transfer,228963.26,INR,FAILED,Online
T0000529,A000163,2026-01-11 19:15:38.530779,Payment,2759.28,INR,SUCCESS,Online
T0000530,A000335,2024-12-09 21:22:51.530779,Deposit,95019.4,INR,SUCCESS,Branch
T0000531,A001372,2025-05-21 18:07:03.530779,Transfer,33175.83,INR,FAILED,ATM
T0000532,A000390,2025-10-10 03:50:39.530779,Withdrawal,111927.59,INR,PENDING,ATM
T0000533,A001214,2025-07-31 09:03:46.530779,Deposit,181524.06,INR,SUCCESS,ATM
T0000534,A000811,2024-11-07 04:33:26.530779,Transfer,127616.13,INR,SUCCESS,Branch
T0000535,A000109,2025-06-29 09:47:49.530779,Withdrawal,112989.49,INR,PENDING,ATM
T0000536,A000964,2025-01-02 13:55:58.530779,Fee,27159.83,INR,SUCCESS,Branch
T0000537,A000349,2026-02-13 18:07:16.530779,Withdrawal,18887.12,INR,SUCCESS,Online
T0000538,A001099,2026-02-05 20:52:25.530779,Withdrawal,25674.26,INR,SUCCESS,ATM
T0000539,A000352,2026-03-05 14:42:57.530779,Fee,136576.66,INR,PENDING,Branch
T0000540,A000897,2026-08-24 21:30:39.530779,Withdrawal,189493.83,INR,SUCCESS,Mobile
T0000541,A000363,2025-01-15 18:11:26.530779,Fee,170414.78,INR,FAILED,Branch
T0000542,A000469,2024-10-19 11:45:09.530779,Fee,187592.78,INR,PENDING,Online
T0000543,A001116,2026-02-06 20:51:35.530779,Interest,159198.87,INR,FAILED,Online
T0000544,A001434,2025-12-28 16:50:39.530779,Deposit,100724.57,INR,FAILED,Mobile
T0000545,A000301,2025-11-08 18:17:56.530779,Deposit,91335.07,INR,SUCCESS,Branch
T0000546,A000173,2026-03-27 04:39:30.530779,Interest,210186.1,INR,SUCCESS,Mobile
T0000547,A000672,2026-06-26 12:08:48.530779,Interest,39888.37,INR,FAILED,ATM
T0000548,A001105,2024-10-05 11:37:40.530779,Payment,234270.98,INR,PENDING,ATM
T0000549,A000308,2025-11-08 20:09:41.530779,Interest,18308.26,INR,PENDING,Mobile
T0000550,A000285,2024-12-03 20:12:17.530779,Transfer,142009.97,INR,FAILED,Online
T0000551,A001095,2026-04-13 20:56:00.530779,Interest,67202.52,INR,FAILED,ATM
T0000552,A000325,2026-04-02 00:01:03.530779,Withdrawal,223054.92,INR,SUCCESS,ATM
T0000553,A001417,2024-10-24 21:27:45.530779,Interest,57526.79,INR,PENDING,Branch
T0000554,A001040,2026-05-25 08:33:34.530779,Transfer,162127.83,INR,FAILED,ATM
T0000555,A001134,2026-06-06 18:04:40.530779,Interest,16597.72,INR,SUCCESS,ATM
T0000556,A001283,2025-09-10 15:52:51.530779,Fee,126932.97,INR,SUCCESS,Branch
T0000557,A000367,2024-12-22 12:25:29.530779,Withdrawal,223809.49,INR,FAILED,Branch
T0000558,A000402,2025-10-24 16:49:05.530779,Fee,192299.92,INR,PENDING,Mobile
T0000559,A000926,2024-10-16 21:50:30.530779,Transfer,95174.03,INR,SUCCESS,Online
T0000560,A001014,2026-06-24 16:13:42.530779,Fee,133096.11,INR,FAILED,Mobile
T0000561,A000894,2026-06-20 20:20:58.530779,Fee,124356.8,INR,SUCCESS,Mobile
T0000562,A001182,2025-08-13 18:13:13.530779,Withdrawal,123527.4,INR,PENDING,Online
T0000563,A000652,2026-07-10 18:48:13.530779,Interest,131144.25,INR,FAILED,Mobile
T0000564,A000487,2026-08-19 22:11:31.530779,Transfer,13062.82,INR,FAILED,Online
T0000565,A000800,2026-07-31 12:32:57.530779,Payment,181949.38,INR,FAILED,Branch
T0000566,A000063,2026-04-25 00:49:27.530779,Interest,31293.89,INR,FAILED,Mobile
T0000567,A000550,2025-09-05 13:03:55.530779,Transfer,45720.75,INR,PENDING,Branch
T0000568,A000808,2026-01-04 21:02:28.530779,Withdrawal,35174.5,INR,PENDING,ATM
T0000569,A000506,2025-03-29 22:40:08.530779,Interest,237914.8,INR,PENDING,ATM
T0000570,A000399,2025-10-25 07:31:08.530779,Fee,240122.63,INR,PENDING,Online
T0000571,A000337,2025-09-03 14:10:16.530779,Transfer,19993.78,INR,PENDING,ATM
T0000572,A000692,2025-03-30 18:50:11.530779,Interest,247346.35,INR,FAILED,Mobile
T0000573,A000344,2025-09-06 13:35:42.530779,Fee,43047.11,INR,PENDING,Mobile
T0000574,A000704,2026-09-01 07:31:18.530779,Fee,152023.6,INR,PENDING,ATM
T0000575,A001034,2025-01-02 07:34:06.530779,Deposit,140027.39,INR,FAILED,ATM
T0000576,A001323,2025-09-29 00:21:48.530779,Payment,129781.85,INR,FAILED,ATM
T0000577,A000657,2024-10-06 21:38:03.530779,Payment,193273.51,INR,FAILED,ATM
T0000578,A000398,2025-05-06 23:42:21.530779,Transfer,157069.12,INR,SUCCESS,Online
T0000579,A001227,2025-01-13 16:56:59.530779,Payment,41287.24,INR,SUCCESS,ATM
T0000580,A000552,2026-05-08 08:01:20.530779,Deposit,21593.94,INR,FAILED,Mobile
T0000581,A000181,2025-10-28 10:37:40.530779,Transfer,73483.13,INR,SUCCESS,ATM
T0000582,A000220,2025-08-21 06:47:40.530779,Withdrawal,182260.22,INR,FAILED,Mobile
T0000583,A001491,2025-11-23 16:45:16.530779,Fee,24434.73,INR,FAILED,Branch
T0000584,A000033,2025-08-10 01:05:47.530779,Fee,66512.03,INR,SUCCESS,Online
T0000585,A000073,2025-07-07 02:36:06.530779,Transfer,44413.46,INR,FAILED,Online
T0000586,A001073,2026-09-02 20:58:24.530779,Payment,140415.25,INR,PENDING,Mobile
T0000587,A000557,2026-01-21 23:40:26.530779,Transfer,32531.0,INR,PENDING,ATM
T0000588,A000281,2025-11-05 05:21:22.530779,Transfer,139395.91,INR,FAILED,Branch
T0000589,A001196,2024-11-18 11:14:31.530779,Fee,103936.62,INR,FAILED,Branch
T0000590,A000344,2025-07-03 10:18:09.530779,Withdrawal,123228.69,INR,FAILED,ATM
T0000591,A001109,2026-08-06 09:36:34.530779,Interest,84950.1,INR,PENDING,Branch
T0000592,A001460,2025-09-27 10:58:57.530779,Fee,72079.35,INR,PENDING,Mobile
T0000593,A000244,2025-07-28 21:47:53.530779,Deposit,203123.23,INR,FAILED,ATM
T0000594,A000013,2024-10-16 04:23:07.530779,Deposit,10814.45,INR,FAILED,ATM
T0000595,A001201,2026-07-06 07:47:15.530779,Interest,219614.09,INR,SUCCESS,Mobile
T0000596,A000238,2025-02-01 22:49:38.530779,Transfer,217134.43,INR,SUCCESS,Mobile
T0000597,A000697,2024-09-25 11:13:29.530779,Payment,8543.95,INR,SUCCESS,Branch
T0000598,A001397,2026-04-11 06:03:39.530779,Deposit,71048.98,INR,FAILED,Branch
T0000599,A001270,2025-10-20 20:46:50.530779,Interest,122708.29,INR,FAILED,Mobile
T0000600,A001306,2025-11-27 15:46:36.530779,Payment,179868.26,INR,FAILED,Branch
T0000601,,2025-02-19 23:39:39.530779,Transfer,211506.22,INR,PENDING,Mobile
T0000602,,2025-10-02 09:54:42.530779,Deposit,131504.33,INR,SUCCESS,Online
T0000603,,2025-02-03 06:21:44.530779,Withdrawal,50125.26,INR,SUCCESS,Online
T0000604,,2026-06-23 10:31:44.530779,Deposit,14840.22,INR,PENDING,Online
T0000605,,2024-12-21 18:20:48.530779,Payment,65671.35,INR,SUCCESS,Mobile
T0000606,A000707,2026-04-09 16:17:35.530779,Deposit,133175.03,INR,FAILED,Branch
T0000607,A001363,2026-03-05 02:36:00.530779,Payment,44317.6,INR,SUCCESS,ATM
T0000608,A000658,2026-01-24 16:19:56.530779,Transfer,186731.97,INR,FAILED,ATM
T0000609,A000777,2026-01-28 04:22:07.530779,Withdrawal,215698.16,INR,SUCCESS,ATM
T0000610,A000185,2025-02-12 21:57:07.530779,Fee,204185.33,INR,PENDING,Branch
T0000611,A001135,2025-10-16 23:22:28.530779,Withdrawal,182416.11,INR,FAILED,Online
T0000612,A001472,2026-04-05 06:02:34.530779,Payment,240091.61,INR,PENDING,Branch
T0000613,A000937,2025-03-18 01:44:04.530779,Interest,53845.62,INR,FAILED,Mobile
T0000614,A001194,2026-04-21 23:17:29.530779,Withdrawal,239177.08,INR,SUCCESS,ATM
T0000615,A000318,2025-03-25 05:42:40.530779,Fee,238802.68,INR,PENDING,Mobile
T0000616,A000207,2025-11-15 05:39:43.530779,Interest,106832.3,INR,FAILED,Online
T0000617,A000484,2026-07-07 10:28:05.530779,Fee,137709.67,INR,SUCCESS,Mobile
T0000618,A000745,2025-08-18 23:12:56.530779,Interest,241041.46,INR,PENDING,Mobile
T0000619,A000631,2025-08-13 19:40:13.530779,Transfer,104527.06,INR,FAILED,Branch
T0000620,A000331,2026-02-06 07:23:52.530779,Payment,72531.71,INR,SUCCESS,ATM
T0000621,A001183,2025-06-14 08:40:23.530779,Payment,152842.09,INR,PENDING,Online
T0000622,A001237,2025-03-23 15:41:51.530779,Fee,109755.12,INR,SUCCESS,Mobile
T0000623,A000332,2025-12-14 01:58:24.530779,Deposit,82844.32,INR,PENDING,Branch
T0000624,A001473,2026-03-13 17:32:59.530779,Deposit,53637.87,INR,PENDING,ATM
T0000625,A001144,2025-02-08 20:31:51.530779,Fee,60832.5,INR,SUCCESS,Online
T0000626,A000276,2026-08-12 03:01:02.530779,Transfer,99343.21,INR,PENDING,Online
T0000627,A000355,2026-04-04 06:17:24.530779,Deposit,220854.53,INR,FAILED,Branch
T0000628,A001063,2026-06-03 16:22:52.530779,Fee,126528.26,INR,PENDING,Branch
T0000629,A001420,2025-09-12 07:05:46.530779,Interest,180538.92,INR,FAILED,ATM
T0000630,A001306,2025-03-28 08:03:02.530779,Fee,98647.01,INR,SUCCESS,Online
T0000631,A000570,2025-04-14 00:03:37.530779,Transfer,59148.21,INR,FAILED,Online
T0000632,A000657,2026-04-29 20:19:20.530779,Deposit,115107.67,INR,FAILED,Mobile
T0000633,A000192,2025-04-23 20:12:03.530779,Deposit,194758.31,INR,PENDING,Mobile
T0000634,A001360,2026-05-13 12:06:30.530779,Deposit,23209.52,INR,SUCCESS,Branch
T0000635,A001048,2025-06-30 23:13:53.530779,Withdrawal,14266.49,INR,SUCCESS,Online
T0000636,A000963,2026-05-03 14:33:36.530779,Deposit,52683.23,INR,PENDING,Branch
T0000637,A000236,2024-12-24 21:35:28.530779,Withdrawal,99515.09,INR,PENDING,Mobile
T0000638,A000425,2025-02-22 03:38:11.530779,Withdrawal,29608.0,INR,PENDING,Branch
T0000639,A001353,2025-11-13 16:24:57.530779,Withdrawal,13470.52,INR,PENDING,Online
T0000640,A000784,2025-01-16 03:31:58.530779,Payment,26215.93,INR,SUCCESS,Online
T0000641,A001478,2025-01-21 21:54:43.530779,Deposit,111678.1,INR,PENDING,ATM
T0000642,A000897,2026-07-29 18:41:42.530779,Withdrawal,49568.04,INR,PENDING,Mobile
T0000643,A001172,2024-10-27 10:07:09.530779,Withdrawal,107918.99,INR,FAILED,Mobile
T0000644,A001353,2026-03-22 23:55:02.530779,Withdrawal,113890.28,INR,PENDING,ATM
T0000645,A000307,2026-03-07 03:12:07.530779,Transfer,44116.68,INR,SUCCESS,ATM
T0000646,A001399,2024-10-13 19:45:33.530779,Payment,156374.56,INR,SUCCESS,ATM
T0000647,A001362,2024-09-28 20:24:58.530779,Transfer,245497.76,INR,SUCCESS,ATM
T0000648,A000036,2025-10-09 04:07:08.530779,Fee,48494.11,INR,FAILED,ATM
T0000649,A001342,2025-10-14 01:49:58.530779,Deposit,201360.0,INR,SUCCESS,ATM
T0000650,A001017,2025-01-29 20:40:20.530779,Deposit,194113.11,INR,SUCCESS,Branch
T0000651,A000565,2025-01-19 04:35:41.530779,Withdrawal,106023.14,INR,FAILED,ATM
T0000652,A000794,2026-03-26 12:46:47.530779,Transfer,190666.78,INR,SUCCESS,Mobile
T0000653,A000154,2024-10-17 08:52:19.530779,Interest,194652.41,INR,SUCCESS,Mobile
T0000654,A000866,2026-01-26 01:23:18.530779,Deposit,90519.46,INR,SUCCESS,Branch
T0000655,A001014,2025-05-14 19:43:41.530779,Transfer,15171.21,INR,PENDING,Online
T0000656,A000884,2025-12-17 02:32:15.530779,Payment,215504.88,INR,SUCCESS,Branch
T0000657,A000260,2025-05-11 04:09:42.530779,Transfer,132808.7,INR,SUCCESS,ATM
T0000658,A000325,2025-08-13 08:56:02.530779,Interest,157970.51,INR,SUCCESS,Mobile
T0000659,A000067,2026-09-08 09:49:20.530779,Withdrawal,14756.08,INR,SUCCESS,ATM
T0000660,A001156,2025-11-09 17:30:07.530779,Interest,112923.26,INR,FAILED,ATM
T0000661,A000760,2026-06-19 01:47:29.530779,Payment,147571.71,INR,FAILED,ATM
T0000662,A000354,2025-07-08 14:54:32.530779,Withdrawal,62895.18,INR,SUCCESS,Mobile
T0000663,A000890,2025-06-04 16:14:26.530779,Deposit,27729.0,INR,PENDING,Online
T0000664,A000252,2025-01-19 18:08:59.530779,Deposit,51884.14,INR,PENDING,Branch
T0000665,A000206,2026-04-10 07:47:52.530779,Payment,99719.72,INR,SUCCESS,Branch
T0000666,A001058,2025-03-04 14:51:34.530779,Deposit,136138.72,INR,PENDING,Online
T0000667,A000918,2026-08-07 12:45:49.530779,Deposit,37118.22,INR,SUCCESS,Online
T0000668,A000950,2025-09-05 01:38:34.530779,Deposit,48951.89,INR,SUCCESS,Branch
T0000669,A000505,2025-12-27 03:07:50.530779,Deposit,115540.35,INR,SUCCESS,ATM
T0000670,A000590,2024-12-10 01:10:10.530779,Transfer,242495.32,INR,FAILED,Branch
T0000671,A000821,2025-07-24 06:41:33.530779,Withdrawal,28640.04,INR,SUCCESS,Online
T0000672,A000892,2024-10-07 20:00:17.530779,Withdrawal,87298.5,INR,PENDING,ATM
T0000673,A001441,2025-12-21 14:56:09.530779,Payment,149080.46,INR,FAILED,Online
T0000674,A001150,2025-04-17 03:48:58.530779,Deposit,83507.3,INR,PENDING,Mobile
T0000675,A000321,2026-06-03 14:05:11.530779,Payment,230500.12,INR,FAILED,Branch
T0000676,A000162,2025-12-11 04:51:03.530779,Transfer,146328.28,INR,PENDING,Mobile
T0000677,A000039,2025-02-08 16:43:24.530779,Deposit,14489.46,INR,FAILED,Branch
T0000678,A000206,2025-11-18 14:55:24.530779,Transfer,241273.73,INR,PENDING,Online
T0000679,A000104,2024-11-28 03:40:12.530779,Payment,147169.72,INR,PENDING,Branch
T0000680,A000077,2025-01-25 08:36:56.530779,Deposit,187280.76,INR,FAILED,Mobile
T0000681,A000140,2026-03-30 19:31:41.530779,Interest,140773.9,INR,PENDING,ATM
T0000682,A000646,2026-04-29 23:32:21.530779,Withdrawal,166960.65,INR,PENDING,Online
T0000683,A000087,2025-08-10 05:41:45.530779,Transfer,152678.54,INR,PENDING,Online
T0000684,A001325,2026-05-16 10:15:55.530779,Fee,205445.74,INR,FAILED,Branch
T0000685,A001328,2026-07-06 07:34:23.530779,Deposit,49746.08,INR,PENDING,Branch
T0000686,A000850,2026-08-22 03:48:30.530779,Payment,150786.45,INR,PENDING,ATM
T0000687,A000783,2025-01-02 14:23:20.530779,Deposit,37195.12,INR,FAILED,ATM
T0000688,A000983,2024-11-09 17:05:17.530779,Fee,66616.91,INR,SUCCESS,Mobile
T0000689,A000375,2025-08-16 15:20:09.530779,Withdrawal,184268.29,INR,PENDING,ATM
T0000690,A000234,2026-05-09 20:07:34.530779,Fee,111572.39,INR,SUCCESS,Online
T0000691,A000339,2026-09-18 09:02:42.530779,Payment,212045.57,INR,PENDING,Mobile
T0000692,A000957,2024-10-16 07:13:59.530779,Deposit,128941.25,INR,PENDING,Mobile
T0000693,A000842,2025-01-06 02:40:13.530779,Deposit,210272.76,INR,PENDING,Online
T0000694,A000532,2026-06-27 22:17:08.530779,Deposit,212419.88,INR,PENDING,Online
T0000695,A001402,2025-05-18 12:52:39.530779,Interest,187756.33,INR,PENDING,Branch
T0000696,A000172,2025-02-17 03:30:19.530779,Payment,240633.56,INR,PENDING,ATM
T0000697,A000063,2026-07-29 17:55:58.530779,Deposit,242630.0,INR,FAILED,ATM
T0000698,A000284,2025-07-28 18:54:42.530779,Withdrawal,189482.38,INR,FAILED,ATM
T0000699,A000478,2026-03-08 18:06:43.530779,Fee,245715.71,INR,PENDING,ATM
T0000700,A001105,2025-12-11 23:50:56.530779,Withdrawal,15522.45,INR,SUCCESS,ATM
T0000701,A000858,2026-03-27 01:08:02.530779,Payment,80117.52,INR,PENDING,Online
T0000702,A000779,2025-03-23 06:18:26.530779,Fee,21373.5,INR,PENDING,Branch
T0000703,A001369,2024-12-22 23:01:13.530779,Deposit,233543.75,INR,PENDING,Branch
T0000704,A000554,2026-08-11 20:55:33.530779,Withdrawal,150015.44,INR,FAILED,Mobile
T0000705,A001185,2026-01-07 13:42:18.530779,Interest,232560.73,INR,FAILED,Online
T0000706,A001206,2025-06-20 00:59:58.530779,Transfer,57411.38,INR,SUCCESS,ATM
T0000707,A000868,2024-12-19 20:34:54.530779,Deposit,88717.05,INR,SUCCESS,Branch
T0000708,A000509,2026-04-08 22:48:56.530779,Withdrawal,121927.95,INR,PENDING,Mobile
T0000709,A000726,2025-08-27 13:10:09.530779,Deposit,194779.77,INR,FAILED,Branch
T0000710,A001311,2025-03-25 10:05:29.530779,Deposit,221203.39,INR,FAILED,ATM
T0000711,A000786,2026-06-06 13:07:49.530779,Fee,62238.87,INR,FAILED,Branch
T0000712,A000928,2024-10-16 09:06:03.530779,Fee,78167.18,INR,SUCCESS,Branch
T0000713,A001149,2024-10-01 04:59:52.530779,Transfer,25642.2,INR,SUCCESS,Mobile
T0000714,A000498,2025-09-19 20:32:46.530779,Interest,101717.08,INR,PENDING,Mobile
T0000715,A001176,2024-09-20 17:43:32.530779,Withdrawal,66552.96,INR,FAILED,Mobile
T0000716,A000893,2026-06-10 00:55:30.530779,Withdrawal,246254.61,INR,FAILED,Branch
T0000717,A000912,2025-02-21 18:37:27.530779,Fee,143979.99,INR,FAILED,Online
T0000718,A000183,2026-06-20 01:44:16.530779,Transfer,18555.88,INR,SUCCESS,Mobile
T0000719,A001311,2025-09-21 21:15:47.530779,Withdrawal,249644.89,INR,SUCCESS,Branch
T0000720,A000437,2025-01-08 07:53:58.530779,Payment,179956.64,INR,SUCCESS,ATM
T0000721,A000090,2025-03-30 08:28:52.530779,Transfer,80372.27,INR,PENDING,Online
T0000722,A001435,2025-11-04 11:31:59.530779,Deposit,227511.44,INR,FAILED,ATM
T0000723,A000297,2025-07-26 17:28:23.530779,Transfer,31229.88,INR,SUCCESS,Branch
T0000724,A000065,2025-08-11 23:06:19.530779,Withdrawal,174283.94,INR,FAILED,Online
T0000725,A000824,2026-04-23 14:35:22.530779,Deposit,117564.55,INR,PENDING,Branch
T0000726,A000260,2024-11-25 18:12:30.530779,Interest,64747.1,INR,PENDING,Online
T0000727,A001494,2026-04-02 19:07:40.530779,Deposit,216588.06,INR,FAILED,Mobile
T0000728,A000164,2024-12-28 09:18:50.530779,Payment,67790.43,INR,PENDING,Online
T0000729,A001275,2025-05-09 11:18:53.530779,Withdrawal,229787.27,INR,PENDING,Branch
T0000730,A000865,2025-06-18 19:18:19.530779,Fee,165825.67,INR,PENDING,Mobile
T0000731,A000811,2026-09-05 20:36:38.530779,Interest,154674.42,INR,FAILED,ATM
T0000732,A001162,2026-02-20 13:18:24.530779,Transfer,172203.42,INR,SUCCESS,ATM
T0000733,A000535,2025-09-03 20:51:01.530779,Transfer,200914.46,INR,SUCCESS,Online
T0000734,A000277,2025-01-25 21:46:23.530779,Interest,149817.12,INR,SUCCESS,Online
T0000735,A000740,2026-08-24 16:49:25.530779,Withdrawal,174278.02,INR,FAILED,Online
T0000736,A000145,2025-09-14 03:33:27.530779,Payment,19743.72,INR,PENDING,Online
T0000737,A001102,2025-05-10 21:07:44.530779,Fee,201895.23,INR,SUCCESS,Branch
T0000738,A000842,2025-08-07 08:28:43.530779,Interest,161939.86,INR,SUCCESS,ATM
T0000739,A001228,2025-08-21 12:59:14.530779,Deposit,94807.83,INR,SUCCESS,Online
T0000740,A001344,2024-10-15 21:03:37.530779,Interest,143142.72,INR,SUCCESS,ATM
T0000741,A000513,2026-03-17 20:33:34.530779,Withdrawal,11834.88,INR,FAILED,Branch
T0000742,A001141,2026-08-19 09:24:15.530779,Fee,108783.51,INR,FAILED,Branch
T0000743,A000893,2024-11-10 11:19:49.530779,Transfer,40541.14,INR,FAILED,ATM
T0000744,A001004,2025-11-27 12:41:19.530779,Payment,85045.19,INR,SUCCESS,Branch
T0000745,A000453,2025-08-01 11:02:28.530779,Withdrawal,195336.75,INR,PENDING,Online
T0000746,A000497,2025-11-29 04:11:36.530779,Transfer,64596.33,INR,FAILED,Branch
T0000747,A000378,2025-01-31 22:29:43.530779,Payment,84193.18,INR,FAILED,Online
T0000748,A001296,2025-01-09 13:51:53.530779,Transfer,150952.25,INR,FAILED,Mobile
T0000749,A001423,2024-11-12 23:45:45.530779,Interest,106431.36,INR,SUCCESS,Online
T0000750,A000603,2025-03-18 04:58:08.530779,Withdrawal,240823.41,INR,FAILED,Branch
T0000751,A000971,2026-01-22 23:20:12.530779,Transfer,100368.9,INR,FAILED,Online
T0000752,A000213,2025-10-24 00:26:22.530779,Deposit,44301.69,INR,PENDING,Online
T0000753,A001031,2024-12-23 12:59:30.530779,Transfer,133398.88,INR,PENDING,Branch
T0000754,A001100,2024-11-19 23:39:07.530779,Deposit,27176.13,INR,PENDING,Branch
T0000755,A001145,2026-01-25 17:26:04.530779,Withdrawal,49051.36,INR,SUCCESS,Mobile
T0000756,A000734,2026-05-04 21:06:41.530779,Payment,232688.23,INR,SUCCESS,ATM
T0000757,A001472,2025-12-20 04:20:27.530779,Payment,198152.83,INR,SUCCESS,Branch
T0000758,A001496,2024-12-06 04:47:28.530779,Deposit,229888.49,INR,SUCCESS,Mobile
T0000759,A000469,2026-03-15 08:34:34.530779,Interest,189954.57,INR,FAILED,ATM
T0000760,A000709,2025-05-11 15:05:16.530779,Interest,147226.68,INR,FAILED,Online
T0000761,A000718,2026-01-05 19:36:12.530779,Interest,42284.03,INR,FAILED,Mobile
T0000762,A000253,2025-08-03 04:05:11.530779,Interest,139417.27,INR,SUCCESS,ATM
T0000763,A000550,2025-06-06 12:36:36.530779,Deposit,7955.74,INR,FAILED,ATM
T0000764,A000753,2025-07-29 23:11:51.530779,Transfer,163086.54,INR,FAILED,Mobile
T0000765,A000229,2025-04-09 02:13:18.530779,Withdrawal,236121.64,INR,SUCCESS,Branch
T0000766,A001260,2025-07-09 18:59:25.530779,Interest,182769.96,INR,FAILED,Online
T0000767,A000816,2025-12-25 15:23:25.530779,Withdrawal,60799.76,INR,FAILED,Mobile
T0000768,A000063,2026-02-03 05:36:30.530779,Withdrawal,216915.7,INR,PENDING,Branch
T0000769,A000150,2026-08-22 05:36:30.530779,Payment,88472.18,INR,SUCCESS,Online
T0000770,A000793,2024-11-27 21:31:11.530779,Withdrawal,206692.72,INR,FAILED,ATM
T0000771,A000068,2026-07-02 06:30:20.530779,Payment,152259.31,INR,SUCCESS,ATM
T0000772,A000297,2026-04-01 17:44:39.530779,Transfer,156069.83,INR,SUCCESS,ATM
T0000773,A000025,2025-05-13 10:33:18.530779,Deposit,214473.83,INR,PENDING,Online
T0000774,A001465,2026-03-01 01:56:45.530779,Payment,110191.34,INR,PENDING,ATM
T0000775,A000871,2026-02-28 01:52:01.530779,Transfer,247225.75,INR,FAILED,ATM
T0000776,A000536,2025-06-07 12:31:00.530779,Transfer,106931.62,INR,PENDING,Mobile
T0000777,A001410,2026-03-21 12:35:44.530779,Deposit,118830.35,INR,PENDING,Mobile
T0000778,A000220,2025-12-25 19:32:38.530779,Deposit,160482.57,INR,PENDING,ATM
T0000779,A001221,2025-05-24 22:51:49.530779,Deposit,36856.18,INR,FAILED,ATM
T0000780,A001275,2026-03-25 13:28:58.530779,Fee,144862.0,INR,PENDING,Mobile
T0000781,A000125,2026-08-28 21:13:57.530779,Transfer,248302.6,INR,FAILED,Branch
T0000782,A000982,2026-05-05 04:15:57.530779,Deposit,68632.79,INR,FAILED,Mobile
T0000783,A000477,2025-06-06 13:08:58.530779,Deposit,202574.93,INR,PENDING,Branch
T0000784,A000359,2026-09-17 08:37:38.530779,Transfer,33137.07,INR,SUCCESS,Mobile
T0000785,A000334,2026-05-19 15:47:45.530779,Fee,58942.91,INR,PENDING,Online
T0000786,A001324,2025-02-21 03:32:00.530779,Interest,137471.44,INR,SUCCESS,Branch
T0000787,A000431,2025-02-27 20:03:27.530779,Withdrawal,129318.57,INR,PENDING,Online
T0000788,A001141,2026-09-18 20:28:34.530779,Withdrawal,42029.03,INR,SUCCESS,Online
T0000789,A000380,2025-01-16 23:58:18.530779,Withdrawal,44014.71,INR,SUCCESS,Online
T0000790,A000791,2024-11-23 18:26:07.530779,Payment,108549.23,INR,SUCCESS,Online
T0000791,A001294,2024-10-20 17:55:19.530779,Fee,167901.11,INR,PENDING,Branch
T0000792,A000023,2025-10-20 03:51:36.530779,Fee,20994.49,INR,FAILED,Mobile
T0000793,A000191,2025-10-06 13:23:59.530779,Transfer,15521.79,INR,PENDING,Mobile
T0000794,A000654,2026-04-09 09:57:52.530779,Interest,61067.76,INR,SUCCESS,Online
T0000795,A000863,2026-01-27 09:29:28.530779,Fee,160414.48,INR,SUCCESS,ATM
T0000796,A001206,2025-08-02 14:18:29.530779,Transfer,208031.18,INR,SUCCESS,Online
T0000797,A000035,2024-09-23 06:39:30.530779,Payment,208841.74,INR,FAILED,Mobile
T0000798,A000572,2024-09-23 12:54:09.530779,Transfer,238128.97,INR,PENDING,Branch
T0000799,A000679,2025-12-12 02:08:34.530779,Deposit,225744.55,INR,SUCCESS,Branch
T0000800,A000865,2025-12-07 13:37:34.530779,Transfer,23097.68,INR,SUCCESS,Branch
T0000801,A000178,2025-10-04 10:19:07.530779,Interest,22665.04,INR,SUCCESS,ATM
T0000802,A001110,2024-09-21 15:42:16.530779,Transfer,25232.84,INR,PENDING,ATM
T0000803,A000086,2026-06-15 16:31:14.530779,Fee,153832.37,INR,FAILED,Mobile
T0000804,A001123,2025-12-04 14:42:34.530779,Withdrawal,73620.85,INR,SUCCESS,Branch
T0000805,A001157,2026-03-21 20:05:24.530779,Fee,101373.58,INR,FAILED,Branch
T0000806,A000480,2024-10-05 18:39:05.530779,Fee,108418.91,INR,PENDING,Online
T0000807,A001397,2026-01-16 18:41:40.530779,Interest,160245.6,INR,PENDING,Online
T0000808,A000760,2025-09-27 00:32:40.530779,Fee,107245.7,INR,FAILED,Branch
T0000809,A000931,2024-12-08 20:09:30.530779,Payment,5941.07,INR,PENDING,Mobile
T0000810,A000179,2025-01-27 00:14:24.530779,Withdrawal,107960.08,INR,PENDING,ATM
T0000811,A001070,2025-12-29 22:24:19.530779,Fee,139811.04,INR,SUCCESS,Branch
T0000812,A000162,2024-10-05 10:27:03.530779,Fee,213709.67,INR,PENDING,ATM
T0000813,A000945,2025-02-09 02:04:52.530779,Transfer,83970.04,INR,FAILED,Online
T0000814,A000936,2026-01-04 17:08:52.530779,Transfer,176545.98,INR,PENDING,Mobile
T0000815,A000789,2026-02-01 10:14:06.530779,Fee,46301.07,INR,SUCCESS,Online
T0000816,A001130,2026-03-28 22:54:43.530779,Withdrawal,70154.69,INR,PENDING,Branch
T0000817,A000546,2025-02-08 15:17:38.530779,Withdrawal,40763.43,INR,PENDING,Branch
T0000818,A001204,2025-08-28 18:04:43.530779,Deposit,112374.85,INR,PENDING,ATM
T0000819,A000271,2025-09-30 09:07:42.530779,Deposit,205844.54,INR,FAILED,ATM
T0000820,A000093,2025-10-06 17:07:39.530779,Transfer,108835.9,INR,PENDING,Mobile
T0000821,A000290,2024-09-22 20:28:21.530779,Withdrawal,211156.57,INR,FAILED,Branch
T0000822,A000037,2024-09-20 20:20:48.530779,Interest,12540.28,INR,PENDING,Branch
T0000823,A000840,2025-05-02 11:53:14.530779,Transfer,237664.72,INR,FAILED,Mobile
T0000824,A000571,2025-04-24 04:22:52.530779,Payment,247970.68,INR,PENDING,Mobile
T0000825,A000672,2026-04-16 21:40:33.530779,Interest,221381.16,INR,FAILED,Online
T0000826,A000995,2024-11-18 02:40:05.530779,Fee,163022.22,INR,PENDING,Mobile
T0000827,A001469,2025-03-03 08:57:41.530779,Payment,60168.58,INR,SUCCESS,Branch
T0000828,A001111,2024-12-03 13:36:35.530779,Transfer,1661.12,INR,SUCCESS,Online
T0000829,A001314,2025-09-14 19:54:27.530779,Interest,188289.22,INR,SUCCESS,Online
T0000830,A000762,2025-01-16 20:20:27.530779,Deposit,152643.56,INR,FAILED,Online
T0000831,A000646,2026-07-24 02:33:59.530779,Withdrawal,106908.18,INR,PENDING,Online
T0000832,A000903,2025-09-26 07:42:32.530779,Deposit,205221.8,INR,SUCCESS,Mobile
T0000833,A000947,2024-11-03 00:37:27.530779,Deposit,202434.53,INR,PENDING,ATM
T0000834,A000010,2026-08-16 23:57:52.530779,Payment,64180.78,INR,PENDING,Online
T0000835,A000640,2026-02-18 20:19:40.530779,Fee,177872.99,INR,PENDING,ATM
T0000836,A000289,2025-05-10 22:56:39.530779,Fee,130523.55,INR,FAILED,Mobile
T0000837,A000270,2025-11-16 11:58:34.530779,Fee,64347.0,INR,FAILED,Online
T0000838,A001279,2025-11-17 02:38:11.530779,Interest,128716.13,INR,SUCCESS,Branch
T0000839,A001103,2025-04-15 10:44:49.530779,Deposit,53383.03,INR,PENDING,Online
T0000840,A000681,2024-10-26 08:48:57.530779,Deposit,38516.89,INR,PENDING,Branch
T0000841,A000141,2025-05-05 06:05:54.530779,Payment,223111.23,INR,SUCCESS,ATM
T0000842,A001074,2025-12-12 08:45:03.530779,Withdrawal,84415.04,INR,SUCCESS,Branch
T0000843,A000831,2026-03-16 01:37:51.530779,Transfer,244755.5,INR,FAILED,Online
T0000844,A000397,2025-12-03 15:43:59.530779,Fee,137033.63,INR,PENDING,ATM
T0000845,A001031,2025-07-23 19:09:38.530779,Withdrawal,136835.9,INR,SUCCESS,ATM
T0000846,A001292,2025-05-11 13:21:36.530779,Transfer,101532.46,INR,SUCCESS,Online
T0000847,A000109,2025-08-24 11:35:22.530779,Payment,204094.47,INR,FAILED,Online
T0000848,A000920,2025-10-27 12:32:24.530779,Fee,83957.33,INR,SUCCESS,ATM
T0000849,A000422,2025-10-31 05:14:05.530779,Fee,45774.79,INR,SUCCESS,Online
T0000850,A000665,2026-03-27 11:33:52.530779,Deposit,10722.04,INR,PENDING,ATM
T0000851,A000209,2024-10-18 21:16:39.530779,Withdrawal,25022.5,INR,SUCCESS,Online
T0000852,A000795,2026-01-06 17:54:25.530779,Deposit,150296.65,INR,PENDING,Online
T0000853,A000605,2025-02-12 11:23:26.530779,Interest,235613.13,INR,PENDING,Branch
T0000854,A000345,2024-11-14 05:52:44.530779,Interest,6045.87,INR,PENDING,ATM
T0000855,A000549,2025-05-17 10:54:09.530779,Interest,235130.14,INR,PENDING,Mobile
T0000856,A001366,2024-09-20 02:26:23.530779,Withdrawal,45642.0,INR,FAILED,ATM
T0000857,A000324,2024-11-18 23:48:51.530779,Payment,189910.68,INR,PENDING,Online
T0000858,A000228,2024-12-09 11:03:43.530779,Transfer,53728.24,INR,PENDING,Mobile
T0000859,A001406,2025-09-10 23:15:54.530779,Interest,147091.32,INR,FAILED,ATM
T0000860,A000579,2024-10-22 15:22:42.530779,Deposit,238969.82,INR,FAILED,Online
T0000861,A000265,2025-12-17 06:23:34.530779,Payment,148780.62,INR,SUCCESS,ATM
T0000862,A001381,2026-09-15 20:54:22.530779,Transfer,161013.93,INR,SUCCESS,Online
T0000863,A000805,2024-11-07 23:46:59.530779,Transfer,239352.42,INR,PENDING,Mobile
T0000864,A000417,2025-07-27 23:52:24.530779,Interest,224325.88,INR,SUCCESS,Online
T0000865,A000259,2025-07-01 12:06:25.530779,Deposit,219583.89,INR,FAILED,Online
T0000866,A001431,2026-02-20 21:41:45.530779,Transfer,16195.93,INR,PENDING,ATM
T0000867,A000193,2026-06-23 21:45:48.530779,Withdrawal,247622.36,INR,FAILED,Mobile
T0000868,A000709,2026-04-01 12:30:22.530779,Withdrawal,227334.71,INR,PENDING,ATM
T0000869,A000741,2025-02-17 01:05:35.530779,Payment,17758.35,INR,SUCCESS,Branch
T0000870,A001183,2026-01-31 20:09:36.530779,Deposit,161066.92,INR,FAILED,Branch
T0000871,A000151,2026-04-03 01:34:10.530779,Fee,96775.66,INR,FAILED,Branch
T0000872,A001425,2025-06-16 01:02:03.530779,Withdrawal,249029.37,INR,PENDING,ATM
T0000873,A001468,2026-09-01 03:59:29.530779,Withdrawal,165586.87,INR,PENDING,ATM
T0000874,A001432,2025-07-31 20:35:04.530779,Transfer,215485.82,INR,SUCCESS,Online
T0000875,A000939,2025-10-27 17:17:52.530779,Payment,189714.82,INR,SUCCESS,ATM
T0000876,A000447,2025-08-20 23:43:20.530779,Withdrawal,158257.49,INR,SUCCESS,Online
T0000877,A000778,2026-02-07 07:09:59.530779,Transfer,63850.46,INR,FAILED,Mobile
T0000878,A000941,2025-07-09 03:16:48.530779,Fee,63767.31,INR,PENDING,Online
T0000879,A001355,2026-06-24 06:13:45.530779,Fee,175643.87,INR,SUCCESS,Mobile
T0000880,A000678,2025-05-04 10:37:57.530779,Deposit,17529.03,INR,PENDING,Online
T0000881,A001318,2026-04-28 00:52:46.530779,Payment,209748.67,INR,SUCCESS,ATM
T0000882,A001305,2025-05-27 23:38:01.530779,Fee,138990.89,INR,FAILED,ATM
T0000883,A000311,2025-05-25 23:56:12.530779,Deposit,22187.72,INR,FAILED,Branch
T0000884,A001263,2025-05-03 04:23:01.530779,Deposit,70469.31,INR,PENDING,ATM
T0000885,A001153,2025-12-31 11:35:33.530779,Fee,197509.6,INR,PENDING,Branch
T0000886,A000382,2025-08-17 20:01:18.530779,Deposit,42830.88,INR,PENDING,Branch
T0000887,A000810,2025-08-05 05:31:37.530779,Deposit,57813.2,INR,SUCCESS,Branch
T0000888,A000018,2026-08-08 05:57:10.530779,Interest,35452.18,INR,FAILED,ATM
T0000889,A000160,2026-03-07 06:13:14.530779,Transfer,115539.74,INR,FAILED,Online
T0000890,A000259,2026-09-01 21:07:22.530779,Deposit,226841.99,INR,SUCCESS,Online
T0000891,A000463,2025-09-07 05:19:52.530779,Interest,188008.39,INR,SUCCESS,Mobile
T0000892,A001435,2025-04-01 15:08:15.530779,Withdrawal,24833.77,INR,PENDING,Mobile
T0000893,A001075,2024-11-28 12:15:57.530779,Deposit,130611.27,INR,FAILED,Online
T0000894,A001159,2026-08-23 12:45:22.530779,Deposit,108490.34,INR,SUCCESS,Branch
T0000895,A000761,2025-04-24 18:55:38.530779,Transfer,137604.5,INR,SUCCESS,ATM
T0000896,A001414,2026-04-25 16:18:49.530779,Payment,41953.1,INR,PENDING,Online
T0000897,A001059,2025-10-15 19:40:22.530779,Deposit,177236.55,INR,FAILED,Mobile
T0000898,A001433,2026-01-23 18:54:25.530779,Fee,214534.22,INR,SUCCESS,Branch
T0000899,A001042,2026-06-05 05:03:25.530779,Fee,119950.01,INR,SUCCESS,ATM
T0000900,A000110,2025-08-25 10:45:07.530779,Interest,24084.02,INR,PENDING,Mobile
T0000901,A000333,2025-03-11 16:47:16.530779,Deposit,13588.19,INR,PENDING,Mobile
T0000902,A001100,2026-06-11 10:09:11.530779,Withdrawal,156355.49,INR,SUCCESS,Mobile
T0000903,A000122,2026-07-30 05:05:25.530779,Transfer,22261.26,INR,FAILED,Branch
T0000904,A000433,2025-07-02 23:16:15.530779,Interest,33006.61,INR,PENDING,Online
T0000905,A000738,2024-11-26 14:46:26.530779,Fee,150650.62,INR,SUCCESS,Online
T0000906,A001285,2026-08-10 04:02:09.530779,Interest,3360.14,INR,SUCCESS,Mobile
T0000907,A001464,2024-11-10 09:30:51.530779,Interest,37402.0,INR,SUCCESS,Mobile
T0000908,A000736,2025-12-13 17:33:42.530779,Withdrawal,173893.6,INR,SUCCESS,Mobile
T0000909,A000085,2025-10-06 06:29:28.530779,Withdrawal,125884.2,INR,FAILED,ATM
T0000910,A000520,2024-11-07 14:15:12.530779,Payment,49340.66,INR,PENDING,Online
T0000911,A000473,2025-09-07 21:05:15.530779,Payment,114283.82,INR,FAILED,Branch
T0000912,A001252,2026-05-11 02:55:21.530779,Fee,56138.81,INR,SUCCESS,Online
T0000913,A001226,2026-07-19 05:19:25.530779,Deposit,103986.07,INR,PENDING,Online
T0000914,A000775,2026-01-13 10:17:54.530779,Fee,10315.07,INR,SUCCESS,Mobile
T0000915,A000540,2025-01-20 00:29:28.530779,Withdrawal,210552.5,INR,PENDING,ATM
T0000916,A000793,2024-11-27 22:00:21.530779,Payment,40634.37,INR,PENDING,Online
T0000917,A000860,2025-04-15 03:44:39.530779,Payment,3596.63,INR,SUCCESS,ATM
T0000918,A000755,2025-11-09 19:42:55.530779,Payment,210374.51,INR,FAILED,Branch
T0000919,A000479,2024-10-31 13:22:47.530779,Interest,98560.91,INR,SUCCESS,Online
T0000920,A000807,2026-04-27 18:04:32.530779,Transfer,90481.46,INR,FAILED,ATM
T0000921,A001344,2025-06-07 10:22:12.530779,Deposit,110299.72,INR,FAILED,Branch
T0000922,A001239,2025-04-09 10:34:35.530779,Withdrawal,179348.21,INR,PENDING,Branch
T0000923,A000620,2025-09-06 23:44:23.530779,Interest,151169.15,INR,SUCCESS,Branch
T0000924,A000346,2025-04-02 04:08:35.530779,Payment,33758.94,INR,SUCCESS,Online
T0000925,A000524,2025-07-19 04:46:33.530779,Withdrawal,196479.03,INR,PENDING,Mobile
T0000926,A001137,2025-09-06 23:15:37.530779,Interest,80208.3,INR,PENDING,Mobile
T0000927,A001052,2025-01-01 18:10:06.530779,Interest,221582.46,INR,SUCCESS,Branch
T0000928,A000201,2026-05-21 21:55:08.530779,Interest,155731.39,INR,FAILED,Mobile
T0000929,A001484,2026-07-06 08:10:15.530779,Transfer,226869.22,INR,PENDING,Online
T0000930,A001170,2026-07-25 21:18:11.530779,Interest,95128.54,INR,SUCCESS,Mobile
T0000931,A000491,2026-04-16 11:45:56.530779,Withdrawal,180069.34,INR,FAILED,Branch
T0000932,A001366,2025-03-30 12:44:29.530779,Deposit,91231.16,INR,SUCCESS,Mobile
T0000933,A000415,2025-05-29 08:55:20.530779,Deposit,202248.31,INR,SUCCESS,Online
T0000934,A001370,2024-12-09 12:44:56.530779,Fee,124927.11,INR,SUCCESS,ATM
T0000935,A000957,2025-06-20 12:53:34.530779,Interest,97662.04,INR,PENDING,ATM
T0000936,A000929,2026-02-13 11:28:26.530779,Payment,146747.95,INR,PENDING,ATM
T0000937,A000409,2026-07-02 11:38:40.530779,Transfer,241766.88,INR,FAILED,ATM
T0000938,A000555,2026-04-20 16:37:15.530779,Payment,96726.14,INR,PENDING,Branch
T0000939,A000428,2024-11-24 15:07:04.530779,Transfer,31705.64,INR,SUCCESS,ATM
T0000940,A000046,2025-07-09 12:53:53.530779,Fee,174465.57,INR,SUCCESS,ATM
T0000941,A001041,2026-06-15 10:34:58.530779,Deposit,203710.01,INR,SUCCESS,Branch
T0000942,A000662,2026-05-23 04:37:15.530779,Transfer,143971.57,INR,FAILED,ATM
T0000943,A000232,2025-12-21 06:02:43.530779,Withdrawal,3485.21,INR,FAILED,Mobile
T0000944,A001470,2025-05-23 12:49:31.530779,Fee,246826.05,INR,FAILED,Mobile
T0000945,A000586,2025-10-19 03:53:26.530779,Deposit,249424.29,INR,FAILED,Mobile
T0000946,A000851,2025-05-31 05:09:37.530779,Deposit,75319.26,INR,FAILED,ATM
T0000947,A000928,2025-04-26 01:27:43.530779,Fee,103221.05,INR,PENDING,Branch
T0000948,A001395,2025-05-09 03:13:29.530779,Deposit,7593.92,INR,PENDING,Online
T0000949,A000730,2026-02-09 18:45:21.530779,Withdrawal,35607.98,INR,SUCCESS,Online
T0000950,A000915,2025-10-02 19:25:01.530779,Deposit,229045.95,INR,PENDING,ATM
T0000951,A000429,2025-08-11 05:07:27.530779,Transfer,203929.81,INR,PENDING,ATM
T0000952,A001036,2025-03-19 15:11:32.530779,Payment,65014.42,INR,PENDING,Branch
T0000953,A001019,2024-11-08 03:31:21.530779,Withdrawal,160739.67,INR,SUCCESS,Online
T0000954,A000842,2026-08-29 18:41:26.530779,Transfer,218840.49,INR,SUCCESS,Mobile
T0000955,A000928,2025-12-19 16:16:45.530779,Withdrawal,144368.45,INR,FAILED,ATM
T0000956,A000400,2025-11-10 06:17:05.530779,Payment,950.98,INR,FAILED,Online
T0000957,A001289,2026-07-13 01:07:38.530779,Interest,89341.77,INR,SUCCESS,Branch
T0000958,A000051,2026-03-23 01:43:07.530779,Transfer,81438.36,INR,PENDING,Online
T0000959,A000312,2024-10-27 00:21:03.530779,Payment,214098.08,INR,SUCCESS,Mobile
T0000960,A000382,2024-11-26 10:41:10.530779,Transfer,115832.36,INR,SUCCESS,Online
T0000961,A001238,2025-11-29 00:23:34.530779,Transfer,56754.62,INR,PENDING,Online
T0000962,A001084,2025-04-30 13:55:11.530779,Interest,173562.53,INR,FAILED,Mobile
T0000963,A000250,2024-10-25 06:39:17.530779,Withdrawal,94583.06,INR,FAILED,ATM
T0000964,A001062,2026-09-16 05:02:32.530779,Payment,44084.96,INR,PENDING,Online
T0000965,A000382,2026-05-28 22:54:30.530779,Fee,181590.96,INR,FAILED,Mobile
T0000966,A001473,2025-09-07 04:04:58.530779,Transfer,241593.42,INR,FAILED,Mobile
T0000967,A000347,2025-05-18 04:49:50.530779,Withdrawal,160020.16,INR,FAILED,Mobile
T0000968,A000390,2026-09-06 21:51:18.530779,Fee,150887.1,INR,SUCCESS,Online
T0000969,A000971,2025-07-11 12:40:01.530779,Interest,173403.84,INR,SUCCESS,ATM
T0000970,A000465,2025-05-08 04:07:59.530779,Payment,106762.69,INR,PENDING,ATM
T0000971,A000814,2024-10-25 16:31:28.530779,Deposit,226858.76,INR,PENDING,Branch
T0000972,A000384,2024-11-05 18:03:01.530779,Payment,151822.86,INR,SUCCESS,Mobile
T0000973,A000080,2025-04-12 13:18:20.530779,Deposit,3638.45,INR,SUCCESS,Mobile
T0000974,A000726,2025-10-30 03:03:42.530779,Interest,211345.91,INR,PENDING,Mobile
T0000975,A001295,2026-04-14 19:49:34.530779,Withdrawal,176551.14,INR,FAILED,Branch
T0000976,A001094,2026-09-14 08:58:24.530779,Transfer,194859.74,INR,FAILED,Mobile
T0000977,A000538,2025-08-18 15:32:39.530779,Withdrawal,36372.64,INR,SUCCESS,Mobile
T0000978,A001459,2025-02-12 05:18:18.530779,Fee,4320.14,INR,SUCCESS,ATM
T0000979,A000709,2025-06-06 05:02:05.530779,Fee,247598.34,INR,PENDING,Mobile
T0000980,A000378,2026-08-01 22:24:55.530779,Withdrawal,183589.69,INR,FAILED,Branch
T0000981,A000375,2024-11-17 13:09:22.530779,Fee,248226.41,INR,FAILED,Mobile
T0000982,A000101,2025-10-05 23:18:59.530779,Payment,60636.57,INR,PENDING,Branch
T0000983,A001327,2025-05-28 01:51:23.530779,Deposit,132940.0,INR,FAILED,Branch
T0000984,A000565,2026-08-21 17:20:03.530779,Deposit,206935.52,INR,SUCCESS,Branch
T0000985,A000470,2026-08-06 10:54:26.530779,Fee,237449.5,INR,SUCCESS,ATM
T0000986,A001352,2025-02-18 23:55:21.530779,Deposit,55015.91,INR,FAILED,Mobile
T0000987,A001042,2025-11-04 01:30:59.530779,Transfer,166026.15,INR,SUCCESS,Branch
T0000988,A000791,2026-07-24 12:43:55.530779,Deposit,78526.36,INR,FAILED,Branch
T0000989,A000653,2024-11-05 12:35:31.530779,Transfer,142212.38,INR,SUCCESS,Online
T0000990,A000877,2025-10-02 02:34:39.530779,Interest,66990.27,INR,SUCCESS,ATM
T0000991,A000557,2025-08-23 15:01:18.530779,Deposit,142436.9,INR,PENDING,Online
T0000992,A001214,2026-05-03 13:07:04.530779,Withdrawal,147774.56,INR,FAILED,Branch
T0000993,A000124,2025-09-21 06:09:35.530779,Payment,200876.69,INR,SUCCESS,Online
T0000994,A000891,2025-06-06 05:34:20.530779,Withdrawal,166699.22,INR,SUCCESS,Branch
T0000995,A001493,2024-12-27 04:22:44.530779,Interest,22542.37,INR,FAILED,Online
T0000996,A000499,2025-04-14 20:14:22.530779,Interest,107556.12,INR,PENDING,Branch
T0000997,A001161,2026-01-06 18:47:52.530779,Interest,113530.41,INR,SUCCESS,Branch
T0000998,A000338,2025-04-28 02:07:49.530779,Payment,122688.32,INR,FAILED,Mobile
T0000999,A000380,2024-12-10 21:20:42.530779,Withdrawal,109518.49,INR,FAILED,Online
T0001000,A001425,2026-01-04 11:46:33.530779,Fee,240962.3,INR,PENDING,Branch
T0001001,A000861,2026-07-16 19:15:39.530779,Transfer,59384.13,INR,PENDING,Mobile
T0001002,A001431,2026-06-28 20:14:34.530779,Interest,77260.97,INR,SUCCESS,Online
T0001003,A000674,2026-06-27 13:20:44.530779,Transfer,47175.19,INR,PENDING,ATM
T0001004,A000256,2025-03-25 07:55:07.530779,Withdrawal,11515.6,INR,SUCCESS,Online
T0001005,A000715,2025-09-15 00:17:07.530779,Payment,201907.8,INR,FAILED,ATM
T0001006,A000935,2026-04-19 22:44:02.530779,Transfer,120036.49,INR,PENDING,Online
T0001007,A000862,2024-09-21 04:32:11.530779,Fee,116120.38,INR,FAILED,ATM
T0001008,A001017,2026-03-31 15:16:35.530779,Payment,74506.19,INR,FAILED,Branch
T0001009,A000860,2025-08-02 02:40:13.530779,Withdrawal,96475.66,INR,FAILED,Branch
T0001010,A000527,2026-08-28 00:39:31.530779,Transfer,8353.26,INR,FAILED,Mobile
T0001011,A001432,2025-09-16 10:53:17.530779,Withdrawal,117617.92,INR,SUCCESS,Branch
T0001012,A000874,2025-06-25 20:00:06.530779,Fee,46699.22,INR,FAILED,Branch
T0001013,A001301,2024-12-09 03:25:51.530779,Fee,162553.46,INR,SUCCESS,Branch
T0001014,A000422,2025-05-06 11:07:11.530779,Deposit,173710.9,INR,PENDING,Branch
T0001015,A000754,2024-09-28 05:57:19.530779,Transfer,27619.48,INR,PENDING,Mobile
T0001016,A001382,2026-01-06 14:29:06.530779,Withdrawal,106698.96,INR,SUCCESS,Online
T0001017,A000594,2025-08-07 21:47:13.530779,Fee,155229.15,INR,PENDING,ATM
T0001018,A000715,2026-06-08 13:45:18.530779,Transfer,103545.48,INR,FAILED,Mobile
T0001019,A000537,2025-07-22 11:27:32.530779,Transfer,186357.73,INR,FAILED,ATM
T0001020,A001254,2024-12-03 10:32:48.530779,Deposit,98940.93,INR,PENDING,Mobile
T0001021,A001446,2026-06-04 08:15:24.530779,Transfer,69019.41,INR,FAILED,ATM
T0001022,A000553,2025-05-09 20:21:40.530779,Payment,66022.21,INR,PENDING,Mobile
T0001023,A000098,2025-02-16 07:36:14.530779,Fee,82114.18,INR,FAILED,Mobile
T0001024,A001482,2026-06-01 16:47:50.530779,Withdrawal,247082.96,INR,PENDING,ATM
T0001025,A000323,2024-12-31 08:30:05.530779,Deposit,241837.81,INR,PENDING,Branch
T0001026,A001416,2025-01-30 01:39:27.530779,Withdrawal,28874.37,INR,FAILED,Online
T0001027,A000618,2026-01-23 11:19:42.530779,Fee,87002.14,INR,FAILED,Branch
T0001028,A000968,2025-10-04 11:41:14.530779,Fee,33064.73,INR,SUCCESS,Online
T0001029,A000088,2025-05-27 23:47:56.530779,Transfer,69606.6,INR,FAILED,ATM
T0001030,A000304,2025-10-15 01:45:45.530779,Interest,152773.51,INR,PENDING,Online
T0001031,A000729,2024-10-18 04:34:43.530779,Deposit,34176.47,INR,SUCCESS,Mobile
T0001032,A000806,2026-01-05 11:33:53.530779,Transfer,132238.38,INR,PENDING,Branch
T0001033,A001193,2025-04-02 11:28:19.530779,Transfer,157038.31,INR,FAILED,Online
T0001034,A000162,2026-04-11 15:05:37.530779,Fee,152410.04,INR,SUCCESS,ATM
T0001035,A001132,2026-09-12 12:33:15.530779,Transfer,47369.23,INR,PENDING,ATM
T0001036,A000454,2025-10-31 13:33:06.530779,Deposit,18212.5,INR,PENDING,ATM
T0001037,A000608,2024-11-08 06:52:55.530779,Withdrawal,47704.38,INR,FAILED,Mobile
T0001038,A000069,2026-08-07 04:22:15.530779,Withdrawal,48806.21,INR,FAILED,ATM
T0001039,A000833,2025-03-26 09:04:55.530779,Withdrawal,164040.22,INR,SUCCESS,ATM
T0001040,A001463,2025-05-15 15:50:27.530779,Fee,103979.74,INR,PENDING,Branch
T0001041,A000067,2026-03-27 00:26:57.530779,Fee,197888.29,INR,PENDING,ATM
T0001042,A001166,2026-09-17 04:33:28.530779,Transfer,95419.13,INR,PENDING,Online
T0001043,A000184,2025-02-23 23:14:02.530779,Interest,165699.78,INR,FAILED,Branch
T0001044,A000954,2025-07-09 01:46:27.530779,Transfer,47162.08,INR,SUCCESS,ATM
T0001045,A000120,2025-04-20 11:01:36.530779,Withdrawal,57172.39,INR,FAILED,Online
T0001046,A001146,2025-03-06 05:19:36.530779,Fee,236085.58,INR,FAILED,Branch
T0001047,A000919,2025-09-01 06:01:31.530779,Transfer,182485.2,INR,SUCCESS,Mobile
T0001048,A001066,2025-04-13 04:17:20.530779,Withdrawal,155939.76,INR,SUCCESS,Online
T0001049,A000276,2025-02-06 00:01:13.530779,Transfer,100378.04,INR,SUCCESS,Mobile
T0001050,A000471,2025-04-16 23:47:30.530779,Deposit,54942.95,INR,FAILED,Branch
T0001051,A000139,2026-01-12 15:29:04.530779,Interest,173095.28,INR,PENDING,Branch
T0001052,A000022,2025-12-31 12:43:32.530779,Payment,213990.1,INR,SUCCESS,Branch
T0001053,A000712,2026-06-06 21:38:13.530779,Transfer,62355.95,INR,PENDING,Online
T0001054,A001315,2025-03-16 09:33:02.530779,Transfer,52731.28,INR,SUCCESS,Mobile
T0001055,A001139,2025-05-14 20:36:32.530779,Transfer,204034.58,INR,SUCCESS,Mobile
T0001056,A000555,2024-10-19 07:19:19.530779,Interest,229483.16,INR,SUCCESS,Online
T0001057,A000607,2025-01-28 19:05:47.530779,Payment,17118.53,INR,PENDING,Online
T0001058,A001470,2024-12-22 15:58:00.530779,Withdrawal,239407.2,INR,PENDING,Mobile
T0001059,A000765,2025-07-16 01:19:36.530779,Deposit,109892.72,INR,PENDING,Branch
T0001060,A000948,2025-06-12 19:19:31.530779,Interest,194069.36,INR,SUCCESS,Branch
T0001061,A001416,2026-07-09 22:35:14.530779,Payment,80346.62,INR,FAILED,Branch
T0001062,A001231,2025-01-06 22:05:10.530779,Withdrawal,231422.26,INR,SUCCESS,Branch
T0001063,A001110,2025-09-23 22:43:27.530779,Withdrawal,134252.05,INR,FAILED,Mobile
T0001064,A001289,2026-08-14 16:30:38.530779,Withdrawal,84935.65,INR,SUCCESS,Mobile
T0001065,A001227,2025-02-26 10:57:29.530779,Deposit,200685.85,INR,PENDING,ATM
T0001066,A001094,2025-10-19 13:46:53.530779,Transfer,178181.62,INR,PENDING,Mobile
T0001067,A000511,2025-05-31 17:06:16.530779,Interest,46987.86,INR,PENDING,Online
T0001068,A000267,2025-03-29 03:03:36.530779,Deposit,21579.57,INR,SUCCESS,Online
T0001069,A001052,2026-03-17 16:06:01.530779,Deposit,59002.98,INR,FAILED,Branch
T0001070,A001372,2026-06-10 01:14:58.530779,Deposit,113658.21,INR,SUCCESS,Branch
T0001071,A001289,2025-07-15 00:44:30.530779,Withdrawal,149606.23,INR,FAILED,Online
T0001072,A001265,2026-05-14 21:58:54.530779,Transfer,173641.79,INR,SUCCESS,ATM
T0001073,A000209,2025-01-10 17:24:53.530779,Withdrawal,43958.17,INR,FAILED,Branch
T0001074,A000452,2025-06-07 08:31:23.530779,Fee,113655.44,INR,SUCCESS,Online
T0001075,A000307,2025-09-24 09:57:39.530779,Withdrawal,28335.42,INR,SUCCESS,Branch
T0001076,A001404,2026-08-16 11:05:53.530779,Transfer,147816.54,INR,PENDING,Branch
T0001077,A000004,2025-04-04 06:32:23.530779,Interest,134940.66,INR,SUCCESS,Mobile
T0001078,A000619,2025-07-13 10:08:56.530779,Payment,219314.55,INR,SUCCESS,ATM
T0001079,A001023,2026-02-16 18:18:34.530779,Fee,149845.16,INR,FAILED,Online
T0001080,A000043,2025-06-24 16:20:44.530779,Withdrawal,2680.07,INR,FAILED,Branch
T0001081,A000147,2026-02-21 12:08:56.530779,Fee,191545.57,INR,FAILED,Mobile
T0001082,A001018,2026-08-19 15:44:50.530779,Transfer,156016.12,INR,SUCCESS,Branch
T0001083,A001348,2025-12-01 22:32:11.530779,Withdrawal,40073.59,INR,PENDING,ATM
T0001084,A000549,2025-11-18 07:55:07.530779,Withdrawal,113142.4,INR,FAILED,Branch
T0001085,A000328,2025-08-12 05:38:12.530779,Transfer,141852.96,INR,SUCCESS,Branch
T0001086,A000716,2024-12-11 13:58:10.530779,Fee,21020.37,INR,PENDING,Mobile
T0001087,A000756,2024-10-18 23:14:41.530779,Fee,181309.42,INR,SUCCESS,Mobile
T0001088,A000240,2026-05-19 09:50:10.530779,Deposit,80712.82,INR,FAILED,Mobile
T0001089,A001212,2024-11-02 04:57:00.530779,Transfer,79019.58,INR,PENDING,Branch
T0001090,A000501,2025-05-16 15:17:58.530779,Payment,167126.93,INR,SUCCESS,Branch
T0001091,A001481,2025-03-15 22:05:27.530779,Transfer,166053.67,INR,SUCCESS,Online
T0001092,A000156,2025-12-05 13:09:16.530779,Transfer,165845.01,INR,PENDING,Online
T0001093,A000696,2026-07-13 19:29:55.530779,Deposit,48713.49,INR,PENDING,Online
T0001094,A001103,2025-05-06 23:15:58.530779,Deposit,10997.99,INR,PENDING,Mobile
T0001095,A000132,2026-09-11 05:08:47.530779,Interest,21018.62,INR,SUCCESS,Online
T0001096,A000763,2025-03-16 02:12:21.530779,Interest,74088.52,INR,PENDING,Online
T0001097,A001103,2026-09-18 12:59:27.530779,Withdrawal,217445.58,INR,PENDING,Branch
T0001098,A000823,2026-03-22 17:36:55.530779,Transfer,223418.01,INR,SUCCESS,Online
T0001099,A000537,2026-03-17 11:19:28.530779,Fee,134354.71,INR,FAILED,ATM
T0001100,A001380,2025-07-29 04:17:31.530779,Deposit,10740.8,INR,FAILED,Mobile
T0001101,A001020,2026-04-26 17:43:25.530779,Payment,159606.41,INR,FAILED,Mobile
T0001102,A000671,2025-08-07 18:23:24.530779,Interest,239944.71,INR,PENDING,Branch
T0001103,A000637,2025-07-05 13:58:01.530779,Interest,29776.11,INR,FAILED,Mobile
T0001104,A001349,2025-04-30 10:12:47.530779,Withdrawal,28037.09,INR,SUCCESS,Branch
T0001105,A000154,2025-02-15 05:56:52.530779,Withdrawal,45837.13,INR,FAILED,Online
T0001106,A000335,2024-11-05 09:46:51.530779,Fee,63308.62,INR,SUCCESS,Online
T0001107,A001047,2025-07-05 17:06:33.530779,Fee,193144.15,INR,PENDING,Online
T0001108,A001260,2024-12-21 16:34:47.530779,Payment,38440.72,INR,FAILED,ATM
T0001109,A000198,2026-05-02 18:36:39.530779,Interest,40304.82,INR,PENDING,Mobile
T0001110,A000041,2025-01-11 19:26:15.530779,Deposit,54913.11,INR,FAILED,Branch
T0001111,A001410,2025-11-13 00:11:29.530779,Interest,42106.07,INR,SUCCESS,Online
T0001112,A000403,2024-09-25 12:05:36.530779,Interest,40407.28,INR,FAILED,Mobile
T0001113,A000387,2026-03-31 13:50:53.530779,Deposit,1061.83,INR,PENDING,Online
T0001114,A000554,2025-08-20 05:57:47.530779,Withdrawal,221585.35,INR,SUCCESS,Online
T0001115,A001412,2025-09-18 19:34:07.530779,Withdrawal,231233.72,INR,PENDING,Mobile
T0001116,A001253,2026-07-27 19:59:02.530779,Deposit,15004.36,INR,FAILED,Branch
T0001117,A000894,2025-03-06 16:04:55.530779,Withdrawal,214462.86,INR,SUCCESS,Mobile
T0001118,A000790,2026-02-15 21:37:02.530779,Interest,197421.99,INR,SUCCESS,Mobile
T0001119,A000171,2026-01-28 14:15:58.530779,Fee,84122.0,INR,SUCCESS,Branch
T0001120,A000932,2025-03-20 13:54:25.530779,Deposit,62033.26,INR,PENDING,ATM
T0001121,A000153,2025-01-08 23:27:32.530779,Withdrawal,38847.63,INR,PENDING,Mobile
T0001122,A001469,2025-04-13 07:38:36.530779,Fee,38173.4,INR,PENDING,Mobile
T0001123,A000945,2025-09-12 06:13:53.530779,Interest,150061.65,INR,SUCCESS,Branch
T0001124,A000832,2025-08-19 00:08:58.530779,Payment,123302.78,INR,SUCCESS,Online
T0001125,A001482,2025-11-26 22:20:08.530779,Transfer,206397.89,INR,SUCCESS,Online
T0001126,A001071,2026-07-02 19:01:31.530779,Deposit,214089.52,INR,FAILED,Mobile
T0001127,A000261,2024-12-05 22:02:42.530779,Payment,151714.03,INR,FAILED,Online
T0001128,A001423,2026-01-04 17:44:56.530779,Deposit,88150.59,INR,PENDING,Branch
T0001129,A001318,2026-05-06 18:50:37.530779,Withdrawal,135300.34,INR,FAILED,ATM
T0001130,A000365,2026-07-28 17:32:30.530779,Interest,168921.68,INR,PENDING,Mobile
T0001131,A000772,2026-09-08 13:39:26.530779,Transfer,174013.2,INR,FAILED,Branch
T0001132,A000725,2025-03-13 21:41:53.530779,Fee,207375.3,INR,SUCCESS,ATM
T0001133,A000631,2025-12-22 06:51:42.530779,Fee,126856.73,INR,PENDING,Mobile
T0001134,A000458,2025-09-06 11:18:14.530779,Fee,68279.9,INR,FAILED,Online
T0001135,A000280,2025-12-19 10:16:26.530779,Fee,215427.13,INR,SUCCESS,Branch
T0001136,A000974,2025-06-21 22:16:19.530779,Withdrawal,191231.56,INR,FAILED,Branch
T0001137,A000129,2026-05-17 10:30:58.530779,Payment,143566.17,INR,FAILED,Branch
T0001138,A000008,2024-10-12 19:54:24.530779,Fee,195483.53,INR,FAILED,ATM
T0001139,A000523,2026-08-23 17:33:42.530779,Fee,88050.64,INR,PENDING,ATM
T0001140,A000155,2025-11-09 09:28:14.530779,Fee,48465.96,INR,PENDING,ATM
T0001141,A000947,2025-01-13 14:23:29.530779,Withdrawal,72314.92,INR,FAILED,ATM
T0001142,A001191,2025-04-19 13:56:39.530779,Fee,202125.97,INR,SUCCESS,Branch
T0001143,A001094,2025-07-16 20:42:07.530779,Deposit,66378.75,INR,FAILED,Online
T0001144,A001358,2026-06-01 05:29:50.530779,Interest,128740.94,INR,FAILED,Online
T0001145,A000243,2025-08-20 05:39:05.530779,Deposit,41090.2,INR,SUCCESS,Branch
T0001146,A000820,2024-10-30 13:52:22.530779,Transfer,138263.95,INR,SUCCESS,Online
T0001147,A000555,2026-03-31 05:57:05.530779,Fee,208407.6,INR,FAILED,Online
T0001148,A001140,2025-05-03 23:26:56.530779,Fee,143326.29,INR,SUCCESS,Online
T0001149,A000625,2025-08-23 16:59:42.530779,Interest,203719.4,INR,PENDING,Mobile
T0001150,A000971,2026-06-15 21:05:33.530779,Transfer,208368.55,INR,PENDING,Online
T0001151,A000852,2026-04-09 12:05:09.530779,Withdrawal,3740.77,INR,FAILED,ATM
T0001152,A000002,2024-10-03 01:08:57.530779,Withdrawal,11576.47,INR,FAILED,Branch
T0001153,A000209,2026-08-16 14:06:45.530779,Fee,222162.27,INR,PENDING,ATM
T0001154,A000036,2026-07-12 06:49:52.530779,Transfer,96911.9,INR,SUCCESS,ATM
T0001155,A000898,2026-04-21 06:24:16.530779,Fee,166275.12,INR,FAILED,Branch
T0001156,A000107,2025-12-23 20:09:48.530779,Fee,190316.39,INR,PENDING,Online
T0001157,A001088,2026-07-21 03:44:12.530779,Payment,40582.67,INR,PENDING,Online
T0001158,A001293,2024-10-21 03:32:35.530779,Withdrawal,106988.93,INR,PENDING,Online
T0001159,A000556,2024-11-07 07:50:12.530779,Transfer,75823.72,INR,FAILED,Mobile
T0001160,A000089,2026-05-28 21:06:12.530779,Payment,121038.6,INR,PENDING,ATM
T0001161,A000821,2025-11-26 19:46:05.530779,Transfer,41292.19,INR,SUCCESS,Branch
T0001162,A000240,2025-02-12 04:01:06.530779,Transfer,227549.28,INR,PENDING,Branch
T0001163,A000646,2026-01-22 04:24:52.530779,Payment,192052.79,INR,SUCCESS,Mobile
T0001164,A000017,2025-01-25 21:36:06.530779,Transfer,59054.37,INR,PENDING,ATM
T0001165,A000530,2025-12-14 00:29:58.530779,Payment,76895.06,INR,FAILED,ATM
T0001166,A001403,2026-03-28 09:56:08.530779,Transfer,93154.12,INR,SUCCESS,Branch
T0001167,A000198,2025-08-20 05:38:41.530779,Withdrawal,133640.95,INR,FAILED,Online
T0001168,A000281,2026-02-02 02:24:31.530779,Transfer,83320.93,INR,FAILED,Mobile
T0001169,A001437,2025-01-02 05:28:52.530779,Fee,14183.51,INR,PENDING,Mobile
T0001170,A001349,2025-10-28 04:04:46.530779,Withdrawal,236631.56,INR,SUCCESS,Branch
T0001171,A000294,2025-05-20 22:44:03.530779,Interest,242480.65,INR,FAILED,Mobile
T0001172,A001098,2025-11-29 09:17:06.530779,Interest,136439.89,INR,SUCCESS,ATM
T0001173,A001459,2026-04-12 11:06:57.530779,Interest,80375.1,INR,FAILED,Mobile
T0001174,A001370,2025-03-24 20:42:30.530779,Transfer,42660.76,INR,FAILED,Mobile
T0001175,A000208,2026-09-19 10:48:41.530779,Payment,29002.47,INR,PENDING,ATM
T0001176,A001260,2026-02-02 12:50:11.530779,Deposit,112211.81,INR,SUCCESS,ATM
T0001177,A001305,2024-11-12 18:41:34.530779,Deposit,90881.88,INR,PENDING,Online
T0001178,A000931,2025-06-11 15:44:56.530779,Transfer,67384.33,INR,SUCCESS,ATM
T0001179,A000731,2026-07-05 07:15:02.530779,Withdrawal,74461.02,INR,PENDING,ATM
T0001180,A000244,2025-01-12 16:13:21.530779,Transfer,145187.18,INR,PENDING,Branch
T0001181,A000593,2025-04-12 08:53:38.530779,Fee,50873.32,INR,FAILED,Mobile
T0001182,A001095,2026-02-02 18:01:03.530779,Deposit,55639.16,INR,SUCCESS,Mobile
T0001183,A000141,2025-11-25 02:27:23.530779,Interest,50339.71,INR,PENDING,Mobile
T0001184,A001051,2025-12-01 00:47:31.530779,Payment,126556.3,INR,SUCCESS,Online
T0001185,A000983,2025-09-16 05:46:03.530779,Fee,118856.94,INR,SUCCESS,ATM
T0001186,A000377,2026-04-11 15:15:34.530779,Transfer,171099.38,INR,FAILED,Mobile
T0001187,A001417,2025-01-23 15:38:14.530779,Transfer,102207.57,INR,PENDING,Mobile
T0001188,A000989,2025-08-21 07:40:23.530779,Fee,12595.63,INR,PENDING,Online
T0001189,A001405,2025-09-19 14:53:51.530779,Payment,47079.08,INR,FAILED,Branch
T0001190,A000982,2026-02-10 02:37:09.530779,Payment,185602.46,INR,SUCCESS,Branch
T0001191,A000636,2026-05-15 01:48:24.530779,Withdrawal,52554.05,INR,FAILED,Mobile
T0001192,A001179,2026-05-14 21:26:31.530779,Transfer,222175.84,INR,PENDING,Branch
T0001193,A000108,2025-06-15 11:51:40.530779,Fee,146926.73,INR,PENDING,Online
T0001194,A000230,2026-08-27 00:46:25.530779,Deposit,133113.27,INR,PENDING,ATM
T0001195,A001183,2026-01-24 07:43:33.530779,Deposit,132869.8,INR,SUCCESS,ATM
T0001196,A001443,2025-03-06 02:53:43.530779,Deposit,135121.61,INR,FAILED,ATM
T0001197,A001333,2025-07-11 05:37:33.530779,Transfer,97526.62,INR,PENDING,ATM
T0001198,A001484,2026-06-16 21:49:23.530779,Payment,145751.45,INR,FAILED,Mobile
T0001199,A001005,2026-04-17 12:56:04.530779,Transfer,158813.85,INR,PENDING,ATM
T0001200,A001062,2026-03-06 04:01:54.530779,Interest,27879.35,INR,PENDING,Online
T0001201,A000147,2025-03-22 04:39:08.530779,Payment,186323.58,INR,FAILED,Online
T0001202,A001084,2025-02-07 10:19:26.530779,Fee,46964.1,INR,PENDING,Branch
T0001203,A000030,2024-12-12 16:15:16.530779,Transfer,187678.13,INR,PENDING,ATM
T0001204,A000203,2025-06-15 11:23:52.530779,Transfer,198721.78,INR,SUCCESS,Branch
T0001205,A001072,2026-02-10 05:15:00.530779,Payment,245512.44,INR,SUCCESS,Online
T0001206,A001308,2025-03-25 07:21:11.530779,Deposit,52559.02,INR,PENDING,ATM
T0001207,A000234,2025-12-08 18:57:28.530779,Deposit,144572.75,INR,PENDING,Branch
T0001208,A000564,2026-03-25 02:20:02.530779,Transfer,144151.79,INR,SUCCESS,Mobile
T0001209,A000959,2025-01-05 15:38:30.530779,Fee,11843.82,INR,FAILED,Mobile
T0001210,A000867,2026-04-16 14:54:40.530779,Fee,52010.69,INR,FAILED,Online
T0001211,A000642,2026-06-25 23:20:58.530779,Interest,126197.68,INR,SUCCESS,Branch
T0001212,A000400,2024-10-02 11:01:20.530779,Withdrawal,168366.3,INR,SUCCESS,Online
T0001213,A000494,2025-01-22 20:23:19.530779,Fee,20047.07,INR,SUCCESS,Mobile
T0001214,A000630,2026-04-30 16:41:53.530779,Withdrawal,161614.95,INR,FAILED,ATM
T0001215,A001482,2025-01-22 08:17:21.530779,Payment,10661.41,INR,SUCCESS,ATM
T0001216,A001029,2026-03-21 03:06:31.530779,Interest,30841.93,INR,FAILED,ATM
T0001217,A000614,2024-11-21 04:22:02.530779,Withdrawal,178686.95,INR,SUCCESS,Branch
T0001218,A001428,2024-11-30 11:55:35.530779,Fee,124097.72,INR,FAILED,Branch
T0001219,A000162,2025-02-10 15:26:39.530779,Withdrawal,172582.76,INR,PENDING,Branch
T0001220,A000429,2026-04-24 08:21:42.530779,Transfer,60574.42,INR,PENDING,Online
T0001221,A001284,2026-09-10 23:41:17.530779,Transfer,136183.71,INR,FAILED,Online
T0001222,A000598,2025-09-30 22:28:16.530779,Payment,166448.22,INR,SUCCESS,ATM
T0001223,A000491,2025-10-20 13:06:12.530779,Fee,121887.12,INR,SUCCESS,ATM
T0001224,A000208,2025-09-10 03:38:28.530779,Payment,72615.31,INR,FAILED,Online
T0001225,A001041,2026-07-27 04:18:31.530779,Withdrawal,117937.04,INR,SUCCESS,Branch
T0001226,A001116,2024-10-18 05:11:47.530779,Fee,105513.87,INR,PENDING,Branch
T0001227,A000703,2025-11-12 23:35:59.530779,Withdrawal,73816.82,INR,PENDING,Online
T0001228,A000526,2025-10-11 08:42:33.530779,Deposit,204268.35,INR,PENDING,Branch
T0001229,A000215,2024-12-07 00:42:07.530779,Fee,249794.08,INR,FAILED,ATM
T0001230,A000686,2026-07-01 06:53:00.530779,Fee,218060.88,INR,PENDING,ATM
T0001231,A000088,2025-11-13 09:05:57.530779,Transfer,240837.31,INR,SUCCESS,Mobile
T0001232,A001120,2026-08-06 19:49:33.530779,Deposit,33928.69,INR,SUCCESS,Online
T0001233,A000997,2025-06-17 04:37:30.530779,Payment,52211.8,INR,SUCCESS,Online
T0001234,A000531,2025-06-16 22:30:13.530779,Interest,67719.99,INR,SUCCESS,Mobile
T0001235,A000433,2026-05-19 10:58:13.530779,Deposit,143878.58,INR,PENDING,Online
T0001236,A000824,2025-11-22 17:27:44.530779,Transfer,173823.61,INR,PENDING,Online
T0001237,A000355,2026-04-26 05:45:12.530779,Fee,134191.61,INR,FAILED,Branch
T0001238,A000719,2025-06-23 11:04:35.530779,Deposit,213934.09,INR,SUCCESS,ATM
T0001239,A000279,2026-03-24 15:56:49.530779,Payment,30909.14,INR,FAILED,Mobile
T0001240,A000871,2024-10-11 22:47:47.530779,Fee,239967.9,INR,SUCCESS,Online
T0001241,A001477,2025-10-17 09:17:44.530779,Deposit,50853.46,INR,SUCCESS,Online
T0001242,A000421,2026-02-21 17:23:38.530779,Fee,117526.33,INR,PENDING,ATM
T0001243,A001500,2026-02-26 07:31:41.530779,Withdrawal,53690.82,INR,FAILED,Branch
T0001244,A000515,2025-12-23 23:56:10.530779,Deposit,58213.79,INR,SUCCESS,Online
T0001245,A000715,2026-06-19 03:31:59.530779,Withdrawal,128211.51,INR,PENDING,Branch
T0001246,A001117,2024-10-13 06:12:42.530779,Withdrawal,99034.91,INR,FAILED,ATM
T0001247,A000537,2025-03-09 00:52:04.530779,Deposit,163836.67,INR,SUCCESS,Mobile
T0001248,A000072,2024-12-16 21:40:57.530779,Interest,163127.98,INR,FAILED,Branch
T0001249,A000550,2025-02-03 23:41:44.530779,Transfer,16664.56,INR,SUCCESS,Branch
T0001250,A001443,2026-08-27 20:58:02.530779,Transfer,25016.23,INR,SUCCESS,Mobile
T0001251,A000492,2025-06-24 12:56:43.530779,Fee,160847.31,INR,SUCCESS,Branch
T0001252,A000203,2026-06-12 10:42:00.530779,Interest,230906.87,INR,SUCCESS,ATM
T0001253,A000058,2026-03-31 16:22:54.530779,Fee,182574.43,INR,PENDING,Branch
T0001254,A000524,2025-02-21 13:37:13.530779,Fee,101777.77,INR,SUCCESS,Mobile
T0001255,A001016,2025-10-07 02:16:25.530779,Transfer,198383.39,INR,SUCCESS,ATM
T0001256,A001422,2024-10-04 09:04:41.530779,Interest,168394.89,INR,SUCCESS,Branch
T0001257,A001093,2024-12-31 03:21:25.530779,Fee,12999.26,INR,SUCCESS,ATM
T0001258,A000884,2025-10-16 18:34:27.530779,Deposit,171916.81,INR,SUCCESS,Online
T0001259,A000306,2026-01-18 23:51:57.530779,Fee,99899.14,INR,PENDING,Mobile
T0001260,A000072,2024-11-16 04:56:35.530779,Deposit,148679.75,INR,SUCCESS,Branch
T0001261,A000144,2025-11-18 04:21:50.530779,Fee,90161.7,INR,FAILED,Online
T0001262,A000953,2024-09-30 11:46:13.530779,Payment,151268.31,INR,SUCCESS,Online
T0001263,A000499,2024-12-27 17:26:56.530779,Withdrawal,83451.23,INR,PENDING,Online
T0001264,A000443,2024-10-16 16:13:40.530779,Fee,115423.63,INR,SUCCESS,Online
T0001265,A000352,2026-07-22 15:52:00.530779,Withdrawal,23471.69,INR,SUCCESS,Branch
T0001266,A001044,2026-04-22 00:55:52.530779,Payment,221161.42,INR,PENDING,Branch
T0001267,A000381,2026-02-09 04:37:07.530779,Deposit,6335.44,INR,FAILED,ATM
T0001268,A000835,2026-09-16 09:35:57.530779,Deposit,249698.52,INR,SUCCESS,Mobile
T0001269,A000971,2026-04-03 01:55:10.530779,Deposit,113751.56,INR,FAILED,Mobile
T0001270,A000297,2025-11-10 01:23:15.530779,Withdrawal,189918.11,INR,FAILED,Mobile
T0001271,A000296,2025-03-27 12:33:22.530779,Deposit,162021.65,INR,SUCCESS,Mobile
T0001272,A000440,2025-09-05 06:01:20.530779,Fee,67542.54,INR,SUCCESS,Mobile
T0001273,A001195,2026-08-01 00:02:55.530779,Transfer,76342.22,INR,FAILED,Branch
T0001274,A001264,2025-03-23 13:06:45.530779,Deposit,52140.21,INR,SUCCESS,Branch
T0001275,A000724,2026-07-08 22:12:11.530779,Transfer,23683.91,INR,SUCCESS,Branch
T0001276,A001335,2025-11-12 02:18:06.530779,Payment,150709.21,INR,FAILED,Online
T0001277,A000554,2026-08-14 04:18:20.530779,Transfer,206807.59,INR,FAILED,ATM
T0001278,A000076,2025-01-12 13:20:49.530779,Withdrawal,26531.6,INR,PENDING,Online
T0001279,A001191,2025-08-13 18:58:53.530779,Deposit,42765.31,INR,FAILED,Branch
T0001280,A001243,2026-09-09 09:49:30.530779,Fee,221235.55,INR,FAILED,Branch
T0001281,A001053,2026-04-12 15:00:38.530779,Interest,105383.12,INR,SUCCESS,Branch
T0001282,A000020,2025-10-13 01:34:10.530779,Fee,131427.17,INR,FAILED,Branch
T0001283,A001047,2025-06-12 00:17:22.530779,Interest,57757.25,INR,PENDING,Online
T0001284,A001172,2026-04-21 03:25:02.530779,Deposit,122724.85,INR,PENDING,Mobile
T0001285,A000616,2024-12-16 15:20:47.530779,Deposit,12682.94,INR,PENDING,Mobile
T0001286,A001496,2025-10-27 21:33:47.530779,Interest,32051.6,INR,SUCCESS,ATM
T0001287,A001107,2025-05-13 09:34:21.530779,Transfer,127514.39,INR,FAILED,Branch
T0001288,A000324,2024-10-30 17:47:07.530779,Deposit,56077.96,INR,PENDING,Branch
T0001289,A000885,2025-08-12 09:25:00.530779,Withdrawal,37093.75,INR,SUCCESS,Mobile
T0001290,A000409,2024-11-26 05:29:28.530779,Interest,181740.52,INR,PENDING,Mobile
T0001291,A000674,2024-10-04 12:30:36.530779,Deposit,219674.44,INR,SUCCESS,Online
T0001292,A000038,2024-11-21 00:10:47.530779,Fee,129797.39,INR,SUCCESS,ATM
T0001293,A000491,2025-11-06 15:56:17.530779,Fee,27896.35,INR,SUCCESS,Online
T0001294,A001171,2026-03-02 18:24:05.530779,Fee,249818.15,INR,SUCCESS,ATM
T0001295,A000006,2025-01-19 14:13:05.530779,Deposit,144953.3,INR,SUCCESS,Branch
T0001296,A000312,2026-04-24 22:17:08.530779,Withdrawal,34802.04,INR,FAILED,Mobile
T0001297,A001379,2025-12-31 20:37:05.530779,Fee,236273.23,INR,PENDING,Branch
T0001298,A000796,2026-06-14 01:03:27.530779,Deposit,135490.08,INR,PENDING,ATM
T0001299,A000169,2025-07-24 19:12:39.530779,Fee,106371.83,INR,FAILED,Branch
T0001300,A000104,2025-05-28 00:54:30.530779,Deposit,230347.7,INR,PENDING,ATM
T0001301,A000511,2026-08-21 07:24:25.530779,Payment,29773.3,INR,SUCCESS,Mobile
T0001302,A000197,2025-12-20 02:25:56.530779,Fee,220606.88,INR,FAILED,Online
T0001303,A001138,2026-07-30 21:25:29.530779,Interest,92408.07,INR,FAILED,ATM
T0001304,A001175,2026-02-15 04:34:54.530779,Transfer,37605.3,INR,SUCCESS,Mobile
T0001305,A001362,2026-07-03 08:53:14.530779,Deposit,17196.56,INR,SUCCESS,ATM
T0001306,A000846,2025-05-22 09:32:28.530779,Payment,7589.83,INR,FAILED,Branch
T0001307,A001224,2026-05-01 21:32:13.530779,Transfer,70917.55,INR,PENDING,ATM
T0001308,A000905,2025-11-08 15:09:20.530779,Withdrawal,179056.9,INR,SUCCESS,Online
T0001309,A000547,2026-04-06 04:27:06.530779,Interest,180282.33,INR,SUCCESS,Online
T0001310,A000312,2026-08-26 17:53:17.530779,Withdrawal,163189.3,INR,PENDING,Branch
T0001311,A000003,2026-05-23 09:57:02.530779,Withdrawal,240247.01,INR,FAILED,Mobile
T0001312,A000710,2024-10-24 18:45:28.530779,Fee,221821.92,INR,FAILED,ATM
T0001313,A000279,2026-08-26 11:15:12.530779,Payment,56927.64,INR,FAILED,Mobile
T0001314,A000328,2025-11-15 10:46:23.530779,Withdrawal,86175.76,INR,FAILED,Online
T0001315,A000179,2024-09-28 10:09:26.530779,Withdrawal,154976.76,INR,PENDING,Mobile
T0001316,A000220,2026-04-07 11:31:02.530779,Fee,29137.22,INR,FAILED,Online
T0001317,A001294,2026-06-25 05:51:44.530779,Transfer,86553.3,INR,SUCCESS,ATM
T0001318,A000235,2026-08-02 13:54:16.530779,Deposit,15301.98,INR,PENDING,Mobile
T0001319,A000542,2025-05-02 01:26:43.530779,Payment,102158.79,INR,SUCCESS,Online
T0001320,A000497,2025-01-28 19:52:29.530779,Fee,35916.73,INR,SUCCESS,Online
T0001321,A000411,2024-12-20 05:49:44.530779,Withdrawal,141992.8,INR,PENDING,Branch
T0001322,A000184,2024-11-29 12:12:11.530779,Withdrawal,7438.33,INR,FAILED,ATM
T0001323,A000880,2024-10-01 17:33:07.530779,Payment,187882.38,INR,SUCCESS,ATM
T0001324,A001486,2025-08-05 13:19:52.530779,Deposit,242664.2,INR,FAILED,Mobile
T0001325,A000859,2025-02-14 15:26:31.530779,Withdrawal,213047.34,INR,FAILED,Branch
T0001326,A001274,2024-10-15 03:19:39.530779,Deposit,83290.78,INR,SUCCESS,ATM
T0001327,A000420,2026-02-13 22:13:05.530779,Interest,77351.0,INR,SUCCESS,ATM
T0001328,A001144,2025-05-18 12:09:43.530779,Payment,20860.23,INR,FAILED,Mobile
T0001329,A000208,2025-03-06 11:00:06.530779,Interest,169879.3,INR,FAILED,Mobile
T0001330,A000008,2025-10-28 15:55:28.530779,Fee,98056.96,INR,FAILED,Branch
T0001331,A000313,2025-09-14 13:59:58.530779,Withdrawal,69087.88,INR,SUCCESS,Branch
T0001332,A000906,2025-11-12 19:18:01.530779,Fee,214079.19,INR,FAILED,ATM
T0001333,A000165,2026-01-17 16:26:06.530779,Interest,39994.96,INR,SUCCESS,Mobile
T0001334,A000075,2025-09-24 23:58:36.530779,Payment,243744.31,INR,SUCCESS,ATM
T0001335,A000990,2026-02-14 20:01:22.530779,Transfer,243391.22,INR,SUCCESS,Mobile
T0001336,A000430,2025-08-06 09:19:40.530779,Transfer,13506.53,INR,PENDING,Branch
T0001337,A000313,2025-10-12 19:22:11.530779,Deposit,37788.89,INR,FAILED,Branch
T0001338,A000730,2025-06-05 21:26:31.530779,Withdrawal,89293.61,INR,PENDING,Mobile
T0001339,A001352,2024-10-07 13:58:50.530779,Interest,69175.43,INR,FAILED,Online
T0001340,A001374,2025-01-24 03:06:33.530779,Interest,153153.53,INR,SUCCESS,Online
T0001341,A000950,2026-03-17 04:46:20.530779,Withdrawal,730.11,INR,PENDING,Branch
T0001342,A000462,2025-05-17 10:35:47.530779,Transfer,169324.34,INR,FAILED,Mobile
T0001343,A001059,2024-11-25 18:39:41.530779,Transfer,146712.95,INR,FAILED,Online
T0001344,A000532,2025-11-08 14:10:49.530779,Deposit,86894.44,INR,SUCCESS,Online
T0001345,A000187,2024-11-03 06:02:46.530779,Withdrawal,203812.87,INR,FAILED,ATM
T0001346,A000572,2025-04-08 23:19:55.530779,Deposit,200556.59,INR,SUCCESS,Mobile
T0001347,A001451,2024-10-20 03:44:32.530779,Payment,12834.33,INR,PENDING,Branch
T0001348,A001018,2024-09-24 08:09:25.530779,Withdrawal,25209.98,INR,PENDING,Branch
T0001349,A000415,2024-11-13 01:33:26.530779,Withdrawal,15714.25,INR,PENDING,Mobile
T0001350,A000915,2025-01-05 21:04:50.530779,Fee,207035.18,INR,PENDING,Online
T0001351,A000566,2024-12-11 02:41:11.530779,Deposit,234595.76,INR,SUCCESS,ATM
T0001352,A000493,2026-01-19 03:40:51.530779,Deposit,187578.09,INR,FAILED,Online
T0001353,A001336,2026-05-16 16:25:07.530779,Fee,103793.73,INR,PENDING,Online
T0001354,A000319,2026-06-27 13:33:14.530779,Transfer,170967.35,INR,PENDING,Online
T0001355,A000202,2026-02-21 08:50:10.530779,Fee,162038.74,INR,PENDING,Branch
T0001356,A000747,2026-03-10 11:23:42.530779,Deposit,157208.71,INR,SUCCESS,Mobile
T0001357,A000458,2025-12-12 11:50:04.530779,Transfer,132574.27,INR,PENDING,Online
T0001358,A000341,2024-10-13 16:38:02.530779,Fee,132168.28,INR,FAILED,Online
T0001359,A000959,2026-01-15 04:26:20.530779,Fee,190137.15,INR,PENDING,Mobile
T0001360,A000851,2026-01-12 03:30:18.530779,Deposit,106745.32,INR,PENDING,Online
T0001361,A000317,2026-06-12 16:32:26.530779,Withdrawal,223449.94,INR,PENDING,Branch
T0001362,A001005,2025-06-04 16:56:46.530779,Deposit,133914.91,INR,FAILED,ATM
T0001363,A000917,2025-05-10 00:53:49.530779,Payment,139958.58,INR,SUCCESS,Online
T0001364,A001121,2025-03-25 09:52:15.530779,Deposit,168466.73,INR,PENDING,ATM
T0001365,A001026,2025-09-15 16:22:41.530779,Deposit,3781.15,INR,PENDING,ATM
T0001366,A000398,2026-08-06 10:06:10.530779,Withdrawal,53400.49,INR,FAILED,Mobile
T0001367,A000801,2025-03-05 03:51:15.530779,Fee,9609.05,INR,FAILED,Branch
T0001368,A000934,2026-04-07 12:15:36.530779,Transfer,99662.86,INR,FAILED,Online
T0001369,A001398,2025-10-23 15:32:22.530779,Interest,89191.18,INR,FAILED,Online
T0001370,A000747,2025-05-29 20:28:33.530779,Interest,187167.1,INR,SUCCESS,Online
T0001371,A000237,2025-08-15 01:25:43.530779,Payment,223672.82,INR,SUCCESS,Branch
T0001372,A000984,2024-12-02 23:35:23.530779,Deposit,54474.65,INR,FAILED,Online
T0001373,A000529,2026-07-16 18:27:33.530779,Withdrawal,70589.12,INR,SUCCESS,Online
T0001374,A000455,2026-06-16 19:01:27.530779,Fee,34324.69,INR,PENDING,ATM
T0001375,A000452,2026-02-17 01:49:50.530779,Deposit,2653.7,INR,SUCCESS,Branch
T0001376,A000032,2026-05-28 02:08:42.530779,Transfer,214552.1,INR,SUCCESS,Mobile
T0001377,A000146,2025-01-01 12:50:18.530779,Payment,119120.17,INR,FAILED,Branch
T0001378,A000828,2026-09-05 10:01:00.530779,Interest,198567.56,INR,SUCCESS,ATM
T0001379,A001127,2025-05-16 10:42:38.530779,Deposit,23458.75,INR,FAILED,Online
T0001380,A001022,2025-01-19 09:28:58.530779,Payment,64968.21,INR,SUCCESS,Branch
T0001381,A000870,2026-02-19 20:44:09.530779,Deposit,80082.32,INR,SUCCESS,ATM
T0001382,A000281,2025-08-14 03:28:35.530779,Fee,192630.06,INR,FAILED,Branch
T0001383,A000275,2025-08-23 03:00:53.530779,Withdrawal,148109.61,INR,PENDING,Branch
T0001384,A000700,2026-02-20 03:00:50.530779,Transfer,64973.37,INR,FAILED,Online
T0001385,A000946,2026-08-08 21:13:19.530779,Withdrawal,56847.98,INR,FAILED,Online
T0001386,A000600,2025-02-24 10:11:34.530779,Payment,189618.76,INR,FAILED,ATM
T0001387,A000960,2025-11-26 16:16:15.530779,Withdrawal,9265.95,INR,SUCCESS,Branch
T0001388,A000944,2025-01-02 00:25:25.530779,Withdrawal,15380.42,INR,PENDING,Branch
T0001389,A000787,2025-01-23 12:35:47.530779,Transfer,188699.2,INR,FAILED,Mobile
T0001390,A000444,2026-01-25 01:39:26.530779,Deposit,121720.33,INR,FAILED,Mobile
T0001391,A000381,2026-03-16 00:00:35.530779,Payment,74197.06,INR,SUCCESS,ATM
T0001392,A001446,2026-02-17 11:14:13.530779,Payment,167962.56,INR,FAILED,Online
T0001393,A000354,2025-03-04 19:54:49.530779,Transfer,64964.09,INR,FAILED,Branch
T0001394,A000381,2025-02-18 15:50:41.530779,Fee,129096.98,INR,FAILED,Online
T0001395,A000878,2025-12-23 14:35:52.530779,Transfer,34113.08,INR,FAILED,Branch
T0001396,A000295,2026-08-20 06:57:40.530779,Payment,236404.29,INR,PENDING,Mobile
T0001397,A001489,2025-09-01 07:00:40.530779,Fee,241727.09,INR,FAILED,Branch
T0001398,A000734,2025-11-21 04:28:00.530779,Fee,31432.55,INR,PENDING,Branch
T0001399,A001244,2026-02-18 16:43:48.530779,Deposit,101668.6,INR,PENDING,Online
T0001400,A001072,2025-06-16 18:15:10.530779,Payment,147871.31,INR,SUCCESS,Mobile
T0001401,A000759,2024-11-17 11:36:42.530779,Withdrawal,65001.09,INR,FAILED,Online
T0001402,A001237,2026-08-24 18:32:15.530779,Withdrawal,118618.92,INR,PENDING,Branch
T0001403,A001221,2024-12-14 11:20:54.530779,Payment,107323.17,INR,FAILED,Online
T0001404,A001397,2025-08-07 06:24:51.530779,Interest,184492.87,INR,FAILED,Branch
T0001405,A001025,2024-11-18 16:40:32.530779,Fee,220470.79,INR,FAILED,ATM
T0001406,A000326,2025-09-07 08:42:07.530779,Payment,212649.54,INR,PENDING,Online
T0001407,A000532,2025-05-25 18:36:55.530779,Withdrawal,211285.05,INR,FAILED,Mobile
T0001408,A000933,2025-11-06 04:10:15.530779,Interest,51639.89,INR,SUCCESS,Mobile
T0001409,A000302,2025-03-18 22:51:25.530779,Payment,25911.53,INR,SUCCESS,Branch
T0001410,A001004,2025-10-04 23:08:25.530779,Payment,151726.15,INR,FAILED,Online
T0001411,A000118,2025-11-27 05:24:50.530779,Transfer,39487.89,INR,PENDING,ATM
T0001412,A000550,2025-01-14 09:56:58.530779,Fee,101096.66,INR,PENDING,Mobile
T0001413,A000360,2024-10-23 13:04:30.530779,Deposit,208902.87,INR,PENDING,Online
T0001414,A000367,2025-04-20 20:42:38.530779,Withdrawal,7494.04,INR,SUCCESS,Branch
T0001415,A000029,2026-04-25 19:26:21.530779,Deposit,249221.29,INR,FAILED,Mobile
T0001416,A000551,2026-08-15 13:54:08.530779,Payment,207223.43,INR,SUCCESS,Branch
T0001417,A000147,2026-04-02 00:20:57.530779,Payment,116191.82,INR,SUCCESS,Mobile
T0001418,A000398,2024-12-11 13:59:41.530779,Payment,221784.78,INR,SUCCESS,ATM
T0001419,A000068,2026-08-21 23:49:17.530779,Transfer,145867.3,INR,SUCCESS,Mobile
T0001420,A000376,2025-11-17 16:08:05.530779,Transfer,229213.4,INR,FAILED,Mobile
T0001421,A000328,2025-01-13 15:28:11.530779,Fee,69731.4,INR,FAILED,Branch
T0001422,A000011,2025-05-25 19:38:37.530779,Fee,55650.87,INR,PENDING,Online
T0001423,A000533,2025-11-01 11:15:56.530779,Deposit,39152.81,INR,FAILED,ATM
T0001424,A000449,2025-01-09 21:24:23.530779,Interest,151217.35,INR,SUCCESS,Branch
T0001425,A001011,2026-09-07 05:10:54.530779,Withdrawal,135275.44,INR,SUCCESS,Mobile
T0001426,A000794,2026-04-29 03:43:14.530779,Withdrawal,87080.61,INR,SUCCESS,ATM
T0001427,A000122,2026-04-19 15:03:26.530779,Withdrawal,207628.25,INR,PENDING,Branch
T0001428,A001323,2025-12-27 13:48:55.530779,Transfer,206033.29,INR,FAILED,Mobile
T0001429,A000623,2026-04-09 22:53:43.530779,Transfer,244309.9,INR,PENDING,Branch
T0001430,A001284,2025-06-18 22:07:39.530779,Fee,93471.32,INR,FAILED,Online
T0001431,A000891,2026-02-19 19:18:47.530779,Transfer,204034.53,INR,FAILED,Branch
T0001432,A000045,2025-09-27 14:27:29.530779,Withdrawal,11244.25,INR,SUCCESS,Online
T0001433,A001219,2026-04-21 05:40:57.530779,Deposit,41559.4,INR,SUCCESS,ATM
T0001434,A001270,2025-07-23 08:06:05.530779,Deposit,69945.26,INR,PENDING,Online
T0001435,A000356,2026-05-11 07:37:38.530779,Withdrawal,87189.13,INR,SUCCESS,Mobile
T0001436,A000014,2025-04-19 05:44:21.530779,Withdrawal,61245.16,INR,SUCCESS,Online
T0001437,A001336,2025-02-24 13:03:17.530779,Transfer,86078.71,INR,SUCCESS,Online
T0001438,A000692,2026-06-15 07:39:59.530779,Transfer,82207.34,INR,PENDING,Online
T0001439,A001190,2025-05-09 14:10:05.530779,Fee,203308.53,INR,PENDING,ATM
T0001440,A001278,2026-09-01 07:00:27.530779,Withdrawal,188787.75,INR,SUCCESS,Mobile
T0001441,A000505,2025-03-05 10:09:11.530779,Payment,229792.19,INR,PENDING,Branch
T0001442,A001101,2025-02-01 23:41:34.530779,Deposit,86770.22,INR,PENDING,Mobile
T0001443,A000552,2025-01-23 04:01:42.530779,Transfer,22707.42,INR,PENDING,Online
T0001444,A001226,2025-12-18 11:33:56.530779,Payment,78332.92,INR,PENDING,Mobile
T0001445,A000293,2024-11-16 03:43:18.530779,Withdrawal,241748.52,INR,FAILED,Mobile
T0001446,A000942,2024-12-06 16:56:46.530779,Transfer,147040.74,INR,FAILED,Mobile
T0001447,A000787,2024-11-25 23:58:16.530779,Withdrawal,148864.86,INR,FAILED,Online
T0001448,A000918,2026-04-22 06:49:32.530779,Transfer,155571.32,INR,SUCCESS,Mobile
T0001449,A000915,2025-03-24 13:49:47.530779,Deposit,175777.36,INR,SUCCESS,Branch
T0001450,A001480,2025-10-06 07:52:49.530779,Payment,32114.4,INR,FAILED,ATM
T0001451,A000310,2026-01-17 11:01:31.530779,Interest,213276.46,INR,PENDING,Branch
T0001452,A000211,2025-06-04 13:22:38.530779,Withdrawal,175334.76,INR,PENDING,Branch
T0001453,A000469,2025-01-21 15:45:39.530779,Deposit,1226.92,INR,PENDING,Mobile
T0001454,A000551,2026-07-27 18:50:12.530779,Transfer,218652.53,INR,FAILED,Online
T0001455,A001445,2025-04-03 05:28:51.530779,Deposit,15792.37,INR,PENDING,Mobile
T0001456,A000021,2025-08-25 12:20:26.530779,Transfer,23612.38,INR,SUCCESS,Mobile
T0001457,A001311,2024-12-31 20:36:54.530779,Deposit,74948.22,INR,PENDING,Online
T0001458,A000994,2026-03-03 15:30:28.530779,Fee,115302.77,INR,SUCCESS,ATM
T0001459,A000260,2026-01-10 21:28:24.530779,Transfer,173136.79,INR,FAILED,Mobile
T0001460,A001028,2025-02-24 02:49:50.530779,Fee,59143.12,INR,FAILED,ATM
T0001461,A000225,2026-09-07 19:04:44.530779,Fee,45165.14,INR,SUCCESS,ATM
T0001462,A001009,2026-03-29 17:01:06.530779,Deposit,107912.37,INR,PENDING,Branch
T0001463,A000428,2026-05-01 06:38:53.530779,Withdrawal,189412.67,INR,PENDING,Branch
T0001464,A000734,2025-09-17 02:53:52.530779,Fee,235694.73,INR,SUCCESS,ATM
T0001465,A001363,2026-01-11 19:11:44.530779,Transfer,240012.75,INR,FAILED,Online
T0001466,A001304,2026-03-06 11:34:23.530779,Fee,196423.98,INR,FAILED,Mobile
T0001467,A000657,2026-03-28 05:41:02.530779,Interest,109367.05,INR,FAILED,Mobile
T0001468,A000037,2025-11-08 05:41:16.530779,Interest,127028.05,INR,FAILED,Branch
T0001469,A001198,2025-01-26 23:24:10.530779,Withdrawal,90666.91,INR,SUCCESS,ATM
T0001470,A001200,2025-10-07 02:20:50.530779,Payment,42276.37,INR,SUCCESS,Mobile
T0001471,A000018,2025-03-26 12:11:07.530779,Deposit,133367.58,INR,FAILED,Branch
T0001472,A000916,2025-03-11 10:20:50.530779,Withdrawal,138162.41,INR,SUCCESS,ATM
T0001473,A000027,2025-03-23 22:57:13.530779,Deposit,212785.31,INR,SUCCESS,Mobile
T0001474,A000179,2025-05-29 09:23:16.530779,Transfer,142475.93,INR,SUCCESS,Online
T0001475,A001439,2024-10-03 21:28:27.530779,Interest,104434.61,INR,SUCCESS,Branch
T0001476,A000840,2024-10-30 04:19:18.530779,Payment,161.66,INR,FAILED,Online
T0001477,A000882,2026-05-07 12:35:02.530779,Withdrawal,46359.38,INR,FAILED,ATM
T0001478,A000039,2026-07-14 00:51:41.530779,Interest,57976.67,INR,SUCCESS,Online
T0001479,A000450,2024-12-15 20:21:41.530779,Withdrawal,92746.81,INR,SUCCESS,Mobile
T0001480,A000611,2025-02-04 05:15:58.530779,Payment,23502.17,INR,PENDING,Mobile
T0001481,A001424,2025-10-15 23:38:23.530779,Deposit,105026.02,INR,SUCCESS,Mobile
T0001482,A001350,2026-01-05 17:07:06.530779,Deposit,80160.66,INR,FAILED,Branch
T0001483,A000113,2025-01-11 14:38:51.530779,Payment,243906.55,INR,SUCCESS,Branch
T0001484,A001452,2025-07-05 07:22:49.530779,Fee,178335.73,INR,FAILED,Online
T0001485,A000667,2024-10-05 20:16:16.530779,Withdrawal,115810.91,INR,SUCCESS,ATM
T0001486,A000911,2025-11-27 02:42:38.530779,Payment,164792.79,INR,SUCCESS,Online
T0001487,A000841,2025-04-18 06:38:47.530779,Deposit,3206.46,INR,PENDING,ATM
T0001488,A000892,2025-07-06 02:49:14.530779,Transfer,34390.5,INR,SUCCESS,Online
T0001489,A000566,2025-10-23 12:08:04.530779,Transfer,29164.42,INR,PENDING,Mobile
T0001490,A000951,2026-01-03 05:56:04.530779,Payment,164657.24,INR,FAILED,ATM
T0001491,A000065,2026-01-21 14:43:44.530779,Payment,214677.4,INR,SUCCESS,ATM
T0001492,A000369,2026-05-31 10:04:19.530779,Fee,243672.04,INR,FAILED,Branch
T0001493,A000672,2024-11-30 16:39:52.530779,Transfer,25111.69,INR,PENDING,Branch
T0001494,A001013,2024-10-10 02:34:48.530779,Fee,153912.4,INR,SUCCESS,Mobile
T0001495,A000085,2025-07-23 06:04:58.530779,Withdrawal,71829.08,INR,SUCCESS,Branch
T0001496,A000548,2025-08-01 09:08:09.530779,Deposit,192168.75,INR,SUCCESS,Mobile
T0001497,A000878,2025-06-22 12:00:10.530779,Transfer,199053.03,INR,PENDING,Branch
T0001498,A000919,2026-04-29 08:43:57.530779,Fee,190237.79,INR,SUCCESS,Mobile
T0001499,A001098,2025-09-22 10:06:44.530779,Transfer,186364.78,INR,FAILED,Mobile
T0001500,A001163,2025-11-22 19:47:48.530779,Deposit,70290.41,INR,FAILED,Mobile
T0001501,A000889,2025-04-10 18:12:21.530779,Interest,176553.84,INR,SUCCESS,Online
T0001502,A000695,2024-09-23 21:06:54.530779,Withdrawal,125264.87,INR,FAILED,ATM
T0001503,A000358,2026-01-26 09:11:01.530779,Deposit,97764.63,INR,FAILED,Mobile
T0001504,A001236,2025-08-14 20:54:33.530779,Deposit,208823.74,INR,SUCCESS,Mobile
T0001505,A000160,2026-01-21 18:51:29.530779,Transfer,168023.21,INR,SUCCESS,ATM
T0001506,A001301,2026-02-02 23:00:19.530779,Payment,184286.1,INR,FAILED,Mobile
T0001507,A001071,2025-12-30 17:49:21.530779,Transfer,69024.26,INR,FAILED,Online
T0001508,A000169,2025-10-30 13:05:20.530779,Fee,188135.21,INR,PENDING,ATM
T0001509,A000849,2025-11-19 08:45:52.530779,Payment,32930.26,INR,FAILED,Mobile
T0001510,A000138,2025-11-07 19:34:47.530779,Transfer,164814.48,INR,PENDING,Online
T0001511,A001060,2026-03-05 13:00:04.530779,Interest,152271.3,INR,SUCCESS,Online
T0001512,A000974,2025-02-19 15:54:55.530779,Interest,41817.6,INR,SUCCESS,Online
T0001513,A000686,2026-03-03 10:38:43.530779,Deposit,174406.33,INR,PENDING,Branch
T0001514,A000484,2024-10-10 09:59:23.530779,Transfer,103033.17,INR,FAILED,Online
T0001515,A000467,2025-08-31 00:45:29.530779,Interest,62069.87,INR,FAILED,Branch
T0001516,A000504,2026-05-19 17:58:06.530779,Withdrawal,6859.74,INR,FAILED,Branch
T0001517,A000046,2026-08-02 07:06:39.530779,Payment,117803.7,INR,SUCCESS,Mobile
T0001518,A000862,2025-03-26 06:06:24.530779,Payment,221974.36,INR,FAILED,ATM
T0001519,A000034,2024-12-12 21:47:43.530779,Fee,113085.28,INR,PENDING,Branch
T0001520,A001029,2025-08-22 07:22:02.530779,Transfer,169095.57,INR,SUCCESS,Branch
T0001521,A001173,2026-01-15 06:54:07.530779,Payment,51167.15,INR,PENDING,Mobile
T0001522,A001421,2026-09-03 18:10:51.530779,Fee,217127.65,INR,PENDING,Branch
T0001523,A000645,2025-11-03 00:18:19.530779,Interest,80730.95,INR,SUCCESS,ATM
T0001524,A000285,2026-04-27 04:27:19.530779,Deposit,173647.88,INR,SUCCESS,ATM
T0001525,A000866,2026-07-15 19:51:20.530779,Interest,191234.1,INR,PENDING,Branch
T0001526,A000061,2026-08-20 15:33:01.530779,Payment,97749.46,INR,SUCCESS,Online
T0001527,A000334,2024-11-30 14:04:24.530779,Fee,232740.05,INR,PENDING,Online
T0001528,A001189,2026-01-18 06:24:25.530779,Fee,44410.11,INR,PENDING,Online
T0001529,A001099,2026-08-10 20:03:36.530779,Withdrawal,122685.46,INR,PENDING,Mobile
T0001530,A000418,2025-11-22 11:11:02.530779,Withdrawal,115966.27,INR,FAILED,Online
T0001531,A000631,2026-03-20 14:49:33.530779,Fee,65677.39,INR,FAILED,ATM
T0001532,A000423,2025-02-28 00:31:44.530779,Interest,173894.46,INR,PENDING,Mobile
T0001533,A000670,2024-12-18 08:04:22.530779,Transfer,171803.26,INR,PENDING,Online
T0001534,A000735,2025-01-13 09:42:23.530779,Fee,152662.9,INR,FAILED,Branch
T0001535,A001227,2024-10-17 13:16:42.530779,Withdrawal,15971.0,INR,FAILED,Branch
T0001536,A000754,2025-04-01 23:30:06.530779,Transfer,249058.91,INR,PENDING,Mobile
T0001537,A001150,2025-06-25 07:52:33.530779,Fee,185650.54,INR,FAILED,Mobile
T0001538,A001421,2024-11-14 04:46:13.530779,Interest,205524.31,INR,SUCCESS,Branch
T0001539,A000849,2026-03-25 03:29:38.530779,Payment,125549.29,INR,SUCCESS,Branch
T0001540,A001313,2026-07-01 13:09:06.530779,Transfer,165864.59,INR,PENDING,Online
T0001541,A001081,2025-09-06 22:55:12.530779,Fee,215937.99,INR,SUCCESS,Online
T0001542,A000518,2025-10-13 23:06:46.530779,Fee,230259.92,INR,PENDING,Mobile
T0001543,A000191,2026-07-21 18:02:03.530779,Transfer,468.03,INR,FAILED,Online
T0001544,A000112,2025-01-15 16:45:29.530779,Fee,244333.9,INR,FAILED,ATM
T0001545,A000099,2024-11-02 15:40:38.530779,Withdrawal,7868.85,INR,PENDING,Online
T0001546,A000135,2026-03-04 22:45:12.530779,Payment,39917.57,INR,SUCCESS,Mobile
T0001547,A001127,2026-05-28 14:31:29.530779,Withdrawal,162855.37,INR,FAILED,ATM
T0001548,A000062,2026-03-13 11:18:27.530779,Interest,212679.68,INR,FAILED,Mobile
T0001549,A001352,2026-03-02 17:54:42.530779,Fee,241488.61,INR,PENDING,Mobile
T0001550,A000957,2026-07-08 22:58:48.530779,Interest,68974.96,INR,SUCCESS,Branch
T0001551,A000867,2026-03-25 23:30:31.530779,Fee,171387.2,INR,PENDING,Branch
T0001552,A000968,2025-01-10 05:40:22.530779,Payment,98039.09,INR,SUCCESS,Online
T0001553,A000035,2026-03-17 04:17:19.530779,Withdrawal,156262.62,INR,FAILED,Online
T0001554,A000863,2026-07-02 05:48:32.530779,Withdrawal,168162.21,INR,FAILED,ATM
T0001555,A000668,2025-06-22 07:22:43.530779,Fee,95433.15,INR,PENDING,Mobile
T0001556,A000685,2026-07-09 08:38:36.530779,Fee,170148.66,INR,FAILED,Online
T0001557,A000023,2024-12-12 05:56:00.530779,Interest,186620.03,INR,PENDING,Mobile
T0001558,A001347,2025-07-22 05:20:18.530779,Transfer,53815.91,INR,PENDING,Online
T0001559,A000320,2026-05-12 02:42:24.530779,Withdrawal,114686.48,INR,SUCCESS,Online
T0001560,A000546,2025-03-26 19:30:07.530779,Fee,112892.16,INR,PENDING,Online
T0001561,A000772,2025-06-02 21:38:24.530779,Interest,190285.16,INR,SUCCESS,Mobile
T0001562,A000769,2025-07-17 08:15:01.530779,Transfer,33326.11,INR,PENDING,ATM
T0001563,A000727,2024-11-02 12:14:33.530779,Withdrawal,174630.46,INR,FAILED,ATM
T0001564,A001434,2026-02-15 02:18:40.530779,Fee,203806.62,INR,FAILED,ATM
T0001565,A000498,2026-08-16 00:01:17.530779,Payment,206784.56,INR,FAILED,Mobile
T0001566,A001469,2025-01-19 12:15:18.530779,Fee,112997.18,INR,FAILED,Mobile
T0001567,A000567,2026-03-04 12:52:48.530779,Interest,100076.43,INR,SUCCESS,Mobile
T0001568,A000877,2025-01-28 07:49:59.530779,Deposit,95351.76,INR,FAILED,Branch
T0001569,A000151,2025-07-07 20:44:22.530779,Withdrawal,93271.02,INR,FAILED,Branch
T0001570,A000277,2026-08-03 05:46:15.530779,Interest,12719.38,INR,FAILED,Mobile
T0001571,A000793,2026-06-01 18:31:23.530779,Withdrawal,41529.81,INR,FAILED,Mobile
T0001572,A000854,2024-10-01 13:24:14.530779,Payment,18260.6,INR,FAILED,Branch
T0001573,A000707,2025-03-20 06:18:56.530779,Payment,152607.18,INR,PENDING,Mobile
T0001574,A001123,2026-05-15 21:23:27.530779,Withdrawal,53912.53,INR,PENDING,Branch
T0001575,A001055,2025-11-03 19:40:18.530779,Payment,177557.88,INR,FAILED,Mobile
T0001576,A000026,2025-10-06 15:13:27.530779,Transfer,30442.37,INR,FAILED,Mobile
T0001577,A000516,2024-11-09 18:28:49.530779,Fee,203293.31,INR,SUCCESS,ATM
T0001578,A001082,2025-04-12 21:23:17.530779,Interest,47480.89,INR,PENDING,Online
T0001579,A000825,2025-02-25 04:01:07.530779,Deposit,7429.81,INR,SUCCESS,ATM
T0001580,A001337,2025-07-21 01:14:15.530779,Interest,174628.95,INR,FAILED,Mobile
T0001581,A000625,2026-06-13 01:52:51.530779,Interest,163050.61,INR,SUCCESS,Online
T0001582,A000145,2025-07-08 19:57:52.530779,Withdrawal,75199.7,INR,SUCCESS,Mobile
T0001583,A001016,2026-03-02 20:21:39.530779,Transfer,38161.21,INR,PENDING,Branch
T0001584,A001212,2025-02-02 00:38:12.530779,Fee,135082.53,INR,PENDING,ATM
T0001585,A000609,2026-08-08 13:24:03.530779,Withdrawal,185596.48,INR,PENDING,Mobile
T0001586,A000675,2025-07-19 23:50:33.530779,Fee,242408.29,INR,PENDING,Mobile
T0001587,A000375,2024-11-15 18:18:37.530779,Withdrawal,84274.72,INR,SUCCESS,Online
T0001588,A000874,2026-04-26 17:04:06.530779,Payment,152196.94,INR,SUCCESS,ATM
T0001589,A000821,2026-04-15 22:01:07.530779,Withdrawal,228851.89,INR,PENDING,Online
T0001590,A000824,2026-07-16 12:54:04.530779,Fee,33013.98,INR,SUCCESS,Online
T0001591,A000747,2026-01-18 23:25:05.530779,Withdrawal,157024.09,INR,SUCCESS,Branch
T0001592,A000838,2026-06-12 14:18:06.530779,Deposit,234118.18,INR,FAILED,ATM
T0001593,A001335,2026-01-24 04:59:50.530779,Interest,160524.63,INR,FAILED,Online
T0001594,A000630,2025-08-03 08:27:18.530779,Payment,64481.11,INR,PENDING,Mobile
T0001595,A000149,2025-08-11 07:38:26.530779,Interest,48623.37,INR,PENDING,ATM
T0001596,A000027,2025-11-08 02:57:30.530779,Deposit,124100.54,INR,FAILED,Mobile
T0001597,A000151,2026-07-09 05:36:09.530779,Payment,247645.78,INR,FAILED,Online
T0001598,A000177,2025-05-09 14:41:09.530779,Fee,190472.61,INR,SUCCESS,Online
T0001599,A001274,2025-02-17 11:34:20.530779,Interest,208972.69,INR,PENDING,Online
T0001600,A001057,2026-05-17 06:38:53.530779,Payment,48424.72,INR,FAILED,Online
T0001601,A001499,2025-04-02 10:17:19.530779,Withdrawal,202610.23,INR,FAILED,ATM
T0001602,A001127,2025-12-23 09:51:51.530779,Fee,121.35,INR,FAILED,Branch
T0001603,A000910,2025-12-05 00:21:49.530779,Interest,239696.37,INR,FAILED,Mobile
T0001604,A000135,2025-05-08 10:54:20.530779,Deposit,172987.87,INR,FAILED,Branch
T0001605,A001246,2025-08-15 02:12:14.530779,Deposit,196628.26,INR,PENDING,Online
T0001606,A000732,2026-08-25 19:43:19.530779,Deposit,120881.98,INR,SUCCESS,Mobile
T0001607,A000711,2026-03-25 21:01:22.530779,Deposit,67069.34,INR,FAILED,Mobile
T0001608,A001240,2025-06-08 00:46:39.530779,Deposit,139630.26,INR,FAILED,Online
T0001609,A001116,2025-09-07 12:02:17.530779,Interest,19855.52,INR,PENDING,Online
T0001610,A000534,2025-08-14 15:52:55.530779,Transfer,179606.48,INR,PENDING,Branch
T0001611,A000510,2026-08-06 12:44:43.530779,Fee,166634.72,INR,FAILED,Online
T0001612,A000969,2026-07-14 17:20:18.530779,Deposit,12739.55,INR,SUCCESS,Mobile
T0001613,A000654,2024-10-02 10:46:11.530779,Transfer,29395.69,INR,FAILED,Online
T0001614,A001458,2025-06-01 21:25:39.530779,Fee,37487.87,INR,SUCCESS,Online
T0001615,A001206,2026-08-18 07:02:19.530779,Payment,98474.7,INR,SUCCESS,Online
T0001616,A000762,2025-05-22 18:08:02.530779,Fee,138715.26,INR,PENDING,ATM
T0001617,A001352,2026-06-25 00:11:42.530779,Payment,133591.13,INR,SUCCESS,Mobile
T0001618,A000323,2025-10-26 11:08:30.530779,Fee,174483.85,INR,SUCCESS,Branch
T0001619,A001453,2025-07-06 15:21:06.530779,Fee,51740.98,INR,SUCCESS,Mobile
T0001620,A000271,2025-09-05 14:37:50.530779,Withdrawal,13967.89,INR,SUCCESS,Branch
T0001621,A000043,2025-07-24 09:01:41.530779,Fee,226979.98,INR,SUCCESS,Branch
T0001622,A001036,2026-02-01 00:58:44.530779,Interest,241242.14,INR,PENDING,Branch
T0001623,A000345,2024-11-02 21:09:00.530779,Deposit,244764.08,INR,PENDING,Online
T0001624,A000190,2026-05-26 21:49:31.530779,Fee,209790.01,INR,PENDING,ATM
T0001625,A000189,2025-05-05 02:18:01.530779,Withdrawal,170219.29,INR,SUCCESS,Branch
T0001626,A000198,2025-10-12 03:04:46.530779,Transfer,134324.75,INR,PENDING,ATM
T0001627,A000703,2026-04-17 01:08:31.530779,Withdrawal,200105.59,INR,SUCCESS,Mobile
T0001628,A000229,2026-07-25 03:46:22.530779,Fee,164083.82,INR,SUCCESS,ATM
T0001629,A000301,2025-12-29 05:12:56.530779,Deposit,78453.51,INR,PENDING,Branch
T0001630,A000975,2026-08-14 23:41:03.530779,Payment,237998.04,INR,FAILED,ATM
T0001631,A001488,2025-07-20 16:54:52.530779,Interest,239649.14,INR,SUCCESS,Mobile
T0001632,A000164,2026-07-07 06:35:25.530779,Payment,187703.68,INR,FAILED,Branch
T0001633,A001173,2024-12-04 21:54:53.530779,Transfer,182325.75,INR,PENDING,ATM
T0001634,A000794,2025-11-25 17:07:15.530779,Payment,33154.4,INR,FAILED,Mobile
T0001635,A001440,2025-06-01 11:19:28.530779,Fee,94044.14,INR,SUCCESS,ATM
T0001636,A000283,2025-05-14 23:55:28.530779,Interest,96153.39,INR,PENDING,ATM
T0001637,A000766,2024-10-06 04:09:10.530779,Payment,203257.33,INR,FAILED,Online
T0001638,A001059,2025-04-29 13:33:55.530779,Payment,12199.83,INR,SUCCESS,Branch
T0001639,A000812,2025-05-20 00:56:28.530779,Payment,59752.63,INR,SUCCESS,ATM
T0001640,A001497,2024-11-04 04:08:08.530779,Fee,221786.15,INR,SUCCESS,Branch
T0001641,A001278,2025-06-18 23:43:15.530779,Fee,146983.31,INR,SUCCESS,Mobile
T0001642,A001214,2026-05-13 01:01:26.530779,Deposit,247110.31,INR,SUCCESS,Mobile
T0001643,A000294,2026-07-06 00:28:41.530779,Transfer,33900.38,INR,PENDING,ATM
T0001644,A001411,2025-09-02 05:11:04.530779,Withdrawal,191871.41,INR,FAILED,ATM
T0001645,A001426,2026-04-25 16:26:59.530779,Fee,91730.36,INR,SUCCESS,Mobile
T0001646,A000102,2025-10-26 00:56:45.530779,Fee,179180.3,INR,FAILED,Online
T0001647,A000715,2025-02-03 16:18:12.530779,Payment,233617.74,INR,PENDING,ATM
T0001648,A001291,2025-06-10 09:22:54.530779,Fee,237959.64,INR,SUCCESS,ATM
T0001649,A001239,2025-07-09 19:42:10.530779,Transfer,173402.1,INR,FAILED,Mobile
T0001650,A000255,2026-02-28 02:43:35.530779,Fee,4170.87,INR,PENDING,Online
T0001651,A000798,2026-04-04 21:06:04.530779,Transfer,157349.7,INR,PENDING,Mobile
T0001652,A000677,2025-07-07 09:43:57.530779,Payment,245089.69,INR,SUCCESS,Mobile
T0001653,A000306,2026-05-24 12:56:12.530779,Deposit,123381.53,INR,FAILED,Online
T0001654,A000779,2025-08-08 14:15:43.530779,Deposit,58759.96,INR,FAILED,Online
T0001655,A000635,2025-11-24 04:30:34.530779,Fee,105821.99,INR,FAILED,Online
T0001656,A001312,2025-07-20 15:46:24.530779,Withdrawal,189466.58,INR,FAILED,Online
T0001657,A000724,2025-02-01 06:35:32.530779,Deposit,91556.52,INR,FAILED,Online
T0001658,A000408,2024-12-01 13:03:46.530779,Interest,1191.57,INR,FAILED,Mobile
T0001659,A000185,2026-08-16 22:32:30.530779,Payment,124312.9,INR,SUCCESS,ATM
T0001660,A000711,2025-11-27 01:23:38.530779,Fee,110065.42,INR,SUCCESS,ATM
T0001661,A000524,2025-01-30 05:57:18.530779,Transfer,18855.82,INR,SUCCESS,ATM
T0001662,A001162,2025-07-31 15:32:03.530779,Transfer,14247.94,INR,FAILED,ATM
T0001663,A000199,2025-09-29 07:12:47.530779,Interest,202931.46,INR,PENDING,Branch
T0001664,A000654,2026-05-10 01:24:37.530779,Interest,115112.73,INR,PENDING,Online
T0001665,A001306,2026-07-10 18:32:00.530779,Fee,132926.12,INR,FAILED,ATM
T0001666,A000440,2025-11-08 20:34:23.530779,Payment,82591.42,INR,SUCCESS,Mobile
T0001667,A001462,2025-04-07 11:09:45.530779,Fee,123774.55,INR,PENDING,Branch
T0001668,A000015,2025-10-30 19:20:33.530779,Transfer,171697.53,INR,SUCCESS,Mobile
T0001669,A000971,2025-05-26 16:50:32.530779,Interest,22266.68,INR,FAILED,Mobile
T0001670,A000206,2024-09-26 22:49:04.530779,Fee,46483.59,INR,SUCCESS,ATM
T0001671,A000496,2025-12-06 17:13:42.530779,Withdrawal,47494.47,INR,SUCCESS,Branch
T0001672,A000431,2025-04-25 04:16:51.530779,Fee,249573.04,INR,FAILED,ATM
T0001673,A000382,2025-06-12 00:52:57.530779,Fee,230397.69,INR,FAILED,Mobile
T0001674,A000943,2025-03-06 13:48:10.530779,Payment,154366.15,INR,PENDING,Mobile
T0001675,A000900,2025-06-11 05:26:56.530779,Payment,229619.7,INR,PENDING,Mobile
T0001676,A000693,2025-05-07 18:54:17.530779,Interest,35258.77,INR,SUCCESS,Mobile
T0001677,A000045,2026-08-23 06:04:07.530779,Fee,23570.79,INR,PENDING,Online
T0001678,A001264,2024-11-25 14:50:25.530779,Withdrawal,57065.5,INR,SUCCESS,ATM
T0001679,A000436,2025-07-17 04:27:52.530779,Transfer,123711.54,INR,SUCCESS,Mobile
T0001680,A001378,2026-06-03 23:45:36.530779,Payment,82916.72,INR,FAILED,Online
T0001681,A001414,2025-08-22 09:12:47.530779,Transfer,31796.75,INR,FAILED,Online
T0001682,A000894,2025-12-17 11:12:40.530779,Fee,172462.57,INR,PENDING,Online
T0001683,A000453,2025-04-14 19:29:40.530779,Deposit,7460.67,INR,PENDING,Branch
T0001684,A000438,2025-07-08 08:22:49.530779,Interest,38765.89,INR,FAILED,Mobile
T0001685,A000921,2025-01-29 17:22:12.530779,Payment,116768.85,INR,SUCCESS,Online
T0001686,A001434,2025-11-18 17:51:37.530779,Deposit,238739.91,INR,FAILED,ATM
T0001687,A000908,2026-01-22 00:27:31.530779,Deposit,51913.11,INR,FAILED,Online
T0001688,A000071,2025-05-21 13:12:29.530779,Transfer,153629.23,INR,SUCCESS,ATM
T0001689,A000590,2025-02-05 22:22:23.530779,Deposit,182008.74,INR,SUCCESS,Branch
T0001690,A001491,2026-09-15 10:15:40.530779,Deposit,33155.88,INR,FAILED,ATM
T0001691,A000890,2024-10-08 23:01:20.530779,Payment,195397.16,INR,FAILED,Mobile
T0001692,A000861,2025-12-02 15:56:18.530779,Withdrawal,92875.44,INR,SUCCESS,Branch
T0001693,A000082,2025-03-01 23:55:52.530779,Withdrawal,176676.46,INR,SUCCESS,ATM
T0001694,A000538,2026-07-01 14:07:17.530779,Payment,182259.23,INR,FAILED,Branch
T0001695,A001219,2025-06-20 10:54:00.530779,Payment,161457.65,INR,SUCCESS,Online
T0001696,A001203,2026-03-09 07:21:04.530779,Interest,192541.66,INR,PENDING,Branch
T0001697,A001451,2026-05-01 19:09:04.530779,Transfer,210544.18,INR,PENDING,Online
T0001698,A001447,2025-06-10 21:13:43.530779,Fee,106869.61,INR,PENDING,ATM
T0001699,A000578,2025-08-06 23:56:47.530779,Fee,175579.84,INR,PENDING,Mobile
T0001700,A000894,2025-02-13 14:36:34.530779,Transfer,54197.91,INR,SUCCESS,Mobile
T0001701,A000781,2026-05-17 08:47:44.530779,Deposit,32777.5,INR,SUCCESS,Online
T0001702,A000675,2026-07-28 03:13:39.530779,Fee,72150.33,INR,FAILED,Mobile
T0001703,A000009,2025-06-04 00:01:19.530779,Interest,18401.23,INR,PENDING,Branch
T0001704,A000282,2025-12-11 05:22:35.530779,Withdrawal,204173.45,INR,PENDING,ATM
T0001705,A000354,2026-02-11 10:21:29.530779,Interest,40487.69,INR,FAILED,Branch
T0001706,A000132,2026-02-18 17:19:52.530779,Fee,193610.38,INR,PENDING,Mobile
T0001707,A000923,2025-01-29 06:53:38.530779,Fee,160775.71,INR,PENDING,Branch
T0001708,A001347,2024-11-18 11:26:16.530779,Fee,243135.53,INR,FAILED,Online
T0001709,A000102,2025-10-22 18:26:25.530779,Payment,174412.36,INR,PENDING,Mobile
T0001710,A001179,2026-09-04 08:43:43.530779,Interest,92582.46,INR,FAILED,Branch
T0001711,A001099,2026-05-01 21:15:17.530779,Transfer,97914.61,INR,PENDING,ATM
T0001712,A001407,2026-03-01 15:01:33.530779,Payment,155920.68,INR,PENDING,Branch
T0001713,A000495,2025-04-05 19:08:50.530779,Deposit,214093.38,INR,FAILED,Mobile
T0001714,A000245,2025-04-14 13:48:34.530779,Deposit,209868.73,INR,SUCCESS,Mobile
T0001715,A000787,2025-11-21 02:28:32.530779,Payment,33188.88,INR,SUCCESS,Branch
T0001716,A000653,2025-08-16 12:24:09.530779,Interest,112459.69,INR,PENDING,Branch
T0001717,A001023,2025-07-01 11:27:50.530779,Interest,231704.58,INR,FAILED,ATM
T0001718,A001011,2025-08-21 12:28:50.530779,Transfer,25059.04,INR,SUCCESS,ATM
T0001719,A000563,2026-01-14 15:07:10.530779,Deposit,1811.46,INR,FAILED,Branch
T0001720,A000850,2025-08-31 18:23:56.530779,Fee,213973.44,INR,FAILED,Online
T0001721,A000850,2025-09-20 02:01:29.530779,Payment,88289.77,INR,FAILED,Online
T0001722,A000526,2025-02-24 05:48:18.530779,Transfer,65077.03,INR,PENDING,Branch
T0001723,A000295,2025-07-19 23:36:32.530779,Withdrawal,50477.57,INR,FAILED,Branch
T0001724,A000478,2024-10-07 18:05:27.530779,Transfer,205163.5,INR,SUCCESS,Online
T0001725,A000503,2025-12-27 00:09:10.530779,Payment,48577.07,INR,PENDING,ATM
T0001726,A000435,2025-06-21 05:01:54.530779,Fee,160782.64,INR,SUCCESS,Mobile
T0001727,A001498,2024-11-05 11:32:43.530779,Deposit,135185.28,INR,PENDING,Mobile
T0001728,A000570,2024-10-21 21:35:30.530779,Interest,17383.87,INR,FAILED,Online
T0001729,A001307,2026-05-10 15:12:13.530779,Deposit,205935.76,INR,FAILED,Branch
T0001730,A000277,2026-05-02 17:09:34.530779,Transfer,84225.18,INR,SUCCESS,ATM
T0001731,A000743,2025-01-10 07:03:56.530779,Payment,152387.28,INR,PENDING,Online
T0001732,A000087,2025-07-22 10:59:56.530779,Payment,51240.53,INR,FAILED,Branch
T0001733,A000030,2025-07-23 17:58:38.530779,Fee,80534.83,INR,PENDING,Mobile
T0001734,A001387,2026-04-29 08:34:32.530779,Deposit,222078.96,INR,PENDING,Online
T0001735,A000886,2025-02-10 23:22:52.530779,Deposit,42229.59,INR,PENDING,ATM
T0001736,A001333,2025-06-23 04:47:10.530779,Deposit,200377.55,INR,SUCCESS,ATM
T0001737,A000287,2026-03-17 21:17:29.530779,Transfer,130194.07,INR,PENDING,Online
T0001738,A000640,2026-01-12 06:23:27.530779,Withdrawal,10313.17,INR,SUCCESS,Branch
T0001739,A000965,2026-08-01 16:10:16.530779,Transfer,133194.34,INR,FAILED,ATM
T0001740,A000233,2026-06-06 12:43:45.530779,Interest,77259.77,INR,PENDING,Branch
T0001741,A001478,2025-06-20 18:27:33.530779,Withdrawal,50446.5,INR,PENDING,Mobile
T0001742,A001314,2026-06-02 11:04:48.530779,Fee,218460.61,INR,PENDING,ATM
T0001743,A000861,2025-01-06 20:12:08.530779,Withdrawal,61248.67,INR,SUCCESS,Mobile
T0001744,A001317,2025-12-03 00:33:45.530779,Transfer,180670.64,INR,FAILED,ATM
T0001745,A000861,2025-03-08 16:08:59.530779,Payment,73204.63,INR,PENDING,Mobile
T0001746,A000395,2024-12-30 15:34:29.530779,Interest,721.71,INR,FAILED,Mobile
T0001747,A001346,2026-05-17 07:12:26.530779,Interest,228698.07,INR,SUCCESS,ATM
T0001748,A000185,2024-12-23 18:42:44.530779,Payment,135266.5,INR,SUCCESS,ATM
T0001749,A000741,2025-02-17 13:19:06.530779,Transfer,140825.29,INR,FAILED,Online
T0001750,A000483,2025-11-24 04:59:27.530779,Withdrawal,115096.03,INR,SUCCESS,Mobile
T0001751,A000244,2026-07-21 16:40:41.530779,Payment,156205.98,INR,PENDING,Online
T0001752,A000467,2025-02-22 05:39:52.530779,Payment,169859.48,INR,PENDING,Online
T0001753,A000648,2024-10-26 15:01:37.530779,Transfer,218242.98,INR,PENDING,Branch
T0001754,A000575,2024-11-15 19:32:01.530779,Payment,246109.24,INR,PENDING,ATM
T0001755,A000145,2026-09-10 08:52:36.530779,Interest,197786.31,INR,FAILED,Branch
T0001756,A000415,2025-08-07 10:51:25.530779,Fee,131255.35,INR,PENDING,Online
T0001757,A000948,2025-12-27 07:04:47.530779,Fee,16670.6,INR,PENDING,Online
T0001758,A001234,2025-08-14 17:25:09.530779,Deposit,139500.81,INR,FAILED,ATM
T0001759,A001459,2026-02-24 21:35:05.530779,Interest,97712.58,INR,FAILED,Mobile
T0001760,A001128,2026-02-19 09:01:32.530779,Fee,110879.14,INR,SUCCESS,Online
T0001761,A001404,2025-02-26 00:02:39.530779,Payment,99708.56,INR,SUCCESS,Mobile
T0001762,A001396,2026-05-20 13:57:42.530779,Deposit,45183.64,INR,PENDING,Online
T0001763,A000181,2026-06-29 11:34:48.530779,Fee,219635.65,INR,PENDING,Online
T0001764,A001326,2025-02-25 20:04:32.530779,Fee,130796.39,INR,FAILED,Online
T0001765,A000055,2026-02-25 04:18:04.530779,Interest,206897.22,INR,SUCCESS,Branch
T0001766,A000076,2025-10-22 21:07:42.530779,Deposit,11864.12,INR,PENDING,Mobile
T0001767,A000301,2025-05-02 16:56:36.530779,Fee,138753.75,INR,FAILED,Mobile
T0001768,A001447,2025-05-07 09:26:16.530779,Fee,165722.13,INR,FAILED,ATM
T0001769,A000095,2026-06-04 15:57:47.530779,Withdrawal,178490.64,INR,SUCCESS,Branch
T0001770,A000943,2026-02-04 11:22:03.530779,Fee,153584.44,INR,PENDING,Mobile
T0001771,A000726,2025-04-03 11:44:49.530779,Interest,111578.15,INR,FAILED,Branch
T0001772,A000350,2025-05-19 03:07:36.530779,Interest,224709.6,INR,SUCCESS,Online
T0001773,A000697,2025-08-16 11:25:03.530779,Interest,10772.75,INR,FAILED,Branch
T0001774,A000733,2026-08-13 00:37:15.530779,Withdrawal,160962.49,INR,PENDING,Branch
T0001775,A001384,2026-06-14 21:24:07.530779,Interest,55738.66,INR,FAILED,ATM
T0001776,A000638,2025-06-16 01:03:25.530779,Transfer,245465.71,INR,PENDING,Mobile
T0001777,A000638,2025-01-05 02:12:32.530779,Deposit,77211.34,INR,FAILED,Online
T0001778,A000313,2026-07-19 03:09:27.530779,Withdrawal,244446.44,INR,FAILED,Online
T0001779,A001098,2025-04-11 14:00:51.530779,Payment,28546.33,INR,PENDING,Branch
T0001780,A000153,2026-03-20 21:20:16.530779,Interest,9464.87,INR,PENDING,Branch
T0001781,A000915,2025-12-25 21:55:35.530779,Fee,13453.86,INR,SUCCESS,Mobile
T0001782,A001286,2026-07-06 10:26:41.530779,Transfer,89354.41,INR,PENDING,ATM
T0001783,A000969,2025-06-16 14:25:48.530779,Fee,202570.29,INR,SUCCESS,Mobile
T0001784,A000611,2025-11-27 14:59:08.530779,Deposit,16691.77,INR,SUCCESS,Mobile
T0001785,A000983,2026-06-09 11:03:16.530779,Withdrawal,189619.79,INR,PENDING,Mobile
T0001786,A001193,2025-01-19 12:21:24.530779,Payment,91576.27,INR,PENDING,Mobile
T0001787,A001357,2026-05-28 04:47:32.530779,Payment,58457.0,INR,PENDING,Branch
T0001788,A001456,2026-04-15 07:00:57.530779,Deposit,34262.62,INR,SUCCESS,ATM
T0001789,A001445,2026-04-15 12:50:17.530779,Interest,76144.51,INR,SUCCESS,Mobile
T0001790,A000615,2025-05-10 05:48:09.530779,Deposit,94041.22,INR,PENDING,ATM
T0001791,A000711,2024-11-29 19:27:13.530779,Interest,184742.65,INR,PENDING,Mobile
T0001792,A000797,2026-05-10 15:11:20.530779,Deposit,236688.88,INR,SUCCESS,ATM
T0001793,A000965,2025-07-15 13:25:16.530779,Interest,63726.57,INR,SUCCESS,Online
T0001794,A001173,2025-09-08 22:26:47.530779,Transfer,136237.86,INR,PENDING,Online
T0001795,A000549,2026-06-24 17:09:44.530779,Interest,232979.63,INR,PENDING,Online
T0001796,A000906,2025-11-28 01:44:46.530779,Deposit,84233.86,INR,SUCCESS,Mobile
T0001797,A001361,2024-12-07 18:07:46.530779,Deposit,101181.92,INR,PENDING,Online
T0001798,A000203,2026-07-13 09:52:00.530779,Withdrawal,196955.14,INR,FAILED,ATM
T0001799,A000792,2026-08-04 16:53:15.530779,Interest,222350.86,INR,PENDING,ATM
T0001800,A001422,2026-04-18 06:50:04.530779,Payment,202734.24,INR,FAILED,Online
T0001801,A001473,2025-01-29 20:57:52.530779,Withdrawal,134050.03,INR,FAILED,Mobile
T0001802,A000311,2025-04-14 00:28:23.530779,Payment,240439.62,INR,PENDING,ATM
T0001803,A001487,2024-10-20 20:22:09.530779,Interest,146327.12,INR,PENDING,Mobile
T0001804,A000387,2025-01-17 19:44:20.530779,Payment,94340.18,INR,FAILED,Online
T0001805,A000851,2026-05-27 13:10:31.530779,Payment,108933.3,INR,SUCCESS,Online
T0001806,A000808,2025-02-09 10:50:29.530779,Withdrawal,69543.42,INR,SUCCESS,Mobile
T0001807,A001393,2025-01-29 04:17:41.530779,Interest,244714.2,INR,FAILED,Online
T0001808,A001486,2024-12-03 07:01:47.530779,Payment,242990.12,INR,PENDING,Mobile
T0001809,A000734,2025-11-25 17:12:17.530779,Fee,185118.31,INR,SUCCESS,Branch
T0001810,A000148,2025-12-27 21:47:38.530779,Transfer,37515.01,INR,FAILED,ATM
T0001811,A000562,2025-11-07 03:48:32.530779,Transfer,6822.75,INR,SUCCESS,Mobile
T0001812,A000129,2025-05-29 12:11:20.530779,Payment,76080.96,INR,FAILED,ATM
T0001813,A000287,2025-12-08 10:36:46.530779,Payment,203407.67,INR,SUCCESS,Branch
T0001814,A000263,2025-05-30 17:15:19.530779,Payment,54624.5,INR,PENDING,ATM
T0001815,A001255,2026-07-10 13:18:54.530779,Interest,83780.29,INR,PENDING,Mobile
T0001816,A000996,2026-07-06 06:04:52.530779,Interest,109724.04,INR,FAILED,Online
T0001817,A000093,2025-07-22 21:33:37.530779,Deposit,54161.34,INR,PENDING,ATM
T0001818,A000686,2024-09-22 05:56:33.530779,Transfer,15980.12,INR,PENDING,Mobile
T0001819,A001400,2025-06-24 09:56:05.530779,Transfer,218763.71,INR,FAILED,Branch
T0001820,A001093,2025-02-11 06:00:12.530779,Fee,57250.58,INR,SUCCESS,ATM
T0001821,A000479,2026-01-13 08:12:39.530779,Deposit,63247.47,INR,FAILED,ATM
T0001822,A000766,2025-10-12 02:28:34.530779,Interest,120602.21,INR,PENDING,Mobile
T0001823,A000191,2025-02-19 12:26:56.530779,Deposit,65252.52,INR,PENDING,Branch
T0001824,A000956,2026-03-12 18:15:16.530779,Fee,205992.48,INR,SUCCESS,Online
T0001825,A000593,2025-02-03 23:43:23.530779,Deposit,145832.4,INR,FAILED,Mobile
T0001826,A001333,2025-12-15 17:28:17.530779,Payment,106288.98,INR,PENDING,Mobile
T0001827,A000766,2024-11-12 18:39:55.530779,Fee,12994.41,INR,SUCCESS,Branch
T0001828,A000640,2025-05-27 02:33:07.530779,Withdrawal,145616.05,INR,FAILED,Online
T0001829,A000469,2024-11-25 08:32:15.530779,Payment,120397.13,INR,FAILED,Mobile
T0001830,A000031,2026-06-28 03:12:41.530779,Payment,199628.11,INR,SUCCESS,Branch
T0001831,A001260,2024-12-28 01:04:47.530779,Interest,101406.75,INR,PENDING,ATM
T0001832,A000264,2025-11-27 10:23:42.530779,Transfer,190270.42,INR,SUCCESS,Branch
T0001833,A001335,2026-07-09 19:22:41.530779,Deposit,35782.7,INR,FAILED,Mobile
T0001834,A000763,2025-05-28 02:03:15.530779,Transfer,44883.54,INR,PENDING,Mobile
T0001835,A000069,2024-10-02 14:08:50.530779,Deposit,46253.08,INR,SUCCESS,Mobile
T0001836,A000687,2026-02-16 15:08:53.530779,Interest,172876.48,INR,FAILED,Online
T0001837,A000283,2026-08-12 11:18:52.530779,Withdrawal,72147.83,INR,SUCCESS,Online
T0001838,A000056,2025-07-13 05:00:51.530779,Payment,102273.53,INR,SUCCESS,Online
T0001839,A000525,2025-08-08 02:10:26.530779,Transfer,184659.98,INR,PENDING,Mobile
T0001840,A000823,2024-10-09 02:54:15.530779,Payment,223219.83,INR,SUCCESS,Mobile
T0001841,A000280,2025-01-29 04:22:09.530779,Transfer,9435.83,INR,FAILED,Mobile
T0001842,A000378,2026-05-14 04:10:48.530779,Interest,44107.58,INR,FAILED,Branch
T0001843,A000057,2025-02-10 23:16:39.530779,Deposit,240223.98,INR,PENDING,Online
T0001844,A000426,2024-12-06 03:34:30.530779,Transfer,133592.85,INR,SUCCESS,Mobile
T0001845,A000395,2026-05-02 03:06:27.530779,Withdrawal,160471.41,INR,FAILED,Mobile
T0001846,A000240,2026-03-03 13:13:19.530779,Withdrawal,39665.13,INR,PENDING,ATM
T0001847,A001392,2025-08-29 14:25:10.530779,Transfer,83380.82,INR,SUCCESS,ATM
T0001848,A000819,2025-03-29 17:39:19.530779,Transfer,193151.52,INR,FAILED,Branch
T0001849,A000355,2025-12-01 23:36:37.530779,Transfer,145954.09,INR,FAILED,Branch
T0001850,A000357,2025-04-05 09:10:22.530779,Interest,13721.74,INR,PENDING,ATM
T0001851,A000930,2025-05-31 15:20:58.530779,Interest,167538.24,INR,PENDING,Mobile
T0001852,A001127,2025-06-30 20:17:09.530779,Interest,156309.13,INR,SUCCESS,Branch
T0001853,A000829,2025-05-15 12:23:54.530779,Deposit,83718.63,INR,SUCCESS,Branch
T0001854,A000681,2025-11-07 12:56:03.530779,Fee,211780.96,INR,FAILED,Branch
T0001855,A000758,2025-10-24 05:10:15.530779,Withdrawal,218097.13,INR,PENDING,Online
T0001856,A000853,2026-06-16 14:35:43.530779,Transfer,26396.07,INR,FAILED,ATM
T0001857,A000829,2025-05-02 08:30:09.530779,Fee,174522.5,INR,SUCCESS,ATM
T0001858,A000807,2025-12-16 09:17:18.530779,Payment,179947.83,INR,PENDING,Mobile
T0001859,A001150,2025-09-01 07:00:57.530779,Fee,174715.65,INR,PENDING,Branch
T0001860,A001181,2025-01-28 22:30:17.530779,Fee,222067.79,INR,PENDING,Mobile
T0001861,A000415,2025-02-24 09:58:28.530779,Interest,188769.06,INR,FAILED,Branch
T0001862,A000610,2026-05-19 04:55:02.530779,Deposit,84754.81,INR,SUCCESS,Mobile
T0001863,A001321,2026-07-08 16:05:32.530779,Interest,233509.54,INR,SUCCESS,Mobile
T0001864,A000436,2025-08-17 09:18:44.530779,Interest,71726.14,INR,PENDING,ATM
T0001865,A000505,2026-02-14 15:03:16.530779,Interest,144480.01,INR,FAILED,Online
T0001866,A000302,2025-10-27 19:01:54.530779,Transfer,141420.14,INR,PENDING,Mobile
T0001867,A001119,2026-06-12 21:34:51.530779,Interest,19383.27,INR,SUCCESS,ATM
T0001868,A000171,2025-05-07 17:38:13.530779,Deposit,98473.49,INR,PENDING,Mobile
T0001869,A000182,2026-09-01 16:14:47.530779,Deposit,61286.3,INR,FAILED,Mobile
T0001870,A000778,2026-01-18 04:11:29.530779,Deposit,117935.44,INR,SUCCESS,Online
T0001871,A001099,2024-12-26 09:24:01.530779,Fee,105960.71,INR,FAILED,Online
T0001872,A000792,2026-04-12 04:31:26.530779,Interest,68847.11,INR,SUCCESS,Online
T0001873,A000585,2025-02-01 03:53:19.530779,Payment,195960.21,INR,PENDING,ATM
T0001874,A000377,2025-12-16 13:52:42.530779,Transfer,160646.82,INR,SUCCESS,Mobile
T0001875,A000706,2025-10-22 10:13:32.530779,Payment,51358.19,INR,SUCCESS,Online
T0001876,A001199,2026-01-04 04:28:43.530779,Fee,157689.23,INR,FAILED,Online
T0001877,A001173,2025-04-28 13:49:32.530779,Transfer,126456.21,INR,PENDING,Online
T0001878,A000372,2026-08-04 03:25:41.530779,Interest,103461.5,INR,FAILED,ATM
T0001879,A000182,2026-04-23 16:10:59.530779,Fee,102558.5,INR,PENDING,Online
T0001880,A000460,2025-11-15 19:28:46.530779,Withdrawal,82226.28,INR,PENDING,Online
T0001881,A000798,2024-10-23 03:14:51.530779,Deposit,42535.09,INR,PENDING,Online
T0001882,A001472,2025-01-14 14:02:31.530779,Withdrawal,141964.85,INR,FAILED,Online
T0001883,A000464,2024-12-12 06:31:03.530779,Withdrawal,68116.63,INR,FAILED,Mobile
T0001884,A000988,2026-01-20 14:41:38.530779,Interest,200046.89,INR,PENDING,ATM
T0001885,A000577,2026-03-20 03:05:03.530779,Deposit,206398.59,INR,PENDING,ATM
T0001886,A000146,2024-12-19 01:41:21.530779,Payment,123456.59,INR,SUCCESS,Online
T0001887,A001115,2024-12-04 08:34:10.530779,Deposit,26022.0,INR,SUCCESS,ATM
T0001888,A001455,2026-05-05 23:15:25.530779,Fee,165762.9,INR,SUCCESS,Online
T0001889,A001344,2024-11-07 10:46:20.530779,Withdrawal,223418.65,INR,SUCCESS,Mobile
T0001890,A000855,2026-03-16 19:53:04.530779,Payment,231464.82,INR,FAILED,Online
T0001891,A001234,2024-12-03 22:02:00.530779,Deposit,61687.31,INR,SUCCESS,Online
T0001892,A001028,2025-04-13 08:48:57.530779,Interest,233640.29,INR,FAILED,ATM
T0001893,A000430,2025-02-26 01:36:38.530779,Transfer,49450.7,INR,FAILED,Online
T0001894,A001159,2026-09-02 16:50:04.530779,Interest,24132.47,INR,PENDING,Online
T0001895,A000783,2025-04-18 19:13:08.530779,Deposit,20051.39,INR,FAILED,Online
T0001896,A001015,2026-09-08 02:34:30.530779,Deposit,50899.22,INR,SUCCESS,Online
T0001897,A000034,2026-05-09 10:41:43.530779,Withdrawal,75933.43,INR,FAILED,Online
T0001898,A001138,2025-03-04 18:23:21.530779,Interest,22157.4,INR,SUCCESS,Online
T0001899,A000941,2025-02-02 18:51:27.530779,Interest,74838.58,INR,SUCCESS,Branch
T0001900,A001245,2026-09-03 02:09:46.530779,Withdrawal,242441.23,INR,FAILED,ATM
T0001901,A000604,2026-02-04 13:17:06.530779,Payment,46961.82,INR,SUCCESS,Mobile
T0001902,A000077,2026-04-10 02:19:50.530779,Interest,124879.33,INR,PENDING,Online
T0001903,A000251,2026-07-25 13:13:34.530779,Fee,249689.09,INR,SUCCESS,Mobile
T0001904,A000244,2026-07-08 04:57:15.530779,Transfer,71061.33,INR,SUCCESS,Online
T0001905,A000169,2026-09-17 08:04:30.530779,Transfer,54526.97,INR,SUCCESS,Branch
T0001906,A001356,2026-05-24 15:12:24.530779,Withdrawal,97195.16,INR,FAILED,ATM
T0001907,A000343,2025-09-07 11:42:13.530779,Transfer,43957.54,INR,PENDING,Branch
T0001908,A000005,2025-08-05 02:09:42.530779,Withdrawal,158285.85,INR,FAILED,Branch
T0001909,A001196,2024-11-25 16:24:55.530779,Fee,149342.95,INR,PENDING,ATM
T0001910,A000736,2026-03-07 18:34:11.530779,Payment,97667.64,INR,FAILED,Mobile
T0001911,A000757,2024-11-18 00:32:39.530779,Deposit,147752.68,INR,PENDING,ATM
T0001912,A000713,2025-12-07 15:51:53.530779,Interest,229261.93,INR,SUCCESS,ATM
T0001913,A000607,2025-09-27 17:48:38.530779,Withdrawal,212949.27,INR,SUCCESS,Branch
T0001914,A000934,2026-07-05 02:34:32.530779,Withdrawal,97490.1,INR,SUCCESS,ATM
T0001915,A000054,2025-11-08 12:47:22.530779,Transfer,95757.12,INR,SUCCESS,Branch
T0001916,A000170,2024-10-13 00:59:19.530779,Transfer,214769.45,INR,PENDING,ATM
T0001917,A000011,2025-01-11 07:31:46.530779,Payment,127360.08,INR,FAILED,Mobile
T0001918,A001435,2025-06-13 00:54:16.530779,Fee,111325.42,INR,SUCCESS,Online
T0001919,A000844,2024-09-23 22:39:51.530779,Payment,135419.7,INR,SUCCESS,ATM
T0001920,A000278,2024-12-31 17:07:07.530779,Fee,35265.58,INR,FAILED,Branch
T0001921,A001028,2025-03-11 06:25:33.530779,Interest,27919.04,INR,FAILED,Mobile
T0001922,A000293,2025-02-10 07:46:48.530779,Fee,37106.0,INR,SUCCESS,Mobile
T0001923,A001098,2025-07-06 23:54:31.530779,Transfer,117813.51,INR,SUCCESS,Mobile
T0001924,A001211,2025-09-21 21:29:34.530779,Fee,74360.35,INR,SUCCESS,ATM
T0001925,A001488,2024-12-23 00:50:58.530779,Fee,67067.35,INR,PENDING,Online
T0001926,A000209,2025-05-11 13:00:38.530779,Interest,28953.76,INR,SUCCESS,ATM
T0001927,A000644,2026-08-04 00:30:38.530779,Withdrawal,79739.24,INR,FAILED,Mobile
T0001928,A001087,2025-03-07 22:50:41.530779,Fee,32899.87,INR,SUCCESS,Branch
T0001929,A001310,2025-07-13 03:42:46.530779,Interest,234008.46,INR,FAILED,Branch
T0001930,A001227,2026-04-12 00:55:10.530779,Payment,131095.29,INR,SUCCESS,Mobile
T0001931,A000150,2026-03-27 00:03:18.530779,Deposit,223749.24,INR,SUCCESS,ATM
T0001932,A000497,2026-09-19 11:25:23.530779,Transfer,19392.6,INR,FAILED,Mobile
T0001933,A001344,2026-02-24 02:54:36.530779,Transfer,72049.01,INR,PENDING,Branch
T0001934,A001288,2025-12-29 09:54:32.530779,Withdrawal,137695.61,INR,SUCCESS,Online
T0001935,A001381,2026-07-08 17:59:43.530779,Fee,231591.96,INR,SUCCESS,Online
T0001936,A000706,2025-10-19 07:30:44.530779,Payment,245336.57,INR,PENDING,Online
T0001937,A000952,2026-08-10 07:42:23.530779,Fee,146337.19,INR,SUCCESS,Mobile
T0001938,A001354,2024-12-28 07:30:32.530779,Fee,181373.8,INR,PENDING,Branch
T0001939,A001476,2025-06-03 08:09:03.530779,Payment,149105.7,INR,SUCCESS,ATM
T0001940,A000662,2025-08-25 19:32:48.530779,Transfer,228750.15,INR,FAILED,ATM
T0001941,A001116,2026-09-04 00:11:18.530779,Transfer,46724.46,INR,PENDING,Online
T0001942,A000881,2025-11-23 21:22:27.530779,Fee,159444.43,INR,PENDING,ATM
T0001943,A001065,2025-09-22 05:00:28.530779,Fee,200270.56,INR,FAILED,Online
T0001944,A001491,2025-10-11 01:51:24.530779,Deposit,97187.97,INR,FAILED,Branch
T0001945,A000927,2025-05-24 07:55:54.530779,Transfer,92876.54,INR,SUCCESS,Online
T0001946,A000295,2025-11-02 11:01:11.530779,Payment,103652.19,INR,SUCCESS,Branch
T0001947,A000142,2026-07-31 19:49:23.530779,Transfer,146977.7,INR,PENDING,Online
T0001948,A000451,2025-02-10 12:27:11.530779,Interest,5221.87,INR,FAILED,Mobile
T0001949,A001262,2026-01-23 13:56:13.530779,Fee,40266.18,INR,PENDING,Branch
T0001950,A000618,2025-07-19 09:14:09.530779,Payment,193490.61,INR,FAILED,Mobile
T0001951,A001089,2025-08-15 23:45:44.530779,Transfer,168860.5,INR,SUCCESS,Mobile
T0001952,A000436,2025-06-03 05:46:05.530779,Transfer,128119.71,INR,SUCCESS,ATM
T0001953,A001453,2024-12-10 15:58:20.530779,Withdrawal,77022.77,INR,PENDING,ATM
T0001954,A000816,2025-09-05 08:24:27.530779,Fee,27092.29,INR,PENDING,ATM
T0001955,A000578,2025-08-08 16:07:26.530779,Fee,232048.82,INR,FAILED,Mobile
T0001956,A000776,2026-02-12 19:55:51.530779,Deposit,40621.67,INR,SUCCESS,ATM
T0001957,A000490,2025-12-27 01:39:57.530779,Withdrawal,55483.65,INR,SUCCESS,ATM
T0001958,A000597,2026-08-12 21:15:59.530779,Transfer,45402.66,INR,SUCCESS,Online
T0001959,A001102,2025-08-15 22:43:55.530779,Withdrawal,131387.65,INR,SUCCESS,Online
T0001960,A000287,2025-07-03 00:09:59.530779,Fee,108827.33,INR,SUCCESS,Online
T0001961,A000204,2025-12-17 05:10:45.530779,Payment,73943.15,INR,SUCCESS,Mobile
T0001962,A000619,2025-02-01 00:23:30.530779,Deposit,101877.0,INR,PENDING,Mobile
T0001963,A001402,2025-01-20 12:30:23.530779,Withdrawal,147626.04,INR,FAILED,Branch
T0001964,A000973,2026-05-31 07:04:19.530779,Deposit,99114.15,INR,SUCCESS,ATM
T0001965,A000249,2024-10-23 07:16:24.530779,Withdrawal,146633.72,INR,PENDING,Online
T0001966,A000734,2025-07-26 18:47:07.530779,Deposit,46318.14,INR,SUCCESS,Branch
T0001967,A000100,2024-12-26 20:43:47.530779,Deposit,144155.91,INR,PENDING,Mobile
T0001968,A001268,2025-04-24 13:02:02.530779,Withdrawal,122403.32,INR,FAILED,Online
T0001969,A000005,2026-05-31 01:40:44.530779,Deposit,161567.3,INR,SUCCESS,ATM
T0001970,A000772,2025-12-04 03:03:00.530779,Withdrawal,46133.05,INR,FAILED,Branch
T0001971,A001434,2026-08-14 09:39:06.530779,Payment,16091.18,INR,PENDING,ATM
T0001972,A000634,2025-09-17 21:15:49.530779,Deposit,181800.82,INR,PENDING,Mobile
T0001973,A000586,2025-05-09 23:26:46.530779,Transfer,181766.38,INR,SUCCESS,Mobile
T0001974,A000789,2025-05-17 02:26:43.530779,Interest,156918.4,INR,FAILED,Online
T0001975,A000772,2025-07-08 11:29:55.530779,Transfer,110328.93,INR,FAILED,Mobile
T0001976,A000243,2025-12-17 23:53:49.530779,Fee,73997.51,INR,FAILED,Mobile
T0001977,A001433,2026-08-14 21:47:39.530779,Deposit,230007.18,INR,PENDING,Branch
T0001978,A000862,2026-02-12 15:00:31.530779,Interest,107059.97,INR,SUCCESS,ATM
T0001979,A000965,2025-03-20 23:24:59.530779,Interest,224093.06,INR,FAILED,Online
T0001980,A001179,2025-01-26 00:23:38.530779,Withdrawal,138488.2,INR,PENDING,ATM
T0001981,A000113,2026-01-21 19:21:39.530779,Payment,165579.0,INR,PENDING,Online
T0001982,A000504,2025-02-26 04:14:12.530779,Deposit,168825.59,INR,FAILED,Branch
T0001983,A001393,2026-06-23 19:20:53.530779,Payment,6107.7,INR,PENDING,Branch
T0001984,A000419,2026-06-29 14:59:48.530779,Transfer,61594.0,INR,SUCCESS,Mobile
T0001985,A000253,2026-08-21 17:08:04.530779,Fee,88998.36,INR,SUCCESS,Online
T0001986,A001303,2025-02-08 13:12:42.530779,Fee,180143.38,INR,PENDING,ATM
T0001987,A001020,2025-11-18 07:27:48.530779,Deposit,20873.29,INR,SUCCESS,ATM
T0001988,A000083,2025-04-05 00:12:52.530779,Deposit,234746.03,INR,SUCCESS,Branch
T0001989,A001167,2025-08-30 08:22:23.530779,Fee,141193.37,INR,PENDING,Mobile
T0001990,A000425,2025-05-27 02:05:32.530779,Withdrawal,64987.31,INR,FAILED,Branch
T0001991,A000428,2025-10-14 21:44:00.530779,Withdrawal,242727.61,INR,PENDING,ATM
T0001992,A001350,2025-01-03 17:18:06.530779,Fee,50506.19,INR,PENDING,Branch
T0001993,A001168,2025-11-16 11:53:56.530779,Deposit,220607.92,INR,FAILED,Mobile
T0001994,A000085,2026-03-10 04:30:24.530779,Deposit,24680.62,INR,FAILED,Online
T0001995,A000336,2025-10-22 12:17:06.530779,Interest,107049.77,INR,FAILED,Mobile
T0001996,A000452,2025-12-05 15:38:07.530779,Transfer,15997.05,INR,SUCCESS,Branch
T0001997,A000648,2025-03-26 09:36:39.530779,Transfer,55229.78,INR,SUCCESS,Branch
T0001998,A000644,2025-09-29 13:42:38.530779,Payment,153437.4,INR,FAILED,ATM
T0001999,A001048,2026-03-15 15:29:45.530779,Transfer,147211.28,INR,SUCCESS,Mobile
T0002000,A000590,2025-07-02 20:27:52.530779,Interest,91965.28,INR,SUCCESS,Online
T0002001,A001281,2025-07-31 14:14:24.530779,Withdrawal,78793.86,INR,FAILED,Mobile
T0002002,A000670,2026-04-24 14:40:38.530779,Payment,133504.59,INR,FAILED,Online
T0002003,A000864,2025-02-13 01:24:13.530779,Withdrawal,187698.38,INR,FAILED,Branch
T0002004,A000474,2025-03-22 21:10:31.530779,Interest,79962.21,INR,SUCCESS,Branch
T0002005,A000528,2026-05-11 07:16:32.530779,Interest,219346.2,INR,SUCCESS,Online
T0002006,A000226,2025-02-01 20:23:00.530779,Transfer,109327.85,INR,PENDING,ATM
T0002007,A000302,2024-09-24 06:12:10.530779,Withdrawal,73247.58,INR,FAILED,Branch
T0002008,A000588,2026-04-05 23:39:24.530779,Transfer,243119.19,INR,PENDING,Branch
T0002009,A000239,2025-02-07 13:01:50.530779,Fee,72897.55,INR,PENDING,Online
T0002010,A000417,2026-01-02 00:18:40.530779,Withdrawal,162467.54,INR,PENDING,Mobile
T0002011,A000928,2024-12-24 10:04:57.530779,Fee,170190.51,INR,SUCCESS,Mobile
T0002012,A001322,2025-04-05 15:37:13.530779,Interest,220219.65,INR,PENDING,Online
T0002013,A000649,2026-04-24 09:14:58.530779,Deposit,179470.16,INR,FAILED,Branch
T0002014,A000025,2025-11-03 15:38:27.530779,Payment,49362.88,INR,PENDING,Mobile
T0002015,A001066,2026-08-08 04:32:56.530779,Payment,50195.27,INR,SUCCESS,Online
T0002016,A000056,2025-02-08 04:56:48.530779,Deposit,222846.19,INR,PENDING,ATM
T0002017,A000260,2026-02-17 09:12:07.530779,Payment,204294.98,INR,PENDING,Mobile
T0002018,A000867,2025-04-17 07:09:59.530779,Payment,168956.2,INR,FAILED,Online
T0002019,A001416,2026-02-23 05:29:13.530779,Fee,151352.48,INR,FAILED,Online
T0002020,A000781,2026-09-04 06:57:36.530779,Deposit,212970.15,INR,PENDING,ATM
T0002021,A000891,2026-06-03 09:50:36.530779,Fee,33356.89,INR,PENDING,ATM
T0002022,A001164,2025-11-23 09:37:16.530779,Interest,208502.46,INR,SUCCESS,Mobile
T0002023,A001274,2025-02-16 08:57:07.530779,Transfer,190923.08,INR,SUCCESS,Mobile
T0002024,A001338,2025-10-08 01:14:47.530779,Deposit,19453.57,INR,FAILED,ATM
T0002025,A000974,2025-10-25 03:25:26.530779,Transfer,196792.08,INR,PENDING,Online
T0002026,A000444,2026-03-27 01:12:19.530779,Fee,183463.72,INR,PENDING,Online
T0002027,A001307,2025-07-09 08:43:25.530779,Deposit,15406.66,INR,SUCCESS,ATM
T0002028,A000714,2025-05-25 01:45:17.530779,Payment,96302.02,INR,PENDING,ATM
T0002029,A000677,2024-12-06 07:12:18.530779,Withdrawal,130657.93,INR,PENDING,Online
T0002030,A001323,2025-06-28 18:10:53.530779,Withdrawal,119380.22,INR,FAILED,ATM
T0002031,A000103,2025-09-15 17:50:26.530779,Withdrawal,10611.49,INR,PENDING,Online
T0002032,A001058,2025-01-03 14:06:48.530779,Transfer,95420.15,INR,FAILED,Online
T0002033,A001125,2026-01-31 15:50:32.530779,Transfer,9119.31,INR,PENDING,Online
T0002034,A001346,2025-02-25 16:16:17.530779,Deposit,101259.13,INR,PENDING,Mobile
T0002035,A000893,2026-01-28 03:10:23.530779,Deposit,26765.1,INR,PENDING,Branch
T0002036,A000866,2025-11-28 18:15:56.530779,Deposit,21388.34,INR,PENDING,Branch
T0002037,A000730,2025-10-19 15:23:45.530779,Fee,183987.2,INR,PENDING,Mobile
T0002038,A000328,2026-07-31 06:40:55.530779,Payment,16511.65,INR,SUCCESS,ATM
T0002039,A001099,2024-10-18 11:32:50.530779,Withdrawal,93793.5,INR,FAILED,ATM
T0002040,A000138,2026-07-11 19:03:28.530779,Fee,87009.6,INR,FAILED,Branch
T0002041,A001118,2026-09-12 04:53:19.530779,Transfer,61803.74,INR,SUCCESS,Mobile
T0002042,A001216,2026-05-05 23:19:05.530779,Fee,40857.31,INR,SUCCESS,Branch
T0002043,A000194,2025-11-03 04:36:00.530779,Payment,226364.84,INR,PENDING,Branch
T0002044,A000089,2025-08-29 19:48:07.530779,Deposit,170361.73,INR,PENDING,ATM
T0002045,A001123,2025-11-29 15:00:11.530779,Payment,151227.61,INR,SUCCESS,Online
T0002046,A000311,2025-04-14 23:39:51.530779,Fee,85309.0,INR,SUCCESS,Branch
T0002047,A000787,2025-03-22 16:52:07.530779,Payment,148172.49,INR,PENDING,Mobile
T0002048,A000143,2025-06-08 10:57:29.530779,Interest,92806.73,INR,PENDING,Online
T0002049,A000258,2025-03-07 11:04:39.530779,Fee,92717.11,INR,FAILED,Branch
T0002050,A000010,2025-01-07 08:06:52.530779,Fee,116832.22,INR,SUCCESS,Online
T0002051,A000967,2026-03-22 19:58:29.530779,Withdrawal,221511.67,INR,SUCCESS,Branch
T0002052,A001465,2025-05-07 19:39:24.530779,Withdrawal,237537.75,INR,FAILED,Branch
T0002053,A000248,2025-12-30 03:39:03.530779,Fee,73193.11,INR,FAILED,Mobile
T0002054,A001337,2026-08-30 16:55:55.530779,Fee,230393.27,INR,SUCCESS,Online
T0002055,A000018,2026-05-30 01:40:03.530779,Payment,226859.27,INR,SUCCESS,Online
T0002056,A001468,2024-11-08 04:34:59.530779,Transfer,35288.99,INR,FAILED,ATM
T0002057,A001389,2026-02-02 07:18:56.530779,Deposit,87264.81,INR,PENDING,Branch
T0002058,A000962,2026-08-29 15:42:18.530779,Deposit,189372.08,INR,PENDING,Branch
T0002059,A001194,2025-01-21 20:31:57.530779,Interest,118736.71,INR,FAILED,ATM
T0002060,A000890,2026-09-16 21:38:07.530779,Transfer,192993.0,INR,FAILED,Branch
T0002061,A000084,2025-11-10 10:12:21.530779,Fee,152389.06,INR,PENDING,Branch
T0002062,A000399,2026-03-10 07:58:05.530779,Transfer,194766.77,INR,SUCCESS,Online
T0002063,A000312,2026-06-11 12:46:41.530779,Withdrawal,234048.67,INR,FAILED,Mobile
T0002064,A001398,2026-08-11 13:15:34.530779,Interest,91195.87,INR,FAILED,Mobile
T0002065,A000261,2026-09-01 06:03:59.530779,Deposit,144905.91,INR,FAILED,Mobile
T0002066,A000940,2026-06-19 23:54:46.530779,Deposit,90525.26,INR,FAILED,Branch
T0002067,A000863,2026-08-08 08:17:07.530779,Deposit,190589.53,INR,FAILED,Branch
T0002068,A000235,2026-07-07 20:47:30.530779,Deposit,226977.44,INR,FAILED,Online
T0002069,A000090,2026-09-08 02:55:51.530779,Deposit,99301.66,INR,SUCCESS,Branch
T0002070,A001033,2024-09-29 00:32:52.530779,Deposit,33724.12,INR,FAILED,Mobile
T0002071,A000960,2026-08-06 08:57:20.530779,Transfer,149508.55,INR,PENDING,Mobile
T0002072,A000592,2025-05-03 11:01:50.530779,Fee,125148.38,INR,SUCCESS,ATM
T0002073,A001230,2026-02-05 02:40:44.530779,Withdrawal,27038.46,INR,PENDING,Branch
T0002074,A000187,2026-01-16 20:11:13.530779,Transfer,96162.53,INR,PENDING,Branch
T0002075,A000581,2026-06-30 13:31:54.530779,Interest,207955.43,INR,SUCCESS,Online
T0002076,A001014,2025-04-20 02:45:53.530779,Interest,34763.4,INR,PENDING,Branch
T0002077,A000300,2025-11-27 12:42:48.530779,Fee,35582.56,INR,FAILED,ATM
T0002078,A000341,2025-06-17 20:59:31.530779,Interest,124565.19,INR,SUCCESS,ATM
T0002079,A000071,2024-09-22 00:51:48.530779,Interest,220156.87,INR,PENDING,Mobile
T0002080,A000802,2024-10-11 19:18:43.530779,Interest,12502.41,INR,FAILED,Branch
T0002081,A000177,2024-10-07 11:03:59.530779,Fee,6119.53,INR,FAILED,ATM
T0002082,A001015,2025-04-21 04:38:39.530779,Deposit,100221.03,INR,PENDING,Mobile
T0002083,A001426,2024-11-17 22:54:41.530779,Interest,49617.05,INR,SUCCESS,ATM
T0002084,A000445,2025-11-24 23:17:36.530779,Payment,149608.35,INR,SUCCESS,Online
T0002085,A000117,2024-12-20 01:32:55.530779,Interest,9525.29,INR,SUCCESS,Mobile
T0002086,A000909,2024-11-26 19:33:53.530779,Fee,28578.12,INR,SUCCESS,ATM
T0002087,A000356,2026-03-18 01:03:44.530779,Fee,160959.93,INR,SUCCESS,ATM
T0002088,A000133,2026-09-05 09:34:32.530779,Transfer,135984.41,INR,PENDING,Mobile
T0002089,A001274,2026-06-21 01:16:13.530779,Interest,57605.77,INR,FAILED,Mobile
T0002090,A000855,2026-06-30 15:34:33.530779,Payment,22221.26,INR,FAILED,Branch
T0002091,A001317,2025-03-13 18:51:49.530779,Deposit,128010.05,INR,SUCCESS,Mobile
T0002092,A000879,2025-02-07 22:33:20.530779,Fee,16788.28,INR,PENDING,ATM
T0002093,A000938,2026-01-02 08:45:56.530779,Deposit,217966.55,INR,PENDING,Mobile
T0002094,A000075,2024-12-04 02:38:35.530779,Transfer,170252.08,INR,SUCCESS,Mobile
T0002095,A000887,2024-09-28 21:44:35.530779,Payment,232474.16,INR,PENDING,Branch
T0002096,A000595,2026-06-15 17:46:24.530779,Withdrawal,23756.66,INR,PENDING,Online
T0002097,A001367,2025-08-01 04:31:26.530779,Payment,151640.39,INR,FAILED,Branch
T0002098,A000059,2025-09-19 23:00:32.530779,Interest,26051.07,INR,FAILED,Branch
T0002099,A001043,2026-01-23 03:00:28.530779,Payment,119731.19,INR,SUCCESS,Mobile
T0002100,A000886,2025-11-12 08:01:42.530779,Fee,131538.56,INR,PENDING,ATM
T0002101,A001493,2024-10-15 02:37:30.530779,Interest,99188.41,INR,PENDING,Mobile
T0002102,A000353,2026-01-03 14:02:52.530779,Fee,39812.93,INR,FAILED,Branch
T0002103,A001055,2025-12-09 15:35:21.530779,Interest,128768.19,INR,PENDING,Mobile
T0002104,A000814,2025-12-22 22:51:40.530779,Deposit,237405.63,INR,FAILED,Mobile
T0002105,A001313,2025-03-30 19:27:53.530779,Fee,169026.98,INR,PENDING,Online
T0002106,A001190,2026-01-07 10:02:23.530779,Fee,60535.19,INR,FAILED,Online
T0002107,A000700,2025-02-05 11:12:21.530779,Fee,119207.64,INR,FAILED,Mobile
T0002108,A001236,2025-12-08 11:10:44.530779,Payment,95107.46,INR,SUCCESS,Mobile
T0002109,A001090,2026-04-13 12:52:37.530779,Deposit,79340.24,INR,SUCCESS,ATM
T0002110,A000224,2025-01-25 15:28:43.530779,Payment,82482.39,INR,PENDING,Mobile
T0002111,A000285,2026-04-28 01:58:36.530779,Fee,239320.81,INR,FAILED,Branch
T0002112,A001095,2025-09-14 02:48:30.530779,Fee,110406.16,INR,PENDING,Online
T0002113,A000878,2025-08-01 18:33:54.530779,Deposit,14115.01,INR,PENDING,ATM
T0002114,A001472,2024-11-02 23:35:16.530779,Fee,45990.55,INR,FAILED,Mobile
T0002115,A001150,2026-03-09 15:42:41.530779,Payment,87460.23,INR,FAILED,Online
T0002116,A001316,2026-06-23 07:54:33.530779,Deposit,193507.96,INR,PENDING,Mobile
T0002117,A000209,2024-10-08 03:55:31.530779,Interest,219309.41,INR,FAILED,Online
T0002118,A001039,2024-11-24 22:52:02.530779,Payment,208919.73,INR,SUCCESS,Branch
T0002119,A001171,2025-06-28 05:39:07.530779,Deposit,100434.89,INR,PENDING,ATM
T0002120,A000332,2025-02-19 06:01:29.530779,Withdrawal,212760.42,INR,FAILED,Mobile
T0002121,A001149,2025-01-19 22:30:43.530779,Deposit,96172.0,INR,SUCCESS,Online
T0002122,A000401,2026-02-12 22:41:31.530779,Deposit,235111.0,INR,FAILED,Mobile
T0002123,A001456,2025-10-19 23:08:20.530779,Payment,34809.32,INR,PENDING,Branch
T0002124,A000962,2025-09-27 08:08:19.530779,Interest,158800.58,INR,SUCCESS,ATM
T0002125,A001315,2026-02-08 02:46:46.530779,Transfer,76338.37,INR,PENDING,ATM
T0002126,A000524,2025-11-11 17:29:21.530779,Deposit,180118.24,INR,PENDING,Branch
T0002127,A001323,2025-04-21 12:36:18.530779,Transfer,63362.69,INR,FAILED,Mobile
T0002128,A001484,2025-06-07 11:27:18.530779,Deposit,70243.78,INR,PENDING,Branch
T0002129,A001358,2026-04-05 18:57:39.530779,Payment,88548.56,INR,PENDING,Mobile
T0002130,A001038,2026-08-03 09:10:28.530779,Withdrawal,196658.57,INR,PENDING,Mobile
T0002131,A001342,2026-07-29 12:17:16.530779,Fee,236180.52,INR,PENDING,Mobile
T0002132,A000443,2025-11-20 17:26:03.530779,Payment,244661.49,INR,FAILED,ATM
T0002133,A000061,2025-05-24 05:02:43.530779,Interest,202869.87,INR,FAILED,ATM
T0002134,A000010,2026-03-11 16:34:39.530779,Fee,225282.92,INR,FAILED,Mobile
T0002135,A000837,2025-03-01 23:06:40.530779,Fee,140257.08,INR,PENDING,ATM
T0002136,A001493,2025-07-24 08:18:27.530779,Payment,249204.53,INR,PENDING,ATM
T0002137,A000730,2026-03-22 00:34:56.530779,Deposit,190813.43,INR,FAILED,ATM
T0002138,A001477,2024-11-20 12:34:45.530779,Deposit,149010.59,INR,PENDING,ATM
T0002139,A000339,2025-11-04 16:18:14.530779,Interest,205700.66,INR,SUCCESS,Branch
T0002140,A000353,2025-04-09 09:38:12.530779,Fee,189645.96,INR,PENDING,Online
T0002141,A000916,2026-09-03 16:26:53.530779,Withdrawal,228678.11,INR,FAILED,Mobile
T0002142,A000553,2026-05-17 10:53:17.530779,Interest,197138.4,INR,FAILED,Online
T0002143,A000059,2025-05-25 19:53:57.530779,Deposit,105485.36,INR,FAILED,ATM
T0002144,A000079,2025-01-10 12:19:50.530779,Interest,33250.55,INR,PENDING,Online
T0002145,A000048,2025-07-24 11:56:07.530779,Interest,46329.36,INR,PENDING,Online
T0002146,A000704,2025-08-05 07:03:53.530779,Withdrawal,221191.12,INR,SUCCESS,Branch
T0002147,A001401,2026-05-23 09:04:15.530779,Interest,168116.68,INR,SUCCESS,Mobile
T0002148,A000678,2026-02-05 22:01:07.530779,Withdrawal,19759.47,INR,PENDING,Online
T0002149,A000490,2025-01-12 04:36:28.530779,Interest,88212.95,INR,SUCCESS,ATM
T0002150,A000734,2025-03-09 14:01:58.530779,Withdrawal,221241.33,INR,FAILED,Mobile
T0002151,A001384,2026-04-07 15:14:07.530779,Payment,226537.06,INR,PENDING,ATM
T0002152,A001073,2025-01-11 01:17:24.530779,Transfer,124027.96,INR,PENDING,Mobile
T0002153,A000714,2026-04-10 12:10:32.530779,Transfer,85621.16,INR,SUCCESS,ATM
T0002154,A000084,2026-06-29 15:08:08.530779,Fee,205966.91,INR,PENDING,Online
T0002155,A000664,2026-05-11 07:52:53.530779,Deposit,19690.28,INR,PENDING,ATM
T0002156,A000641,2025-09-07 12:26:40.530779,Interest,55057.89,INR,FAILED,Online
T0002157,A000971,2025-11-21 04:22:13.530779,Withdrawal,135999.69,INR,SUCCESS,Branch
T0002158,A000507,2025-12-30 06:42:12.530779,Payment,62619.93,INR,SUCCESS,Mobile
T0002159,A000975,2024-12-17 10:59:15.530779,Transfer,240834.34,INR,PENDING,Mobile
T0002160,A000208,2025-11-29 08:47:53.530779,Withdrawal,188339.03,INR,SUCCESS,ATM
T0002161,A001047,2026-03-12 03:44:40.530779,Interest,110574.65,INR,SUCCESS,Online
T0002162,A000122,2026-05-16 22:03:17.530779,Payment,142797.88,INR,SUCCESS,Branch
T0002163,A000482,2025-05-24 00:09:49.530779,Fee,149468.45,INR,SUCCESS,Branch
T0002164,A000637,2026-02-07 01:35:19.530779,Transfer,8218.28,INR,FAILED,Mobile
T0002165,A000903,2025-01-26 14:40:34.530779,Withdrawal,169207.02,INR,SUCCESS,Mobile
T0002166,A000470,2025-04-28 09:38:17.530779,Fee,229947.48,INR,PENDING,Online
T0002167,A000705,2025-08-01 17:42:33.530779,Deposit,164426.92,INR,PENDING,Mobile
T0002168,A000757,2024-11-17 04:43:03.530779,Fee,203995.95,INR,FAILED,ATM
T0002169,A001392,2025-09-30 01:06:40.530779,Withdrawal,138288.96,INR,PENDING,Mobile
T0002170,A000523,2025-01-07 08:23:50.530779,Withdrawal,117898.03,INR,FAILED,Branch
T0002171,A000379,2025-10-12 16:24:57.530779,Fee,152447.51,INR,SUCCESS,ATM
T0002172,A000050,2025-07-16 20:55:39.530779,Interest,71380.87,INR,FAILED,Mobile
T0002173,A001449,2024-12-16 18:24:37.530779,Withdrawal,161759.5,INR,SUCCESS,Branch
T0002174,A000461,2026-06-11 12:59:30.530779,Deposit,221661.0,INR,PENDING,Mobile
T0002175,A000991,2026-08-01 20:44:15.530779,Payment,29763.71,INR,PENDING,Online
T0002176,A000836,2025-08-14 00:00:15.530779,Withdrawal,170861.65,INR,SUCCESS,Branch
T0002177,A000799,2026-06-01 04:02:06.530779,Transfer,202243.57,INR,FAILED,Mobile
T0002178,A000229,2025-03-04 17:58:11.530779,Payment,35399.52,INR,PENDING,Online
T0002179,A001002,2024-11-13 17:45:29.530779,Withdrawal,205042.22,INR,SUCCESS,Mobile
T0002180,A001127,2024-12-29 21:02:42.530779,Withdrawal,99327.85,INR,SUCCESS,ATM
T0002181,A001392,2025-12-17 07:21:36.530779,Payment,108843.85,INR,FAILED,Online
T0002182,A000281,2024-10-17 12:29:57.530779,Fee,128509.81,INR,FAILED,Branch
T0002183,A001318,2024-09-21 15:31:28.530779,Transfer,86629.65,INR,PENDING,Online
T0002184,A000116,2025-10-07 06:35:00.530779,Transfer,68613.6,INR,SUCCESS,Online
T0002185,A000269,2025-03-19 23:38:35.530779,Interest,94383.2,INR,PENDING,Mobile
T0002186,A001137,2026-04-16 17:25:42.530779,Fee,8650.36,INR,SUCCESS,ATM
T0002187,A000114,2026-07-05 12:02:04.530779,Withdrawal,148651.89,INR,PENDING,Branch
T0002188,A000097,2025-12-27 13:52:08.530779,Withdrawal,162178.65,INR,SUCCESS,ATM
T0002189,A001473,2024-09-28 21:26:29.530779,Withdrawal,68358.31,INR,PENDING,Branch
T0002190,A000610,2026-08-16 12:05:56.530779,Interest,17294.97,INR,PENDING,Mobile
T0002191,A001110,2025-05-23 14:51:54.530779,Fee,24154.94,INR,SUCCESS,Mobile
T0002192,A000915,2026-04-05 04:14:27.530779,Withdrawal,18010.57,INR,FAILED,Online
T0002193,A000576,2025-05-27 08:20:00.530779,Payment,15120.6,INR,PENDING,ATM
T0002194,A000006,2025-03-02 04:51:01.530779,Deposit,58831.85,INR,PENDING,Mobile
T0002195,A000356,2025-09-25 08:01:24.530779,Deposit,192759.96,INR,PENDING,Mobile
T0002196,A001377,2026-08-22 02:13:30.530779,Payment,130790.67,INR,PENDING,Branch
T0002197,A000019,2025-05-05 14:33:03.530779,Withdrawal,134414.01,INR,PENDING,Online
T0002198,A000503,2026-07-16 16:51:53.530779,Interest,95155.87,INR,SUCCESS,Branch
T0002199,A001447,2026-02-24 21:00:06.530779,Transfer,162039.21,INR,FAILED,Branch
T0002200,A000088,2025-03-27 01:06:36.530779,Deposit,88461.69,INR,SUCCESS,ATM
T0002201,A000104,2026-09-05 03:03:35.530779,Payment,228339.85,INR,FAILED,Online
T0002202,A000551,2025-12-08 08:13:11.530779,Fee,91359.44,INR,SUCCESS,ATM
T0002203,A000444,2025-01-04 05:59:37.530779,Payment,1704.3,INR,FAILED,Online
T0002204,A000165,2025-01-10 20:41:49.530779,Fee,66281.37,INR,PENDING,ATM
T0002205,A000745,2025-09-25 08:52:43.530779,Payment,151416.43,INR,SUCCESS,Branch
T0002206,A000798,2025-09-07 11:45:03.530779,Deposit,150049.95,INR,FAILED,Branch
T0002207,A000484,2026-02-12 02:16:41.530779,Payment,111592.19,INR,PENDING,Online
T0002208,A001025,2026-08-25 17:40:15.530779,Payment,187545.88,INR,FAILED,Mobile
T0002209,A000821,2026-05-11 12:19:53.530779,Deposit,33704.56,INR,FAILED,Branch
T0002210,A000449,2025-12-15 19:13:55.530779,Deposit,93126.6,INR,FAILED,Mobile
T0002211,A000401,2026-01-02 03:00:48.530779,Fee,211532.23,INR,PENDING,Branch
T0002212,A000340,2025-07-10 01:07:24.530779,Interest,35033.49,INR,PENDING,ATM
T0002213,A000141,2026-08-04 13:17:34.530779,Transfer,74350.13,INR,FAILED,Branch
T0002214,A000869,2025-03-19 17:25:25.530779,Withdrawal,181907.56,INR,SUCCESS,ATM
T0002215,A000147,2026-08-17 03:27:01.530779,Payment,104082.38,INR,SUCCESS,ATM
T0002216,A001375,2025-03-17 22:13:43.530779,Deposit,93710.86,INR,FAILED,Mobile
T0002217,A000813,2025-01-13 21:18:34.530779,Fee,184306.78,INR,SUCCESS,Branch
T0002218,A000056,2025-06-15 16:52:34.530779,Transfer,97135.71,INR,FAILED,Branch
T0002219,A000990,2026-05-20 18:00:59.530779,Deposit,54191.01,INR,PENDING,Mobile
T0002220,A000570,2024-09-23 00:27:35.530779,Fee,55050.34,INR,PENDING,Mobile
T0002221,A001414,2025-11-05 07:41:40.530779,Deposit,191400.41,INR,PENDING,Mobile
T0002222,A000233,2025-02-15 21:03:03.530779,Interest,160997.88,INR,FAILED,Online
T0002223,A001226,2025-10-17 11:26:16.530779,Withdrawal,70111.87,INR,SUCCESS,ATM
T0002224,A001405,2024-11-10 13:09:34.530779,Withdrawal,144794.45,INR,SUCCESS,Branch
T0002225,A001052,2025-03-13 04:05:59.530779,Withdrawal,70263.38,INR,SUCCESS,Mobile
T0002226,A001099,2024-10-10 02:36:54.530779,Deposit,111642.87,INR,PENDING,Branch
T0002227,A000984,2026-07-19 01:22:27.530779,Transfer,169318.58,INR,PENDING,ATM
T0002228,A000584,2026-05-03 16:47:54.530779,Fee,153613.67,INR,PENDING,Online
T0002229,A000277,2025-08-09 05:17:57.530779,Deposit,122634.1,INR,SUCCESS,ATM
T0002230,A000688,2026-04-02 14:19:42.530779,Payment,89050.94,INR,PENDING,Online
T0002231,A001095,2026-04-09 21:59:44.530779,Interest,25591.17,INR,SUCCESS,Branch
T0002232,A000433,2024-12-07 17:21:40.530779,Interest,200217.09,INR,PENDING,ATM
T0002233,A000194,2025-11-10 08:17:08.530779,Payment,50109.05,INR,SUCCESS,Mobile
T0002234,A000751,2026-05-23 16:12:48.530779,Transfer,112212.97,INR,SUCCESS,Branch
T0002235,A001223,2025-01-03 14:40:05.530779,Transfer,152239.73,INR,SUCCESS,Branch
T0002236,A000146,2026-04-17 17:53:33.530779,Deposit,143532.29,INR,SUCCESS,Online
T0002237,A000342,2025-10-26 18:44:25.530779,Interest,11935.55,INR,SUCCESS,Online
T0002238,A000873,2026-02-13 02:13:39.530779,Payment,87079.95,INR,PENDING,Mobile
T0002239,A000455,2025-01-15 13:35:34.530779,Interest,48698.04,INR,SUCCESS,Mobile
T0002240,A001258,2024-12-07 16:32:55.530779,Fee,82422.79,INR,PENDING,Online
T0002241,A001412,2024-11-05 10:43:59.530779,Fee,208714.97,INR,SUCCESS,Branch
T0002242,A001232,2026-08-09 05:22:34.530779,Transfer,187458.8,INR,FAILED,ATM
T0002243,A000700,2026-02-17 07:37:04.530779,Interest,105332.38,INR,SUCCESS,Online
T0002244,A000571,2025-02-23 16:58:19.530779,Interest,54535.03,INR,PENDING,Mobile
T0002245,A000701,2025-02-15 11:09:30.530779,Deposit,109542.55,INR,FAILED,Online
T0002246,A000661,2026-05-27 06:08:15.530779,Fee,220158.09,INR,SUCCESS,ATM
T0002247,A000368,2026-02-07 14:45:22.530779,Deposit,204743.23,INR,SUCCESS,Mobile
T0002248,A000249,2025-11-09 00:47:16.530779,Interest,135545.8,INR,SUCCESS,ATM
T0002249,A000201,2025-09-21 08:49:48.530779,Withdrawal,180859.64,INR,PENDING,ATM
T0002250,A000193,2025-08-11 07:56:23.530779,Transfer,97463.99,INR,SUCCESS,Mobile
T0002251,A001225,2024-09-28 16:33:07.530779,Payment,130376.98,INR,PENDING,ATM
T0002252,A001333,2026-06-18 01:06:32.530779,Fee,107219.39,INR,PENDING,ATM
T0002253,A001103,2025-09-26 20:31:14.530779,Payment,33989.28,INR,FAILED,Online
T0002254,A001240,2026-04-18 21:41:06.530779,Withdrawal,175684.29,INR,FAILED,Branch
T0002255,A000674,2026-07-03 06:16:50.530779,Interest,236432.44,INR,SUCCESS,Branch
T0002256,A000132,2025-11-04 17:55:58.530779,Deposit,219348.47,INR,SUCCESS,Branch
T0002257,A000928,2025-04-04 15:02:27.530779,Deposit,119606.94,INR,SUCCESS,Online
T0002258,A000464,2026-01-23 23:20:41.530779,Interest,73504.19,INR,SUCCESS,Mobile
T0002259,A001333,2025-07-29 04:15:25.530779,Withdrawal,161620.2,INR,PENDING,ATM
T0002260,A001076,2024-12-25 21:53:00.530779,Interest,57460.58,INR,SUCCESS,Branch
T0002261,A000379,2026-08-10 08:22:20.530779,Interest,58748.65,INR,FAILED,ATM
T0002262,A001115,2024-10-04 02:51:24.530779,Deposit,162238.5,INR,FAILED,ATM
T0002263,A000608,2025-06-21 05:33:10.530779,Fee,218166.53,INR,FAILED,Mobile
T0002264,A000323,2026-08-06 00:33:04.530779,Interest,69949.7,INR,FAILED,Online
T0002265,A000631,2026-09-04 21:18:29.530779,Payment,102897.05,INR,PENDING,Online
T0002266,A000873,2025-01-18 18:10:14.530779,Interest,16374.9,INR,FAILED,Branch
T0002267,A001255,2025-06-26 23:43:22.530779,Fee,71323.29,INR,FAILED,Branch
T0002268,A001272,2025-09-14 06:26:03.530779,Fee,155048.31,INR,SUCCESS,Mobile
T0002269,A000656,2026-01-11 00:50:47.530779,Transfer,207721.42,INR,SUCCESS,ATM
T0002270,A001402,2025-08-18 02:49:39.530779,Interest,155934.94,INR,PENDING,Mobile
T0002271,A001367,2025-10-19 02:11:58.530779,Deposit,6887.63,INR,SUCCESS,ATM
T0002272,A001263,2025-10-17 11:03:45.530779,Transfer,45391.53,INR,PENDING,Mobile
T0002273,A000358,2024-10-26 22:31:07.530779,Withdrawal,120123.2,INR,PENDING,Branch
T0002274,A001360,2025-12-07 20:39:31.530779,Payment,150027.1,INR,SUCCESS,ATM
T0002275,A001101,2025-05-17 07:51:56.530779,Payment,23408.31,INR,FAILED,Online
T0002276,A001110,2024-11-25 22:11:19.530779,Withdrawal,152246.57,INR,SUCCESS,Mobile
T0002277,A000575,2025-07-29 04:02:47.530779,Interest,157768.43,INR,SUCCESS,ATM
T0002278,A000870,2024-09-22 13:12:41.530779,Interest,44500.9,INR,PENDING,Mobile
T0002279,A000392,2025-06-23 14:21:39.530779,Withdrawal,201507.76,INR,PENDING,Mobile
T0002280,A000428,2025-05-21 08:47:56.530779,Payment,92794.66,INR,PENDING,Branch
T0002281,A000522,2025-12-10 21:43:19.530779,Interest,9416.9,INR,FAILED,ATM
T0002282,A000583,2025-07-11 05:49:38.530779,Withdrawal,181891.85,INR,SUCCESS,Branch
T0002283,A001136,2026-06-17 04:17:29.530779,Transfer,85947.0,INR,FAILED,ATM
T0002284,A000045,2025-04-17 11:48:32.530779,Fee,215506.01,INR,SUCCESS,ATM
T0002285,A000983,2026-06-05 09:19:53.530779,Interest,216420.64,INR,SUCCESS,Branch
T0002286,A000581,2026-06-01 14:47:30.530779,Transfer,52461.37,INR,PENDING,Online
T0002287,A000673,2026-01-14 14:10:10.530779,Deposit,64727.71,INR,SUCCESS,Mobile
T0002288,A001213,2024-09-24 00:47:57.530779,Fee,85121.72,INR,SUCCESS,Branch
T0002289,A000584,2025-04-25 09:25:59.530779,Interest,182458.49,INR,PENDING,Branch
T0002290,A001058,2026-08-03 13:09:57.530779,Payment,107481.9,INR,PENDING,ATM
T0002291,A000837,2025-12-31 00:01:34.530779,Interest,26712.28,INR,PENDING,Online
T0002292,A000106,2025-12-07 20:42:02.530779,Deposit,211585.21,INR,PENDING,Branch
T0002293,A000054,2024-12-13 02:22:14.530779,Withdrawal,199625.36,INR,FAILED,Branch
T0002294,A000804,2025-01-03 11:41:19.530779,Payment,207334.39,INR,FAILED,Branch
T0002295,A001337,2025-08-18 23:25:51.530779,Transfer,19235.74,INR,PENDING,Branch
T0002296,A000788,2024-10-10 02:55:17.530779,Payment,165580.37,INR,FAILED,Mobile
T0002297,A001422,2025-04-17 09:46:20.530779,Withdrawal,242417.22,INR,FAILED,Branch
T0002298,A000672,2026-05-02 18:15:25.530779,Deposit,220747.56,INR,FAILED,ATM
T0002299,A000687,2024-10-07 22:56:19.530779,Payment,102191.27,INR,PENDING,Mobile
T0002300,A000637,2026-01-29 11:55:23.530779,Deposit,34015.03,INR,PENDING,ATM
T0002301,A000891,2025-03-21 19:51:15.530779,Deposit,117960.05,INR,PENDING,Mobile
T0002302,A000255,2025-08-25 15:39:24.530779,Transfer,239745.6,INR,SUCCESS,ATM
T0002303,A001104,2024-11-16 08:11:36.530779,Transfer,217836.19,INR,FAILED,Branch
T0002304,A000617,2025-03-15 13:07:59.530779,Fee,248179.82,INR,SUCCESS,Branch
T0002305,A001325,2025-06-02 18:15:48.530779,Transfer,143285.26,INR,PENDING,Branch
T0002306,A001375,2026-04-15 01:18:50.530779,Payment,49046.0,INR,PENDING,ATM
T0002307,A001475,2025-05-04 00:07:08.530779,Deposit,5531.74,INR,SUCCESS,Mobile
T0002308,A001184,2025-12-13 19:25:39.530779,Payment,150310.44,INR,SUCCESS,Mobile
T0002309,A001317,2024-09-21 10:07:53.530779,Fee,214927.63,INR,SUCCESS,Branch
T0002310,A001074,2026-01-03 12:10:56.530779,Payment,189770.77,INR,SUCCESS,Mobile
T0002311,A000850,2025-10-21 11:21:17.530779,Withdrawal,12996.21,INR,SUCCESS,Branch
T0002312,A000623,2025-04-28 08:40:01.530779,Interest,70386.6,INR,PENDING,ATM
T0002313,A001225,2025-11-06 17:56:57.530779,Payment,186827.39,INR,PENDING,Mobile
T0002314,A001101,2025-05-16 03:15:01.530779,Deposit,168598.88,INR,SUCCESS,Mobile
T0002315,A000901,2025-05-05 12:55:44.530779,Interest,105477.56,INR,FAILED,Online
T0002316,A000255,2025-12-23 07:25:59.530779,Payment,75433.14,INR,FAILED,Branch
T0002317,A000355,2026-01-05 15:00:44.530779,Interest,103427.76,INR,SUCCESS,Branch
T0002318,A000911,2025-05-28 13:42:59.530779,Fee,78359.11,INR,SUCCESS,Branch
T0002319,A001016,2026-02-09 09:04:34.530779,Transfer,153357.61,INR,PENDING,ATM
T0002320,A000585,2026-07-17 08:08:47.530779,Fee,178244.25,INR,SUCCESS,ATM
T0002321,A000942,2025-04-02 15:40:19.530779,Transfer,219556.59,INR,SUCCESS,Mobile
T0002322,A000954,2026-01-20 13:36:10.530779,Payment,139437.41,INR,FAILED,Online
T0002323,A000047,2025-06-18 04:54:04.530779,Payment,105370.48,INR,FAILED,Online
T0002324,A000912,2025-08-01 21:09:25.530779,Transfer,50010.34,INR,SUCCESS,Online
T0002325,A000426,2025-08-10 16:35:04.530779,Interest,194261.24,INR,SUCCESS,Online
T0002326,A001470,2024-10-23 22:51:10.530779,Deposit,142786.75,INR,FAILED,Online
T0002327,A000816,2025-11-12 12:59:42.530779,Transfer,181520.53,INR,SUCCESS,Mobile
T0002328,A000704,2025-07-14 09:01:08.530779,Withdrawal,131380.9,INR,FAILED,Branch
T0002329,A000701,2025-09-29 08:23:08.530779,Withdrawal,228455.65,INR,PENDING,Mobile
T0002330,A000066,2025-11-15 15:04:44.530779,Interest,170916.22,INR,PENDING,Online
T0002331,A000956,2024-10-27 08:54:13.530779,Deposit,213881.25,INR,PENDING,Online
T0002332,A000503,2024-11-30 01:36:40.530779,Transfer,146270.09,INR,PENDING,ATM
T0002333,A000162,2025-11-25 02:15:41.530779,Fee,172389.78,INR,PENDING,Branch
T0002334,A000178,2025-08-07 02:21:16.530779,Fee,25540.4,INR,FAILED,Mobile
T0002335,A000823,2025-12-22 09:30:10.530779,Payment,19217.55,INR,PENDING,ATM
T0002336,A000871,2026-01-14 15:45:54.530779,Deposit,127730.6,INR,PENDING,Branch
T0002337,A001370,2026-02-25 17:09:18.530779,Deposit,70237.97,INR,FAILED,Branch
T0002338,A000786,2025-11-03 23:07:39.530779,Fee,221370.99,INR,PENDING,Online
T0002339,A000756,2025-10-06 04:16:39.530779,Payment,85839.05,INR,PENDING,ATM
T0002340,A001315,2024-10-07 18:36:27.530779,Fee,17043.07,INR,PENDING,Mobile
T0002341,A001417,2026-09-08 07:54:01.530779,Withdrawal,1001.86,INR,SUCCESS,Mobile
T0002342,A000586,2026-02-10 14:49:23.530779,Deposit,78954.88,INR,FAILED,Mobile
T0002343,A000865,2026-06-20 18:54:32.530779,Withdrawal,228664.98,INR,SUCCESS,ATM
T0002344,A000138,2024-11-15 12:20:17.530779,Withdrawal,218930.08,INR,PENDING,Branch
T0002345,A000632,2025-10-10 00:36:09.530779,Payment,76951.33,INR,SUCCESS,Mobile
T0002346,A000185,2026-04-08 20:56:19.530779,Transfer,113500.36,INR,PENDING,ATM
T0002347,A000933,2025-03-10 08:56:14.530779,Transfer,216199.53,INR,SUCCESS,Online
T0002348,A001241,2025-03-31 11:20:46.530779,Transfer,70578.29,INR,SUCCESS,Mobile
T0002349,A000985,2025-05-09 17:47:57.530779,Interest,56492.51,INR,FAILED,Online
T0002350,A000848,2026-03-24 14:13:17.530779,Transfer,231425.23,INR,FAILED,Branch
T0002351,A000418,2025-07-26 02:54:23.530779,Deposit,242346.69,INR,FAILED,Online
T0002352,A000018,2026-02-19 06:16:13.530779,Withdrawal,88899.84,INR,FAILED,Mobile
T0002353,A000652,2025-06-20 14:39:46.530779,Fee,203697.22,INR,FAILED,Mobile
T0002354,A001102,2026-06-18 18:37:29.530779,Transfer,159460.09,INR,PENDING,Online
T0002355,A001234,2026-02-02 19:28:04.530779,Transfer,85997.43,INR,PENDING,Online
T0002356,A000622,2026-05-04 18:27:12.530779,Interest,221559.56,INR,SUCCESS,Mobile
T0002357,A000677,2026-04-10 13:05:11.530779,Transfer,201932.0,INR,SUCCESS,Branch
T0002358,A001272,2026-01-04 11:59:46.530779,Withdrawal,53861.53,INR,SUCCESS,Online
T0002359,A000638,2026-05-14 07:27:05.530779,Fee,190574.93,INR,PENDING,Online
T0002360,A001500,2026-04-03 00:55:25.530779,Deposit,248188.86,INR,PENDING,Online
T0002361,A000388,2025-06-11 13:27:11.530779,Transfer,31871.11,INR,PENDING,Mobile
T0002362,A000211,2025-08-05 05:08:41.530779,Interest,152105.71,INR,FAILED,Branch
T0002363,A001204,2025-05-25 01:19:23.530779,Interest,230942.86,INR,SUCCESS,Online
T0002364,A000317,2026-03-01 10:52:33.530779,Payment,226160.22,INR,FAILED,Online
T0002365,A001483,2024-12-18 10:11:45.530779,Payment,22121.46,INR,SUCCESS,Online
T0002366,A000730,2025-08-26 22:46:17.530779,Transfer,49024.72,INR,SUCCESS,Online
T0002367,A000080,2025-08-14 07:33:53.530779,Withdrawal,14815.63,INR,FAILED,ATM
T0002368,A000904,2024-09-30 15:48:18.530779,Fee,22078.93,INR,PENDING,Online
T0002369,A000835,2024-11-07 21:52:49.530779,Transfer,153516.45,INR,FAILED,ATM
T0002370,A000834,2025-08-13 16:03:14.530779,Interest,209868.61,INR,FAILED,Mobile
T0002371,A000622,2025-07-29 11:16:53.530779,Deposit,195793.06,INR,PENDING,Mobile
T0002372,A000202,2026-05-24 20:56:50.530779,Withdrawal,101711.75,INR,PENDING,ATM
T0002373,A000113,2025-09-04 04:59:19.530779,Payment,76765.83,INR,SUCCESS,Online
T0002374,A000215,2024-10-13 14:41:50.530779,Interest,187078.44,INR,PENDING,Branch
T0002375,A000192,2026-08-27 21:51:06.530779,Deposit,14812.47,INR,PENDING,Mobile
T0002376,A000275,2025-03-02 08:32:00.530779,Interest,30962.12,INR,PENDING,Mobile
T0002377,A000258,2025-11-21 17:45:34.530779,Withdrawal,171784.82,INR,PENDING,Branch
T0002378,A000824,2025-09-19 22:39:33.530779,Withdrawal,162630.83,INR,FAILED,Branch
T0002379,A001084,2025-02-16 00:32:19.530779,Withdrawal,157893.66,INR,FAILED,Online
T0002380,A000708,2024-09-22 23:50:02.530779,Fee,57675.6,INR,PENDING,ATM
T0002381,A000272,2026-02-06 04:08:39.530779,Fee,156861.59,INR,SUCCESS,Mobile
T0002382,A000063,2025-02-28 04:44:11.530779,Deposit,240044.76,INR,PENDING,Branch
T0002383,A000696,2025-06-20 19:46:35.530779,Fee,123387.11,INR,SUCCESS,ATM
T0002384,A000949,2025-04-03 19:41:26.530779,Deposit,36272.54,INR,FAILED,Online
T0002385,A000382,2025-07-19 11:36:51.530779,Interest,202869.37,INR,FAILED,Online
T0002386,A001294,2026-09-13 04:47:47.530779,Fee,99918.47,INR,FAILED,Online
T0002387,A000059,2025-07-11 19:32:31.530779,Withdrawal,197844.6,INR,SUCCESS,ATM
T0002388,A000735,2024-10-03 14:39:59.530779,Transfer,221613.58,INR,FAILED,Branch
T0002389,A000699,2025-11-02 21:31:44.530779,Deposit,179532.47,INR,SUCCESS,ATM
T0002390,A001030,2024-12-14 22:31:58.530779,Interest,146147.47,INR,FAILED,Branch
T0002391,A000419,2025-10-26 08:52:49.530779,Deposit,23532.71,INR,FAILED,ATM
T0002392,A000884,2026-06-24 12:19:59.530779,Withdrawal,55217.34,INR,PENDING,Branch
T0002393,A001046,2026-03-17 17:56:55.530779,Payment,182028.51,INR,FAILED,ATM
T0002394,A001277,2025-11-29 21:45:37.530779,Withdrawal,18609.82,INR,FAILED,Online
T0002395,A000263,2025-11-20 22:59:28.530779,Withdrawal,210852.14,INR,SUCCESS,Online
T0002396,A001139,2024-12-29 06:28:31.530779,Payment,2379.47,INR,FAILED,Branch
T0002397,A001363,2026-05-16 09:31:04.530779,Payment,225647.44,INR,SUCCESS,Online
T0002398,A000035,2025-04-27 17:57:32.530779,Withdrawal,82384.82,INR,PENDING,ATM
T0002399,A000661,2026-03-07 20:47:46.530779,Interest,61548.38,INR,SUCCESS,ATM
T0002400,A001207,2025-08-01 02:06:08.530779,Interest,188396.05,INR,FAILED,Branch
T0002401,A000741,2026-04-19 01:10:07.530779,Withdrawal,76975.61,INR,SUCCESS,Mobile
T0002402,A000191,2026-05-15 12:28:42.530779,Interest,102268.96,INR,SUCCESS,Online
T0002403,A001493,2026-04-20 11:29:39.530779,Withdrawal,31611.03,INR,PENDING,Branch
T0002404,A001140,2026-02-06 23:42:50.530779,Transfer,216146.41,INR,PENDING,Branch
T0002405,A000848,2026-06-23 18:40:45.530779,Transfer,95061.46,INR,PENDING,Mobile
T0002406,A000753,2026-05-20 05:30:07.530779,Interest,234821.34,INR,PENDING,Mobile
T0002407,A000338,2025-03-01 18:33:48.530779,Interest,134176.68,INR,SUCCESS,Online
T0002408,A000316,2026-03-13 07:22:42.530779,Withdrawal,93441.8,INR,SUCCESS,Branch
T0002409,A000703,2026-02-24 18:09:07.530779,Payment,133840.94,INR,FAILED,Branch
T0002410,A001309,2026-01-29 14:20:19.530779,Payment,125645.22,INR,PENDING,Branch
T0002411,A001130,2025-07-02 11:13:25.530779,Withdrawal,119959.54,INR,FAILED,ATM
T0002412,A001178,2026-05-01 11:16:42.530779,Payment,83747.27,INR,SUCCESS,Mobile
T0002413,A000411,2025-09-20 22:35:30.530779,Deposit,234413.31,INR,FAILED,ATM
T0002414,A001229,2026-08-21 11:26:06.530779,Interest,39744.32,INR,PENDING,Branch
T0002415,A001452,2025-06-28 18:59:49.530779,Payment,241345.46,INR,SUCCESS,Online
T0002416,A000597,2026-09-12 22:35:21.530779,Fee,96504.35,INR,SUCCESS,Branch
T0002417,A000247,2025-12-18 11:11:51.530779,Interest,163013.24,INR,PENDING,Branch
T0002418,A000686,2025-11-28 08:47:33.530779,Withdrawal,67128.38,INR,FAILED,ATM
T0002419,A000734,2025-08-11 02:02:54.530779,Interest,109013.99,INR,SUCCESS,Branch
T0002420,A001227,2025-12-15 18:42:12.530779,Payment,59471.95,INR,PENDING,Online
T0002421,A000424,2024-11-10 20:01:35.530779,Transfer,184125.85,INR,SUCCESS,Online
T0002422,A000393,2025-01-10 13:50:49.530779,Deposit,21556.79,INR,PENDING,ATM
T0002423,A001336,2026-05-02 16:44:16.530779,Interest,38892.92,INR,FAILED,Mobile
T0002424,A000576,2025-01-27 18:31:09.530779,Fee,197990.89,INR,SUCCESS,ATM
T0002425,A000343,2026-07-30 21:16:54.530779,Payment,95454.44,INR,PENDING,Online
T0002426,A001065,2026-04-24 22:18:34.530779,Transfer,109029.89,INR,PENDING,Online
T0002427,A001037,2024-12-13 22:30:14.530779,Deposit,68721.12,INR,SUCCESS,Mobile
T0002428,A000011,2025-07-24 19:34:59.530779,Deposit,209642.49,INR,FAILED,Mobile
T0002429,A000768,2025-12-13 08:14:25.530779,Fee,99843.07,INR,PENDING,Branch
T0002430,A000669,2025-01-04 12:01:25.530779,Transfer,68214.15,INR,SUCCESS,ATM
T0002431,A000316,2025-05-28 20:45:23.530779,Payment,10321.64,INR,FAILED,Branch
T0002432,A001297,2025-06-20 14:05:53.530779,Interest,34532.75,INR,SUCCESS,Online
T0002433,A000423,2026-06-26 11:32:40.530779,Payment,231302.19,INR,FAILED,Online
T0002434,A001415,2025-01-07 21:14:56.530779,Withdrawal,177678.28,INR,FAILED,Branch
T0002435,A001399,2025-12-19 22:14:26.530779,Withdrawal,200774.59,INR,FAILED,Online
T0002436,A000732,2025-03-13 02:32:30.530779,Transfer,180691.45,INR,PENDING,Mobile
T0002437,A000041,2026-04-13 08:22:55.530779,Interest,124332.14,INR,FAILED,ATM
T0002438,A000183,2026-04-05 04:28:52.530779,Withdrawal,96630.71,INR,FAILED,ATM
T0002439,A000760,2025-04-30 21:32:30.530779,Payment,119475.36,INR,PENDING,ATM
T0002440,A000006,2025-07-12 13:49:34.530779,Payment,140338.55,INR,SUCCESS,Branch
T0002441,A001365,2025-09-06 02:25:17.530779,Fee,174272.14,INR,SUCCESS,Online
T0002442,A000768,2025-12-31 17:01:28.530779,Transfer,17223.57,INR,PENDING,ATM
T0002443,A000629,2025-07-23 02:55:24.530779,Fee,195210.06,INR,FAILED,Mobile
T0002444,A000880,2026-08-09 03:04:52.530779,Transfer,155016.14,INR,SUCCESS,Mobile
T0002445,A000689,2026-03-03 22:52:47.530779,Interest,142634.09,INR,FAILED,Branch
T0002446,A000718,2025-12-19 15:14:39.530779,Payment,195054.98,INR,PENDING,Online
T0002447,A000741,2026-01-25 00:06:41.530779,Transfer,75817.8,INR,PENDING,ATM
T0002448,A001308,2026-07-16 07:05:02.530779,Transfer,55741.51,INR,FAILED,Branch
T0002449,A000209,2026-07-25 17:21:54.530779,Transfer,214969.87,INR,PENDING,Mobile
T0002450,A001193,2025-02-10 23:31:35.530779,Transfer,191943.67,INR,SUCCESS,Branch
T0002451,A000612,2025-11-08 08:12:12.530779,Deposit,86508.98,INR,FAILED,Branch
T0002452,A000105,2026-01-10 03:58:47.530779,Interest,12029.9,INR,SUCCESS,ATM
T0002453,A000947,2026-07-10 08:36:49.530779,Payment,214716.18,INR,FAILED,ATM
T0002454,A001351,2025-05-24 02:02:30.530779,Transfer,173589.17,INR,FAILED,Mobile
T0002455,A000749,2025-03-16 12:15:34.530779,Payment,240484.87,INR,FAILED,Branch
T0002456,A000458,2025-06-07 03:12:38.530779,Transfer,67663.84,INR,PENDING,Branch
T0002457,A000806,2025-08-02 02:53:47.530779,Fee,82266.87,INR,PENDING,ATM
T0002458,A001269,2026-01-11 07:13:13.530779,Interest,78587.05,INR,SUCCESS,Mobile
T0002459,A000764,2026-03-23 12:46:51.530779,Transfer,138216.65,INR,PENDING,ATM
T0002460,A000618,2026-01-30 21:11:40.530779,Payment,90595.13,INR,PENDING,Online
T0002461,A000825,2026-07-21 14:18:45.530779,Deposit,38930.45,INR,PENDING,ATM
T0002462,A000241,2026-06-25 22:44:27.530779,Withdrawal,102695.1,INR,SUCCESS,Mobile
T0002463,A000619,2026-07-22 22:39:39.530779,Payment,570.05,INR,SUCCESS,Branch
T0002464,A000821,2025-01-02 08:35:25.530779,Fee,249273.12,INR,FAILED,Online
T0002465,A001372,2025-06-07 17:22:04.530779,Fee,122336.03,INR,PENDING,Mobile
T0002466,A001139,2025-07-14 03:57:41.530779,Transfer,178439.74,INR,PENDING,ATM
T0002467,A001460,2024-11-01 18:17:46.530779,Withdrawal,124878.5,INR,FAILED,ATM
T0002468,A000252,2025-11-06 00:46:45.530779,Payment,6447.03,INR,PENDING,Branch
T0002469,A000160,2025-01-01 00:07:54.530779,Payment,87048.86,INR,PENDING,Online
T0002470,A000215,2026-07-26 00:51:37.530779,Payment,187451.2,INR,FAILED,Branch
T0002471,A000553,2026-04-29 22:57:24.530779,Fee,8457.55,INR,PENDING,Branch
T0002472,A000365,2026-09-07 21:10:45.530779,Fee,78219.01,INR,PENDING,Online
T0002473,A000225,2025-11-01 05:06:44.530779,Interest,199551.82,INR,PENDING,Mobile
T0002474,A001199,2026-08-01 19:26:32.530779,Payment,111347.89,INR,PENDING,Mobile
T0002475,A000878,2025-09-16 06:38:09.530779,Payment,249964.31,INR,FAILED,ATM
T0002476,A001218,2026-09-10 18:37:24.530779,Payment,11464.31,INR,SUCCESS,Branch
T0002477,A001094,2025-01-29 04:15:56.530779,Fee,53678.25,INR,SUCCESS,Mobile
T0002478,A000219,2025-05-14 12:00:18.530779,Withdrawal,153061.73,INR,SUCCESS,ATM
T0002479,A001237,2025-04-02 01:08:42.530779,Payment,227702.82,INR,FAILED,Mobile
T0002480,A000635,2026-02-06 22:33:28.530779,Fee,56755.08,INR,FAILED,Mobile
T0002481,A001459,2025-08-07 16:53:51.530779,Interest,141987.28,INR,FAILED,Online
T0002482,A001066,2026-09-01 09:11:16.530779,Deposit,49084.7,INR,PENDING,Online
T0002483,A000935,2026-08-01 01:18:21.530779,Interest,180257.06,INR,FAILED,Branch
T0002484,A000315,2025-09-28 19:50:39.530779,Payment,206108.08,INR,PENDING,Mobile
T0002485,A001371,2025-09-05 06:02:11.530779,Payment,59397.42,INR,PENDING,Branch
T0002486,A001450,2026-05-18 09:03:22.530779,Deposit,35458.47,INR,PENDING,Branch
T0002487,A000213,2025-12-03 20:39:55.530779,Deposit,202580.94,INR,PENDING,Mobile
T0002488,A000155,2025-04-08 05:28:55.530779,Transfer,156693.08,INR,SUCCESS,ATM
T0002489,A000170,2025-03-01 13:10:39.530779,Deposit,146436.66,INR,PENDING,Mobile
T0002490,A000627,2025-08-27 21:57:18.530779,Payment,244188.75,INR,FAILED,Branch
T0002491,A001289,2025-06-17 22:20:12.530779,Transfer,94447.84,INR,FAILED,Mobile
T0002492,A001406,2025-03-24 13:04:28.530779,Transfer,70112.99,INR,SUCCESS,Online
T0002493,A001409,2026-03-07 02:58:51.530779,Fee,166466.61,INR,PENDING,ATM
T0002494,A000783,2024-12-16 07:12:52.530779,Payment,46976.3,INR,SUCCESS,ATM
T0002495,A000423,2025-02-14 01:32:19.530779,Fee,206399.82,INR,PENDING,Online
T0002496,A000444,2026-08-27 21:01:25.530779,Payment,209391.59,INR,PENDING,Branch
T0002497,A000205,2026-02-27 10:23:05.530779,Fee,194670.72,INR,FAILED,Branch
T0002498,A000783,2024-12-11 08:54:06.530779,Interest,33731.32,INR,SUCCESS,Online
T0002499,A000500,2025-06-14 18:26:34.530779,Withdrawal,60809.22,INR,FAILED,Online
T0002500,A000379,2024-12-28 03:28:52.530779,Payment,42329.09,INR,SUCCESS,Branch
T0002501,A000004,2024-10-01 06:33:02.530779,Fee,120472.66,INR,FAILED,ATM
T0002502,A000095,2026-01-12 17:00:40.530779,Interest,143295.19,INR,FAILED,Branch
T0002503,A001114,2025-12-09 03:22:34.530779,Withdrawal,193892.35,INR,FAILED,Mobile
T0002504,A000006,2026-05-31 13:00:57.530779,Payment,105324.82,INR,FAILED,Online
T0002505,A000380,2026-07-03 14:34:35.530779,Deposit,124797.01,INR,SUCCESS,ATM
T0002506,A001058,2026-04-01 18:29:28.530779,Payment,140272.45,INR,PENDING,ATM
T0002507,A000799,2025-01-03 17:40:12.530779,Fee,55670.35,INR,SUCCESS,Mobile
T0002508,A001341,2025-10-21 10:15:22.530779,Transfer,198981.73,INR,FAILED,Branch
T0002509,A000224,2026-01-11 10:17:51.530779,Fee,153257.31,INR,FAILED,Online
T0002510,A001248,2025-08-16 07:49:42.530779,Interest,5206.25,INR,FAILED,Online
T0002511,A001322,2026-04-21 17:08:37.530779,Deposit,57444.07,INR,SUCCESS,ATM
T0002512,A001445,2026-07-29 03:35:51.530779,Fee,112712.08,INR,SUCCESS,Online
T0002513,A000766,2026-04-08 01:56:48.530779,Fee,143509.66,INR,SUCCESS,Branch
T0002514,A001187,2026-03-31 04:36:23.530779,Payment,116190.26,INR,SUCCESS,Branch
T0002515,A000242,2025-06-30 05:48:22.530779,Transfer,230576.14,INR,SUCCESS,Mobile
T0002516,A001493,2026-07-04 13:55:08.530779,Withdrawal,195261.62,INR,FAILED,Mobile
T0002517,A000288,2025-11-04 23:33:16.530779,Withdrawal,28359.09,INR,PENDING,Online
T0002518,A000933,2026-04-06 17:59:57.530779,Transfer,198187.55,INR,PENDING,Online
T0002519,A000475,2025-02-11 21:24:04.530779,Withdrawal,193198.38,INR,FAILED,Mobile
T0002520,A000394,2026-02-17 10:16:50.530779,Interest,209815.1,INR,PENDING,Online
T0002521,A000742,2024-09-24 14:17:35.530779,Payment,59904.34,INR,FAILED,Online
T0002522,A000693,2026-01-24 10:46:13.530779,Transfer,94407.71,INR,SUCCESS,ATM
T0002523,A000334,2025-01-23 00:22:32.530779,Interest,20463.72,INR,SUCCESS,Online
T0002524,A000501,2025-02-21 19:12:07.530779,Withdrawal,21786.46,INR,FAILED,ATM
T0002525,A001194,2026-02-27 22:32:27.530779,Interest,120599.54,INR,PENDING,Online
T0002526,A001235,2025-05-03 11:46:01.530779,Payment,25081.57,INR,FAILED,Online
T0002527,A000394,2026-01-30 00:24:21.530779,Deposit,86415.38,INR,PENDING,Branch
T0002528,A000622,2024-11-17 20:17:46.530779,Deposit,32479.41,INR,PENDING,Branch
T0002529,A000191,2024-09-24 11:26:33.530779,Payment,63417.17,INR,SUCCESS,ATM
T0002530,A000918,2025-04-21 08:08:00.530779,Payment,139698.03,INR,SUCCESS,Branch
T0002531,A000952,2025-11-07 16:05:11.530779,Interest,108952.24,INR,SUCCESS,Online
T0002532,A000460,2025-10-22 09:37:00.530779,Transfer,81216.89,INR,PENDING,Branch
T0002533,A001369,2026-08-13 22:32:58.530779,Withdrawal,210705.36,INR,PENDING,Branch
T0002534,A000467,2025-05-20 01:03:11.530779,Withdrawal,44344.06,INR,PENDING,Branch
T0002535,A001024,2025-12-26 11:33:55.530779,Transfer,248636.76,INR,FAILED,Online
T0002536,A001112,2024-09-20 10:25:54.530779,Transfer,224236.57,INR,SUCCESS,ATM
T0002537,A001486,2026-09-07 15:24:17.530779,Withdrawal,210939.95,INR,PENDING,Online
T0002538,A000041,2025-09-07 13:31:12.530779,Transfer,211296.87,INR,SUCCESS,Branch
T0002539,A001218,2024-11-11 15:59:44.530779,Fee,222761.01,INR,FAILED,ATM
T0002540,A000241,2026-01-21 14:29:10.530779,Deposit,26964.89,INR,FAILED,Branch
T0002541,A000921,2025-10-26 10:35:41.530779,Transfer,72553.51,INR,PENDING,ATM
T0002542,A000945,2025-11-22 11:51:35.530779,Withdrawal,127982.84,INR,FAILED,Mobile
T0002543,A001400,2025-03-09 13:32:02.530779,Fee,52601.07,INR,PENDING,ATM
T0002544,A000417,2025-06-21 00:19:46.530779,Fee,2703.09,INR,PENDING,ATM
T0002545,A001083,2026-08-22 13:16:21.530779,Transfer,185436.58,INR,SUCCESS,Branch
T0002546,A001493,2025-10-13 20:54:54.530779,Fee,45580.88,INR,PENDING,Branch
T0002547,A001064,2024-11-28 07:23:02.530779,Withdrawal,232878.85,INR,PENDING,Branch
T0002548,A000907,2024-10-24 22:10:38.530779,Payment,222603.62,INR,FAILED,ATM
T0002549,A001340,2026-01-12 00:55:03.530779,Withdrawal,142418.82,INR,FAILED,Mobile
T0002550,A001018,2025-10-10 07:32:30.530779,Payment,147355.97,INR,PENDING,Branch
T0002551,A000113,2024-11-30 02:32:18.530779,Payment,189846.42,INR,FAILED,Online
T0002552,A001223,2025-01-31 19:35:45.530779,Payment,43180.58,INR,PENDING,Online
T0002553,A001338,2025-11-10 19:04:36.530779,Withdrawal,71926.16,INR,SUCCESS,Mobile
T0002554,A000107,2025-04-05 08:14:05.530779,Withdrawal,53997.21,INR,PENDING,Mobile
T0002555,A000777,2025-06-05 09:37:15.530779,Deposit,196895.77,INR,PENDING,Online
T0002556,A000530,2025-10-11 20:02:11.530779,Interest,56718.79,INR,SUCCESS,Branch
T0002557,A001341,2026-06-08 11:56:46.530779,Withdrawal,47763.22,INR,FAILED,Branch
T0002558,A001227,2025-08-16 04:32:50.530779,Transfer,22676.96,INR,PENDING,ATM
T0002559,A001466,2025-05-26 16:59:33.530779,Deposit,8348.27,INR,FAILED,ATM
T0002560,A001139,2025-06-06 18:45:52.530779,Transfer,71888.38,INR,FAILED,ATM
T0002561,A000239,2025-05-29 03:18:41.530779,Fee,157974.62,INR,PENDING,Online
T0002562,A000742,2025-06-09 05:29:57.530779,Transfer,240775.08,INR,SUCCESS,Online
T0002563,A000910,2025-08-17 08:26:35.530779,Payment,190057.15,INR,FAILED,Mobile
T0002564,A000062,2025-09-28 11:33:14.530779,Payment,139326.99,INR,FAILED,Branch
T0002565,A000057,2026-03-31 13:52:45.530779,Interest,45188.52,INR,SUCCESS,Mobile
T0002566,A000511,2025-03-11 03:53:00.530779,Deposit,229271.59,INR,SUCCESS,Online
T0002567,A001148,2026-06-18 11:17:58.530779,Payment,241118.07,INR,SUCCESS,Mobile
T0002568,A001159,2026-03-26 16:36:47.530779,Fee,194206.38,INR,SUCCESS,Branch
T0002569,A000516,2025-04-15 02:12:24.530779,Withdrawal,201410.89,INR,PENDING,ATM
T0002570,A001181,2025-11-12 05:45:09.530779,Deposit,118524.97,INR,PENDING,Branch
T0002571,A000236,2025-08-03 10:22:01.530779,Payment,2184.66,INR,SUCCESS,Mobile
T0002572,A001038,2026-03-28 19:41:53.530779,Deposit,117804.75,INR,SUCCESS,ATM
T0002573,A000367,2024-12-09 00:56:01.530779,Fee,121968.29,INR,FAILED,Online
T0002574,A000302,2025-02-20 00:12:04.530779,Interest,39886.8,INR,PENDING,Online
T0002575,A000740,2024-12-13 17:14:12.530779,Transfer,91706.85,INR,FAILED,Online
T0002576,A001086,2025-11-01 09:27:25.530779,Payment,154916.54,INR,PENDING,Online
T0002577,A000832,2024-11-15 09:13:31.530779,Payment,32988.85,INR,FAILED,ATM
T0002578,A000201,2026-07-17 00:04:52.530779,Transfer,42862.21,INR,PENDING,Branch
T0002579,A000350,2025-06-05 09:28:11.530779,Deposit,57529.97,INR,PENDING,Branch
T0002580,A001095,2024-11-15 16:57:07.530779,Transfer,73159.43,INR,PENDING,Mobile
T0002581,A001174,2025-04-13 23:55:00.530779,Transfer,126971.38,INR,FAILED,Mobile
T0002582,A000443,2025-05-21 19:39:01.530779,Payment,133773.69,INR,PENDING,Online
T0002583,A000181,2025-11-30 01:12:44.530779,Transfer,83959.69,INR,PENDING,Mobile
T0002584,A000822,2025-05-12 04:19:44.530779,Payment,18961.78,INR,PENDING,ATM
T0002585,A001272,2026-02-14 03:03:35.530779,Interest,115129.82,INR,SUCCESS,ATM
T0002586,A001159,2024-11-04 03:19:11.530779,Payment,124138.23,INR,FAILED,Mobile
T0002587,A000265,2024-10-18 21:54:32.530779,Transfer,18496.13,INR,SUCCESS,Online
T0002588,A000317,2025-01-20 19:54:13.530779,Fee,180983.26,INR,FAILED,Mobile
T0002589,A001444,2025-05-21 07:41:17.530779,Withdrawal,242385.89,INR,FAILED,Online
T0002590,A001326,2025-06-22 20:22:37.530779,Withdrawal,188512.32,INR,PENDING,ATM
T0002591,A001216,2026-02-19 05:18:36.530779,Deposit,85983.38,INR,PENDING,ATM
T0002592,A000159,2025-08-16 03:58:34.530779,Payment,210595.23,INR,PENDING,Branch
T0002593,A001232,2024-12-14 09:42:42.530779,Withdrawal,243401.53,INR,FAILED,ATM
T0002594,A001426,2026-01-03 10:27:01.530779,Deposit,248730.26,INR,FAILED,Mobile
T0002595,A000958,2025-07-23 19:51:54.530779,Withdrawal,145747.69,INR,SUCCESS,Branch
T0002596,A001232,2025-01-31 12:01:13.530779,Deposit,129331.15,INR,PENDING,Mobile
T0002597,A000365,2026-08-30 01:58:51.530779,Transfer,163318.51,INR,FAILED,Branch
T0002598,A000890,2025-05-19 22:56:26.530779,Interest,197371.99,INR,FAILED,Mobile
T0002599,A000392,2025-06-11 10:14:42.530779,Interest,76498.58,INR,PENDING,ATM
T0002600,A000948,2025-07-28 22:05:55.530779,Fee,123902.3,INR,PENDING,Branch
T0002601,A000226,2025-09-25 16:46:47.530779,Transfer,226010.49,INR,PENDING,ATM
T0002602,A001386,2025-05-06 18:18:29.530779,Interest,10848.35,INR,SUCCESS,Online
T0002603,A001094,2025-05-09 09:16:02.530779,Interest,4788.83,INR,FAILED,Mobile
T0002604,A001191,2025-07-17 16:34:26.530779,Payment,240256.09,INR,PENDING,Online
T0002605,A000588,2024-11-10 20:05:44.530779,Deposit,150391.73,INR,FAILED,ATM
T0002606,A000979,2026-01-27 07:43:56.530779,Payment,31948.46,INR,SUCCESS,Branch
T0002607,A000258,2025-10-16 04:28:08.530779,Transfer,65498.59,INR,SUCCESS,Online
T0002608,A001228,2025-05-04 14:27:04.530779,Withdrawal,13357.53,INR,SUCCESS,ATM
T0002609,A000206,2026-06-26 01:33:52.530779,Interest,83088.73,INR,FAILED,Mobile
T0002610,A000943,2025-01-09 03:34:01.530779,Withdrawal,204916.11,INR,FAILED,ATM
T0002611,A001007,2024-11-26 08:50:43.530779,Transfer,105333.93,INR,SUCCESS,Online
T0002612,A001069,2026-07-01 01:49:26.530779,Transfer,31555.84,INR,PENDING,Mobile
T0002613,A001251,2025-04-30 11:26:33.530779,Fee,246264.6,INR,FAILED,Branch
T0002614,A000324,2025-07-30 05:23:06.530779,Fee,134722.13,INR,SUCCESS,ATM
T0002615,A001402,2026-06-13 14:37:15.530779,Payment,227907.29,INR,FAILED,Branch
T0002616,A000511,2024-12-13 12:16:41.530779,Fee,5067.78,INR,SUCCESS,Mobile
T0002617,A000617,2025-12-05 05:22:58.530779,Payment,182175.66,INR,SUCCESS,Branch
T0002618,A000088,2025-08-17 23:48:54.530779,Interest,50777.81,INR,PENDING,Online
T0002619,A001441,2026-05-01 00:48:37.530779,Interest,13994.97,INR,FAILED,Branch
T0002620,A001321,2025-11-10 01:53:19.530779,Transfer,75346.39,INR,FAILED,Branch
T0002621,A000652,2025-06-02 11:15:28.530779,Transfer,164698.81,INR,SUCCESS,ATM
T0002622,A000510,2025-03-19 22:46:41.530779,Deposit,100198.03,INR,FAILED,Mobile
T0002623,A000887,2026-09-12 01:39:22.530779,Payment,237596.11,INR,FAILED,Mobile
T0002624,A000627,2026-06-18 06:34:54.530779,Withdrawal,171009.08,INR,FAILED,Online
T0002625,A000435,2025-06-30 11:03:37.530779,Interest,194490.43,INR,PENDING,Mobile
T0002626,A000358,2026-08-26 12:03:15.530779,Fee,117255.59,INR,PENDING,Mobile
T0002627,A000406,2025-08-28 16:03:22.530779,Withdrawal,206826.15,INR,PENDING,Online
T0002628,A000041,2025-05-04 08:23:44.530779,Payment,58187.62,INR,FAILED,Mobile
T0002629,A000104,2026-06-26 07:00:33.530779,Withdrawal,246441.49,INR,FAILED,ATM
T0002630,A000313,2025-01-01 05:56:09.530779,Transfer,189562.43,INR,FAILED,Online
T0002631,A001104,2026-06-30 20:11:03.530779,Transfer,47800.27,INR,FAILED,Mobile
T0002632,A000472,2024-11-15 08:13:48.530779,Transfer,11301.11,INR,SUCCESS,Branch
T0002633,A000510,2024-11-08 03:59:56.530779,Withdrawal,81730.73,INR,SUCCESS,Branch
T0002634,A000749,2026-09-15 02:41:51.530779,Transfer,81134.12,INR,FAILED,Online
T0002635,A001299,2026-05-14 09:08:31.530779,Interest,13176.58,INR,SUCCESS,Mobile
T0002636,A000699,2026-07-15 10:19:15.530779,Payment,76456.55,INR,SUCCESS,Mobile
T0002637,A000180,2025-10-05 12:58:58.530779,Withdrawal,80253.4,INR,PENDING,Online
T0002638,A000155,2026-01-30 18:14:52.530779,Fee,22874.16,INR,SUCCESS,ATM
T0002639,A001466,2024-10-11 12:08:47.530779,Interest,55881.13,INR,PENDING,ATM
T0002640,A000141,2026-06-07 08:40:27.530779,Fee,178266.36,INR,FAILED,Online
T0002641,A000644,2025-08-27 17:31:55.530779,Transfer,124094.79,INR,SUCCESS,Branch
T0002642,A000356,2025-12-06 07:49:32.530779,Fee,157987.72,INR,SUCCESS,ATM
T0002643,A000036,2025-11-13 08:23:12.530779,Payment,30169.12,INR,FAILED,Mobile
T0002644,A001346,2024-12-05 18:57:38.530779,Transfer,222955.15,INR,PENDING,Branch
T0002645,A000270,2025-05-21 10:55:56.530779,Deposit,218512.8,INR,SUCCESS,Branch
T0002646,A000641,2025-12-10 02:05:33.530779,Deposit,72361.53,INR,SUCCESS,ATM
T0002647,A001351,2026-06-03 19:54:16.530779,Payment,125293.61,INR,FAILED,Branch
T0002648,A000944,2026-05-22 15:38:43.530779,Deposit,76587.38,INR,PENDING,Mobile
T0002649,A000050,2026-08-30 14:48:37.530779,Fee,10604.01,INR,PENDING,Online
T0002650,A000162,2025-01-09 01:02:09.530779,Transfer,191346.1,INR,FAILED,Online
T0002651,A001229,2024-11-10 07:18:48.530779,Withdrawal,121449.49,INR,PENDING,Online
T0002652,A000425,2026-03-24 21:03:08.530779,Deposit,70333.79,INR,FAILED,Online
T0002653,A001137,2025-10-20 08:16:45.530779,Fee,28559.03,INR,PENDING,Branch
T0002654,A000722,2026-09-14 18:55:54.530779,Deposit,131907.81,INR,PENDING,ATM
T0002655,A000094,2025-11-24 21:07:28.530779,Transfer,156964.86,INR,PENDING,Branch
T0002656,A001141,2025-08-28 14:00:07.530779,Fee,189689.99,INR,FAILED,Branch
T0002657,A000071,2025-03-19 18:30:27.530779,Deposit,119843.94,INR,SUCCESS,Branch
T0002658,A001483,2025-02-26 23:29:37.530779,Interest,245880.62,INR,SUCCESS,ATM
T0002659,A001295,2025-12-22 05:02:54.530779,Withdrawal,114579.54,INR,FAILED,Branch
T0002660,A000955,2025-07-06 00:04:30.530779,Fee,55896.7,INR,PENDING,Online
T0002661,A000102,2026-03-20 07:30:35.530779,Payment,150954.75,INR,PENDING,ATM
T0002662,A000523,2025-01-03 22:47:13.530779,Transfer,244237.93,INR,PENDING,Mobile
T0002663,A000163,2025-11-15 16:13:48.530779,Transfer,96943.3,INR,FAILED,Online
T0002664,A001079,2025-12-09 13:13:30.530779,Fee,180832.12,INR,FAILED,ATM
T0002665,A000692,2024-11-29 19:51:40.530779,Payment,223314.53,INR,SUCCESS,Branch
T0002666,A000883,2025-07-28 12:19:46.530779,Deposit,87838.46,INR,PENDING,ATM
T0002667,A000622,2025-11-05 06:58:26.530779,Withdrawal,231539.47,INR,SUCCESS,Online
T0002668,A000899,2026-06-22 23:18:24.530779,Withdrawal,147183.96,INR,SUCCESS,Online
T0002669,A000716,2024-10-23 04:20:00.530779,Fee,208740.13,INR,FAILED,Branch
T0002670,A000492,2025-08-25 07:13:04.530779,Payment,175906.11,INR,FAILED,Mobile
T0002671,A000204,2024-10-08 06:42:47.530779,Payment,123832.75,INR,PENDING,Branch
T0002672,A000330,2025-01-08 20:58:46.530779,Payment,27022.02,INR,FAILED,Branch
T0002673,A000026,2026-08-10 05:01:30.530779,Deposit,35979.97,INR,PENDING,Online
T0002674,A000595,2025-02-08 13:04:50.530779,Transfer,80380.35,INR,PENDING,Online
T0002675,A001209,2025-09-05 10:11:54.530779,Deposit,126869.48,INR,PENDING,Online
T0002676,A001201,2026-08-02 19:56:55.530779,Fee,210748.47,INR,PENDING,Branch
T0002677,A000939,2025-11-05 22:24:24.530779,Withdrawal,130155.06,INR,FAILED,Mobile
T0002678,A000200,2025-08-03 13:10:25.530779,Payment,53717.32,INR,SUCCESS,ATM
T0002679,A000451,2025-06-01 18:35:08.530779,Interest,14953.8,INR,SUCCESS,Online
T0002680,A000641,2025-07-15 07:33:46.530779,Withdrawal,153810.49,INR,PENDING,Mobile
T0002681,A001417,2024-10-08 17:19:55.530779,Interest,69567.13,INR,FAILED,Branch
T0002682,A000847,2025-08-07 09:18:47.530779,Payment,38235.72,INR,PENDING,Branch
T0002683,A000736,2026-08-30 06:30:58.530779,Deposit,130515.05,INR,FAILED,Mobile
T0002684,A000318,2025-02-15 11:41:33.530779,Payment,194519.48,INR,PENDING,Branch
T0002685,A000340,2024-11-15 23:34:52.530779,Withdrawal,62527.94,INR,SUCCESS,Mobile
T0002686,A000763,2025-07-10 00:50:50.530779,Payment,185915.16,INR,FAILED,Online
T0002687,A000162,2025-03-27 12:30:55.530779,Interest,92303.74,INR,PENDING,Online
T0002688,A001058,2025-06-15 03:09:12.530779,Interest,41583.84,INR,PENDING,Online
T0002689,A000846,2025-08-30 01:57:27.530779,Payment,107895.98,INR,PENDING,Online
T0002690,A001187,2025-03-23 07:20:54.530779,Withdrawal,122000.38,INR,PENDING,ATM
T0002691,A001301,2025-06-29 17:07:14.530779,Fee,8508.0,INR,PENDING,Branch
T0002692,A000170,2025-04-06 14:35:08.530779,Transfer,35219.71,INR,FAILED,ATM
T0002693,A000621,2026-04-07 09:41:27.530779,Transfer,38907.66,INR,SUCCESS,Mobile
T0002694,A000306,2025-06-12 19:38:52.530779,Transfer,134219.11,INR,FAILED,Mobile
T0002695,A000946,2024-12-01 08:19:28.530779,Withdrawal,115559.7,INR,FAILED,ATM
T0002696,A000151,2024-11-01 07:40:14.530779,Deposit,228358.61,INR,SUCCESS,Mobile
T0002697,A001293,2025-10-14 13:17:17.530779,Fee,203062.11,INR,FAILED,Online
T0002698,A001372,2026-05-31 08:28:41.530779,Fee,102250.18,INR,FAILED,Online
T0002699,A000931,2024-10-15 09:01:47.530779,Deposit,218352.05,INR,PENDING,Online
T0002700,A001261,2025-01-02 20:33:07.530779,Withdrawal,183436.06,INR,FAILED,Mobile
T0002701,A000839,2025-07-28 17:07:52.530779,Fee,138097.67,INR,SUCCESS,ATM
T0002702,A000452,2024-11-23 01:04:38.530779,Transfer,19715.14,INR,SUCCESS,Mobile
T0002703,A000213,2024-11-30 18:12:14.530779,Deposit,235972.67,INR,PENDING,Online
T0002704,A000701,2025-08-04 23:46:57.530779,Deposit,174382.15,INR,SUCCESS,Mobile
T0002705,A000238,2025-08-08 22:35:30.530779,Payment,218481.18,INR,PENDING,Online
T0002706,A000923,2025-08-03 10:46:55.530779,Deposit,125631.78,INR,FAILED,Online
T0002707,A000098,2026-04-29 09:26:15.530779,Payment,113363.51,INR,FAILED,Branch
T0002708,A000142,2026-03-13 07:10:21.530779,Deposit,49563.34,INR,FAILED,ATM
T0002709,A000645,2025-10-24 09:19:25.530779,Payment,31373.3,INR,SUCCESS,Branch
T0002710,A001229,2025-08-21 16:37:42.530779,Transfer,197660.81,INR,FAILED,ATM
T0002711,A000440,2024-10-17 07:31:46.530779,Payment,66454.61,INR,PENDING,Branch
T0002712,A000471,2024-09-23 21:25:47.530779,Withdrawal,152153.8,INR,PENDING,Mobile
T0002713,A000592,2025-10-27 21:48:57.530779,Deposit,46536.95,INR,PENDING,Branch
T0002714,A000009,2025-07-24 02:00:25.530779,Payment,4328.65,INR,SUCCESS,Branch
T0002715,A000479,2025-12-25 12:11:37.530779,Deposit,175735.49,INR,PENDING,Online
T0002716,A000813,2025-09-11 17:13:47.530779,Withdrawal,21988.52,INR,SUCCESS,Online
T0002717,A001235,2024-10-17 18:51:53.530779,Payment,161037.38,INR,FAILED,Branch
T0002718,A000660,2024-12-25 05:27:49.530779,Withdrawal,99101.58,INR,FAILED,ATM
T0002719,A000576,2024-10-11 01:39:57.530779,Payment,72719.21,INR,PENDING,Branch
T0002720,A000616,2026-01-08 21:15:15.530779,Fee,94704.9,INR,PENDING,ATM
T0002721,A001059,2026-02-22 08:36:57.530779,Deposit,116877.54,INR,PENDING,Mobile
T0002722,A000052,2025-11-09 03:18:27.530779,Deposit,230346.16,INR,FAILED,Branch
T0002723,A000911,2024-09-24 02:02:38.530779,Payment,237426.08,INR,SUCCESS,Branch
T0002724,A000635,2025-08-06 20:19:56.530779,Fee,49397.95,INR,SUCCESS,Online
T0002725,A000212,2025-12-18 18:38:45.530779,Deposit,232901.18,INR,SUCCESS,Branch
T0002726,A001441,2025-01-07 20:19:05.530779,Payment,208053.63,INR,SUCCESS,ATM
T0002727,A000349,2026-06-12 00:17:21.530779,Deposit,67085.58,INR,FAILED,Online
T0002728,A001213,2025-09-20 11:35:47.530779,Payment,111989.95,INR,SUCCESS,Mobile
T0002729,A000621,2025-05-16 18:19:29.530779,Interest,141204.69,INR,FAILED,ATM
T0002730,A000469,2025-10-08 05:19:07.530779,Fee,246411.04,INR,FAILED,Online
T0002731,A000738,2025-04-24 07:57:13.530779,Withdrawal,226727.19,INR,SUCCESS,ATM
T0002732,A001196,2026-06-14 20:45:09.530779,Withdrawal,96243.23,INR,FAILED,ATM
T0002733,A001470,2025-04-27 13:28:47.530779,Deposit,239315.49,INR,PENDING,Branch
T0002734,A000483,2026-07-15 16:02:41.530779,Deposit,248612.96,INR,SUCCESS,ATM
T0002735,A000560,2025-12-01 05:03:51.530779,Fee,123877.95,INR,PENDING,Mobile
T0002736,A000715,2025-04-08 19:49:25.530779,Fee,94091.34,INR,FAILED,Mobile
T0002737,A000982,2026-06-18 05:00:55.530779,Interest,203036.32,INR,PENDING,Branch
T0002738,A000535,2026-07-31 02:47:47.530779,Interest,19652.4,INR,SUCCESS,ATM
T0002739,A000255,2026-05-03 06:44:18.530779,Payment,229361.01,INR,FAILED,Branch
T0002740,A000013,2024-10-24 15:06:01.530779,Transfer,91023.0,INR,PENDING,Online
T0002741,A000655,2026-01-22 07:45:59.530779,Payment,151920.48,INR,SUCCESS,Online
T0002742,A000695,2025-10-22 04:23:23.530779,Deposit,98361.05,INR,PENDING,Mobile
T0002743,A000806,2025-10-04 09:00:13.530779,Transfer,100220.97,INR,PENDING,Branch
T0002744,A000607,2024-10-05 03:07:45.530779,Interest,244297.36,INR,PENDING,ATM
T0002745,A000011,2025-09-24 17:07:25.530779,Withdrawal,149865.01,INR,SUCCESS,ATM
T0002746,A000974,2026-07-29 04:14:48.530779,Interest,209998.0,INR,SUCCESS,Branch
T0002747,A000310,2025-11-01 20:39:45.530779,Transfer,80606.34,INR,PENDING,Online
T0002748,A001273,2025-08-23 00:17:51.530779,Withdrawal,97418.59,INR,SUCCESS,Online
T0002749,A000228,2024-11-08 02:20:57.530779,Interest,192702.41,INR,SUCCESS,Online
T0002750,A000152,2025-08-20 14:52:16.530779,Payment,17696.26,INR,PENDING,Branch
T0002751,A000529,2025-04-05 19:53:07.530779,Transfer,241988.92,INR,PENDING,Online
T0002752,A000474,2025-02-09 02:37:22.530779,Deposit,11815.01,INR,PENDING,Mobile
T0002753,A001088,2026-07-22 06:27:50.530779,Transfer,166535.75,INR,FAILED,Online
T0002754,A000830,2026-08-17 19:50:34.530779,Payment,32051.39,INR,PENDING,Mobile
T0002755,A000541,2024-12-04 01:39:47.530779,Interest,65673.61,INR,SUCCESS,Branch
T0002756,A001287,2026-08-13 16:24:11.530779,Withdrawal,157069.6,INR,FAILED,ATM
T0002757,A000144,2025-08-10 14:41:02.530779,Fee,34711.87,INR,SUCCESS,Mobile
T0002758,A000842,2025-02-10 00:11:36.530779,Withdrawal,187688.16,INR,PENDING,Branch
T0002759,A000985,2025-07-11 03:51:18.530779,Payment,15876.31,INR,PENDING,Mobile
T0002760,A000389,2024-10-19 05:05:32.530779,Payment,65523.43,INR,SUCCESS,Branch
T0002761,A000868,2026-06-04 08:07:16.530779,Fee,47399.62,INR,PENDING,Online
T0002762,A000890,2025-11-17 16:15:58.530779,Transfer,3836.14,INR,SUCCESS,Mobile
T0002763,A001365,2025-05-08 20:27:06.530779,Deposit,178282.96,INR,PENDING,Mobile
T0002764,A000704,2026-07-26 05:58:16.530779,Withdrawal,197119.65,INR,PENDING,Mobile
T0002765,A000931,2026-07-02 14:04:37.530779,Deposit,43783.74,INR,PENDING,Mobile
T0002766,A000533,2026-01-05 20:39:42.530779,Fee,211444.04,INR,PENDING,ATM
T0002767,A000642,2025-03-08 06:13:09.530779,Withdrawal,226758.66,INR,FAILED,ATM
T0002768,A001401,2025-06-11 10:23:54.530779,Fee,69677.44,INR,SUCCESS,Branch
T0002769,A000891,2026-09-10 19:10:02.530779,Fee,28330.11,INR,SUCCESS,Online
T0002770,A000453,2025-08-02 07:31:56.530779,Deposit,106578.81,INR,SUCCESS,Online
T0002771,A001024,2025-08-14 19:53:18.530779,Payment,21384.71,INR,FAILED,ATM
T0002772,A001217,2026-09-09 12:05:21.530779,Interest,165015.52,INR,PENDING,Online
T0002773,A001431,2026-07-07 13:34:46.530779,Withdrawal,195021.69,INR,PENDING,Branch
T0002774,A000352,2026-06-06 01:19:37.530779,Transfer,144324.11,INR,PENDING,Mobile
T0002775,A000800,2024-10-06 09:07:48.530779,Withdrawal,117043.72,INR,SUCCESS,Branch
T0002776,A000810,2025-03-21 13:52:39.530779,Interest,5719.58,INR,SUCCESS,Mobile
T0002777,A000609,2025-08-17 17:57:03.530779,Deposit,133843.33,INR,SUCCESS,Mobile
T0002778,A000706,2026-06-19 11:03:39.530779,Interest,154845.2,INR,PENDING,Branch
T0002779,A001478,2026-01-12 07:42:27.530779,Payment,242545.82,INR,PENDING,Mobile
T0002780,A001002,2026-05-29 12:30:00.530779,Fee,79030.2,INR,FAILED,Online
T0002781,A000300,2026-04-20 22:51:29.530779,Transfer,179980.93,INR,FAILED,Online
T0002782,A000982,2024-12-04 01:46:24.530779,Interest,54221.2,INR,FAILED,Branch
T0002783,A001456,2024-10-02 07:22:53.530779,Fee,106481.56,INR,FAILED,Branch
T0002784,A000883,2026-07-20 16:17:13.530779,Deposit,25942.18,INR,FAILED,ATM
T0002785,A000426,2025-03-03 06:54:12.530779,Deposit,199141.02,INR,PENDING,Online
T0002786,A000511,2025-09-25 13:55:01.530779,Deposit,185804.54,INR,PENDING,Mobile
T0002787,A001287,2026-05-04 05:28:39.530779,Transfer,248557.15,INR,PENDING,Mobile
T0002788,A000458,2026-02-25 16:24:28.530779,Withdrawal,199862.82,INR,SUCCESS,Branch
T0002789,A001075,2026-08-20 18:25:25.530779,Withdrawal,20897.81,INR,PENDING,Branch
T0002790,A000724,2025-05-13 14:58:01.530779,Transfer,136237.66,INR,SUCCESS,Mobile
T0002791,A000274,2024-09-22 16:36:42.530779,Deposit,16106.95,INR,FAILED,Online
T0002792,A000283,2026-04-06 10:10:01.530779,Fee,117543.08,INR,PENDING,Online
T0002793,A001004,2025-12-11 05:15:38.530779,Fee,174576.95,INR,SUCCESS,Branch
T0002794,A000322,2025-08-20 01:50:24.530779,Fee,182869.09,INR,FAILED,ATM
T0002795,A001402,2025-08-25 02:45:21.530779,Interest,4969.1,INR,FAILED,Online
T0002796,A000236,2024-10-23 18:07:00.530779,Fee,75963.29,INR,PENDING,ATM
T0002797,A000264,2026-09-17 04:07:19.530779,Payment,219290.65,INR,SUCCESS,Online
T0002798,A000857,2024-10-03 07:04:04.530779,Deposit,249008.53,INR,SUCCESS,Mobile
T0002799,A000079,2025-05-24 11:09:41.530779,Withdrawal,186480.98,INR,PENDING,Mobile
T0002800,A001372,2024-09-22 06:21:41.530779,Transfer,170732.43,INR,PENDING,ATM
T0002801,A000678,2025-04-10 16:03:51.530779,Withdrawal,143621.48,INR,FAILED,Mobile
T0002802,A001242,2026-04-16 00:31:34.530779,Deposit,217812.91,INR,PENDING,Branch
T0002803,A000865,2025-05-04 03:56:33.530779,Payment,153092.86,INR,PENDING,Branch
T0002804,A000019,2026-08-13 10:33:13.530779,Withdrawal,51664.69,INR,SUCCESS,ATM
T0002805,A000518,2025-10-07 09:34:01.530779,Deposit,235722.56,INR,FAILED,Online
T0002806,A000541,2025-12-10 13:39:49.530779,Fee,116130.51,INR,SUCCESS,ATM
T0002807,A001132,2025-07-14 11:29:27.530779,Deposit,25053.11,INR,PENDING,Online
T0002808,A000614,2026-02-03 14:15:19.530779,Withdrawal,145068.7,INR,FAILED,Mobile
T0002809,A001201,2026-03-01 23:33:35.530779,Withdrawal,73999.97,INR,SUCCESS,ATM
T0002810,A000038,2024-09-26 11:00:06.530779,Interest,152498.89,INR,FAILED,Branch
T0002811,A000251,2024-12-30 06:32:02.530779,Transfer,209130.67,INR,PENDING,ATM
T0002812,A001430,2025-10-06 05:14:49.530779,Withdrawal,174108.9,INR,SUCCESS,Online
T0002813,A001123,2025-08-18 17:45:02.530779,Withdrawal,246028.11,INR,PENDING,Branch
T0002814,A000482,2026-07-03 10:30:11.530779,Transfer,230316.34,INR,PENDING,Online
T0002815,A001018,2026-09-06 10:34:21.530779,Payment,43671.76,INR,FAILED,Mobile
T0002816,A000096,2026-05-23 12:41:12.530779,Deposit,21826.21,INR,FAILED,Mobile
T0002817,A001038,2025-08-18 11:03:21.530779,Interest,108906.94,INR,SUCCESS,Branch
T0002818,A001131,2025-12-20 19:12:36.530779,Fee,44374.36,INR,SUCCESS,Mobile
T0002819,A000566,2024-12-13 15:38:10.530779,Fee,146931.51,INR,SUCCESS,Online
T0002820,A001093,2025-06-07 12:29:26.530779,Fee,1847.57,INR,PENDING,Branch
T0002821,A000885,2025-01-18 19:13:11.530779,Deposit,199838.24,INR,FAILED,Mobile
T0002822,A000451,2025-03-21 21:36:27.530779,Transfer,239323.86,INR,FAILED,ATM
T0002823,A001222,2026-07-28 12:41:56.530779,Withdrawal,11394.37,INR,PENDING,ATM
T0002824,A000908,2026-04-20 14:14:20.530779,Transfer,111284.84,INR,PENDING,Online
T0002825,A000920,2025-01-07 06:17:14.530779,Fee,199390.5,INR,SUCCESS,Online
T0002826,A000679,2026-09-15 10:33:00.530779,Payment,102978.12,INR,SUCCESS,Branch
T0002827,A001399,2025-06-03 11:16:01.530779,Deposit,22032.01,INR,FAILED,Online
T0002828,A000731,2026-04-05 20:10:54.530779,Fee,142652.99,INR,SUCCESS,Online
T0002829,A000372,2025-09-11 05:32:30.530779,Deposit,194169.25,INR,SUCCESS,Branch
T0002830,A001219,2026-09-16 18:25:23.530779,Payment,15290.89,INR,PENDING,Mobile
T0002831,A000887,2025-06-25 16:07:22.530779,Interest,187108.5,INR,SUCCESS,Mobile
T0002832,A000576,2024-09-27 17:28:56.530779,Payment,225635.71,INR,PENDING,Online
T0002833,A001238,2025-05-30 20:15:50.530779,Interest,119843.18,INR,PENDING,Mobile
T0002834,A001298,2026-01-10 03:15:24.530779,Transfer,174013.33,INR,SUCCESS,Mobile
T0002835,A001387,2025-04-24 18:23:36.530779,Payment,187067.25,INR,PENDING,ATM
T0002836,A000749,2025-02-16 18:07:12.530779,Interest,160712.84,INR,PENDING,Branch
T0002837,A000215,2026-02-26 23:09:58.530779,Fee,193264.73,INR,FAILED,Mobile
T0002838,A000811,2026-05-02 16:26:49.530779,Interest,60753.91,INR,PENDING,Online
T0002839,A000964,2026-07-11 23:34:38.530779,Withdrawal,124160.72,INR,FAILED,ATM
T0002840,A000948,2025-06-30 10:48:42.530779,Interest,225173.7,INR,PENDING,ATM
T0002841,A000226,2025-08-03 09:31:05.530779,Deposit,113029.68,INR,PENDING,Mobile
T0002842,A000790,2025-11-30 04:21:37.530779,Interest,192819.13,INR,FAILED,ATM
T0002843,A000610,2026-07-21 07:53:07.530779,Payment,207603.11,INR,PENDING,Online
T0002844,A000064,2026-08-26 13:39:54.530779,Interest,64852.98,INR,FAILED,Mobile
T0002845,A000675,2026-06-07 18:12:22.530779,Interest,159243.92,INR,PENDING,Online
T0002846,A001442,2026-01-06 21:29:30.530779,Fee,241535.0,INR,FAILED,ATM
T0002847,A000457,2025-12-25 17:54:08.530779,Interest,124270.13,INR,FAILED,Online
T0002848,A001078,2025-10-12 16:47:39.530779,Transfer,248999.77,INR,SUCCESS,ATM
T0002849,A001002,2026-08-14 00:50:49.530779,Interest,52707.93,INR,FAILED,Online
T0002850,A000954,2026-08-24 16:23:40.530779,Payment,23570.47,INR,PENDING,Mobile
T0002851,A000053,2025-08-09 23:22:16.530779,Interest,156641.88,INR,FAILED,Mobile
T0002852,A000321,2025-10-22 20:41:13.530779,Withdrawal,47767.77,INR,PENDING,ATM
T0002853,A000484,2025-07-05 23:55:34.530779,Withdrawal,102259.18,INR,PENDING,ATM
T0002854,A000683,2025-01-31 19:36:41.530779,Interest,191480.3,INR,PENDING,Mobile
T0002855,A000284,2025-05-07 02:35:48.530779,Interest,200310.56,INR,FAILED,Mobile
T0002856,A000488,2025-03-01 16:07:34.530779,Transfer,173619.5,INR,PENDING,ATM
T0002857,A001277,2025-01-19 09:47:46.530779,Payment,39053.21,INR,PENDING,Online
T0002858,A000263,2025-03-31 04:30:49.530779,Withdrawal,67032.8,INR,FAILED,Online
T0002859,A001255,2025-07-16 14:51:43.530779,Transfer,221568.84,INR,PENDING,Mobile
T0002860,A000643,2026-09-17 12:25:29.530779,Transfer,86234.65,INR,FAILED,Online
T0002861,A000084,2025-02-19 00:46:01.530779,Payment,28475.18,INR,FAILED,Online
T0002862,A000634,2025-04-07 14:39:05.530779,Transfer,234260.75,INR,FAILED,ATM
T0002863,A000228,2026-01-14 13:41:16.530779,Withdrawal,27032.61,INR,PENDING,Mobile
T0002864,A000191,2026-07-30 21:10:03.530779,Interest,36953.99,INR,PENDING,Online
T0002865,A000061,2025-11-22 11:15:33.530779,Payment,183762.23,INR,SUCCESS,Mobile
T0002866,A001109,2025-03-11 04:52:10.530779,Interest,59290.14,INR,PENDING,Online
T0002867,A000607,2025-09-28 13:29:25.530779,Transfer,104869.66,INR,PENDING,ATM
T0002868,A000526,2025-05-31 23:35:17.530779,Transfer,92492.23,INR,FAILED,ATM
T0002869,A000836,2024-11-11 04:01:09.530779,Withdrawal,176452.63,INR,FAILED,Online
T0002870,A000998,2026-02-13 17:34:33.530779,Fee,151468.21,INR,PENDING,ATM
T0002871,A001324,2025-04-29 07:52:45.530779,Withdrawal,122090.84,INR,SUCCESS,Online
T0002872,A000073,2025-06-16 14:23:43.530779,Deposit,129935.19,INR,PENDING,Mobile
T0002873,A000773,2025-11-03 20:01:14.530779,Interest,165206.29,INR,SUCCESS,Branch
T0002874,A000377,2026-04-19 00:03:41.530779,Interest,46022.02,INR,SUCCESS,Branch
T0002875,A001386,2025-10-08 11:42:17.530779,Deposit,100162.73,INR,FAILED,Online
T0002876,A000947,2025-12-06 22:51:05.530779,Deposit,229429.96,INR,SUCCESS,ATM
T0002877,A000354,2026-08-15 03:21:16.530779,Deposit,14048.65,INR,PENDING,Mobile
T0002878,A001253,2025-06-05 10:41:30.530779,Deposit,114328.24,INR,PENDING,Branch
T0002879,A000784,2025-03-06 03:35:53.530779,Withdrawal,182056.15,INR,PENDING,Mobile
T0002880,A001406,2026-08-23 08:04:56.530779,Withdrawal,147082.73,INR,PENDING,Online
T0002881,A001184,2026-05-23 05:09:55.530779,Payment,195820.84,INR,PENDING,Mobile
T0002882,A000691,2025-01-12 23:31:05.530779,Withdrawal,6320.14,INR,SUCCESS,Mobile
T0002883,A000087,2025-03-16 14:38:40.530779,Deposit,224439.11,INR,SUCCESS,Mobile
T0002884,A001337,2026-02-25 07:55:07.530779,Payment,111173.41,INR,FAILED,Mobile
T0002885,A000647,2025-12-28 01:24:01.530779,Transfer,155148.59,INR,FAILED,Branch
T0002886,A000912,2026-03-28 18:55:27.530779,Withdrawal,222676.96,INR,SUCCESS,Online
T0002887,A000309,2025-11-03 06:28:29.530779,Withdrawal,173273.09,INR,PENDING,Online
T0002888,A000864,2024-12-10 05:31:27.530779,Fee,138396.23,INR,FAILED,ATM
T0002889,A000749,2025-11-19 14:41:15.530779,Fee,144939.51,INR,SUCCESS,ATM
T0002890,A000027,2026-02-04 14:17:48.530779,Fee,104297.3,INR,PENDING,Online
T0002891,A000544,2026-07-14 14:57:38.530779,Payment,38992.31,INR,PENDING,ATM
T0002892,A000741,2025-09-05 05:52:09.530779,Payment,54457.98,INR,PENDING,Branch
T0002893,A000962,2026-09-01 08:33:12.530779,Payment,136909.0,INR,PENDING,ATM
T0002894,A000008,2024-10-04 15:30:15.530779,Interest,174798.78,INR,FAILED,Branch
T0002895,A000959,2025-08-11 16:51:09.530779,Payment,193881.5,INR,SUCCESS,Branch
T0002896,A001260,2024-12-17 04:36:33.530779,Fee,125080.78,INR,FAILED,Mobile
T0002897,A000318,2026-04-01 10:34:54.530779,Payment,130660.92,INR,PENDING,Mobile
T0002898,A000822,2026-02-26 04:46:03.530779,Interest,179916.31,INR,PENDING,Branch
T0002899,A000897,2025-06-10 03:46:51.530779,Deposit,427.32,INR,SUCCESS,Branch
T0002900,A001057,2024-12-05 22:55:48.530779,Payment,8415.52,INR,FAILED,Branch
T0002901,A000022,2026-03-29 18:11:27.530779,Withdrawal,18660.25,INR,PENDING,Branch
T0002902,A000967,2025-10-12 10:33:22.530779,Fee,209544.62,INR,PENDING,Online
T0002903,A001194,2025-02-14 16:24:12.530779,Fee,47807.95,INR,SUCCESS,Mobile
T0002904,A001141,2025-06-15 04:17:27.530779,Interest,90304.83,INR,FAILED,ATM
T0002905,A000037,2024-12-14 13:57:10.530779,Deposit,144242.54,INR,SUCCESS,ATM
T0002906,A001070,2026-04-12 00:08:49.530779,Payment,790.49,INR,PENDING,Online
T0002907,A001418,2026-01-14 23:28:18.530779,Fee,194883.17,INR,PENDING,Branch
T0002908,A000752,2026-01-30 03:10:15.530779,Withdrawal,9948.46,INR,FAILED,Online
T0002909,A000585,2024-11-15 16:35:18.530779,Deposit,71316.82,INR,SUCCESS,Branch
T0002910,A000764,2026-04-04 20:30:33.530779,Interest,110714.38,INR,FAILED,Branch
T0002911,A001328,2026-09-06 04:57:04.530779,Transfer,103129.74,INR,PENDING,Online
T0002912,A000188,2025-08-21 01:52:55.530779,Deposit,231600.59,INR,PENDING,Online
T0002913,A000105,2024-11-11 16:30:15.530779,Deposit,124140.9,INR,PENDING,ATM
T0002914,A000025,2024-10-18 05:51:33.530779,Transfer,12111.5,INR,FAILED,ATM
T0002915,A000335,2026-04-21 16:40:14.530779,Interest,190674.04,INR,PENDING,Mobile
T0002916,A000360,2026-09-10 21:55:17.530779,Deposit,20568.91,INR,PENDING,Mobile
T0002917,A000747,2026-06-16 16:33:56.530779,Fee,197659.91,INR,FAILED,ATM
T0002918,A001382,2026-07-15 16:12:11.530779,Interest,163522.81,INR,FAILED,Mobile
T0002919,A000659,2026-05-26 14:48:11.530779,Fee,216780.32,INR,FAILED,ATM
T0002920,A000710,2025-06-07 05:30:33.530779,Withdrawal,95956.1,INR,PENDING,ATM
T0002921,A000340,2026-08-06 23:02:18.530779,Deposit,70392.04,INR,FAILED,ATM
T0002922,A001473,2025-01-13 12:08:38.530779,Withdrawal,110258.03,INR,SUCCESS,ATM
T0002923,A000489,2024-12-24 06:15:41.530779,Payment,234364.24,INR,PENDING,Mobile
T0002924,A000810,2025-12-18 14:51:26.530779,Interest,143399.83,INR,PENDING,Branch
T0002925,A000236,2025-10-13 18:51:21.530779,Interest,169047.3,INR,FAILED,Online
T0002926,A000704,2026-03-16 11:05:18.530779,Payment,191728.76,INR,FAILED,ATM
T0002927,A000096,2026-05-26 23:21:38.530779,Transfer,130289.15,INR,PENDING,Branch
T0002928,A000162,2026-03-02 17:57:58.530779,Transfer,68290.25,INR,PENDING,Online
T0002929,A000434,2026-03-01 01:33:08.530779,Transfer,125878.61,INR,SUCCESS,ATM
T0002930,A000910,2024-11-05 12:22:19.530779,Transfer,66456.77,INR,SUCCESS,Branch
T0002931,A000530,2025-04-22 06:04:46.530779,Transfer,191236.67,INR,FAILED,Mobile
T0002932,A000224,2025-12-15 20:57:09.530779,Deposit,225350.41,INR,SUCCESS,Online
T0002933,A000762,2026-09-07 18:17:30.530779,Interest,215414.4,INR,PENDING,ATM
T0002934,A001048,2025-11-14 14:52:37.530779,Fee,138520.36,INR,PENDING,ATM
T0002935,A000340,2026-05-23 07:31:31.530779,Deposit,60766.44,INR,PENDING,Branch
T0002936,A001364,2025-01-18 17:38:11.530779,Withdrawal,13173.6,INR,PENDING,Branch
T0002937,A001333,2026-09-01 06:39:30.530779,Transfer,173325.68,INR,PENDING,Online
T0002938,A000303,2024-10-30 05:06:58.530779,Interest,214620.67,INR,FAILED,Mobile
T0002939,A001015,2025-09-09 21:51:51.530779,Interest,233113.63,INR,SUCCESS,ATM
T0002940,A001120,2025-08-25 10:13:28.530779,Withdrawal,205676.73,INR,PENDING,Branch
T0002941,A001471,2026-04-04 03:08:31.530779,Fee,35312.49,INR,SUCCESS,ATM
T0002942,A001247,2026-01-14 08:43:38.530779,Interest,135004.11,INR,FAILED,ATM
T0002943,A000604,2025-10-19 23:36:29.530779,Withdrawal,146010.26,INR,FAILED,Online
T0002944,A000517,2026-01-26 19:22:05.530779,Interest,118662.48,INR,SUCCESS,Online
T0002945,A000161,2025-06-15 15:04:37.530779,Payment,45872.07,INR,FAILED,Online
T0002946,A000296,2025-06-24 11:57:31.530779,Fee,208061.72,INR,SUCCESS,Branch
T0002947,A001270,2025-12-20 15:00:25.530779,Fee,129665.65,INR,PENDING,Branch
T0002948,A001075,2026-05-16 19:09:14.530779,Payment,235183.0,INR,FAILED,ATM
T0002949,A001051,2025-07-02 11:25:18.530779,Transfer,220881.07,INR,FAILED,Online
T0002950,A000009,2025-05-19 09:32:15.530779,Deposit,229525.02,INR,SUCCESS,Mobile
T0002951,A001416,2025-11-18 23:32:52.530779,Transfer,240643.99,INR,FAILED,Mobile
T0002952,A000682,2026-09-02 15:56:49.530779,Interest,247762.48,INR,PENDING,Mobile
T0002953,A000511,2025-06-04 13:09:03.530779,Fee,150742.37,INR,SUCCESS,Mobile
T0002954,A000587,2025-07-02 18:39:09.530779,Transfer,119681.4,INR,SUCCESS,Branch
T0002955,A000834,2026-08-06 12:09:11.530779,Deposit,230288.37,INR,SUCCESS,ATM
T0002956,A000824,2025-11-13 19:36:49.530779,Withdrawal,176342.22,INR,PENDING,Mobile
T0002957,A000058,2024-11-22 16:22:17.530779,Interest,104779.51,INR,PENDING,ATM
T0002958,A000648,2026-03-04 00:31:50.530779,Withdrawal,25624.31,INR,SUCCESS,Mobile
T0002959,A000921,2026-09-13 04:10:54.530779,Interest,230958.41,INR,SUCCESS,Mobile
T0002960,A000902,2024-11-13 07:11:26.530779,Interest,44147.59,INR,PENDING,Branch
T0002961,A000848,2024-11-28 18:58:36.530779,Interest,162210.17,INR,FAILED,ATM
T0002962,A000857,2025-12-31 12:15:01.530779,Withdrawal,215408.2,INR,SUCCESS,Mobile
T0002963,A000430,2026-06-22 02:12:51.530779,Fee,174662.27,INR,FAILED,Mobile
T0002964,A001106,2026-04-13 17:12:23.530779,Deposit,226552.06,INR,FAILED,Online
T0002965,A000711,2025-08-12 10:18:30.530779,Fee,215455.35,INR,FAILED,Branch
T0002966,A000725,2025-10-10 07:51:47.530779,Payment,81593.26,INR,FAILED,Online
T0002967,A000339,2026-03-09 00:28:29.530779,Interest,213643.15,INR,PENDING,Mobile
T0002968,A000156,2025-09-01 04:30:30.530779,Withdrawal,228726.06,INR,PENDING,Branch
T0002969,A000085,2025-12-07 20:41:31.530779,Transfer,208561.86,INR,PENDING,ATM
T0002970,A001464,2025-10-24 20:53:09.530779,Fee,131540.44,INR,FAILED,Mobile
T0002971,A000321,2026-03-23 17:41:17.530779,Interest,210190.59,INR,FAILED,Branch
T0002972,A000316,2024-10-26 11:23:00.530779,Deposit,60710.47,INR,PENDING,Mobile
T0002973,A001264,2026-08-11 05:31:47.530779,Fee,138916.41,INR,FAILED,Online
T0002974,A000327,2025-03-10 07:03:38.530779,Deposit,52075.49,INR,FAILED,Branch
T0002975,A000601,2026-03-09 15:19:15.530779,Withdrawal,196933.24,INR,PENDING,Branch
T0002976,A000279,2026-04-01 13:35:58.530779,Payment,236190.79,INR,PENDING,ATM
T0002977,A000295,2025-03-29 16:35:05.530779,Fee,115745.83,INR,FAILED,Online
T0002978,A000013,2025-05-27 04:52:25.530779,Fee,248485.95,INR,FAILED,Branch
T0002979,A000551,2026-04-17 07:40:32.530779,Payment,242490.32,INR,PENDING,Online
T0002980,A001364,2025-11-10 06:03:19.530779,Fee,56966.24,INR,SUCCESS,ATM
T0002981,A000711,2026-07-05 22:29:12.530779,Interest,176087.8,INR,FAILED,Mobile
T0002982,A000356,2025-09-05 14:54:47.530779,Withdrawal,238514.55,INR,SUCCESS,Branch
T0002983,A001462,2026-02-13 22:53:16.530779,Deposit,14078.07,INR,FAILED,Mobile
T0002984,A000731,2025-09-02 18:45:10.530779,Interest,146044.41,INR,SUCCESS,Online
T0002985,A000452,2025-01-26 16:15:37.530779,Interest,159043.49,INR,SUCCESS,Mobile
T0002986,A000918,2026-04-06 11:58:05.530779,Deposit,78111.9,INR,SUCCESS,ATM
T0002987,A000679,2024-11-01 04:58:39.530779,Transfer,84504.01,INR,FAILED,Mobile
T0002988,A000939,2026-05-05 15:48:30.530779,Interest,9765.51,INR,SUCCESS,Online
T0002989,A001143,2025-11-19 16:47:03.530779,Fee,213466.85,INR,SUCCESS,ATM
T0002990,A001306,2026-05-10 14:46:09.530779,Transfer,99992.76,INR,PENDING,Branch
T0002991,A000801,2025-05-16 18:38:24.530779,Transfer,95090.4,INR,SUCCESS,ATM
T0002992,A001375,2025-07-02 18:10:33.530779,Transfer,186557.36,INR,FAILED,Branch
T0002993,A000384,2025-05-11 06:58:26.530779,Interest,44661.12,INR,SUCCESS,Mobile
T0002994,A001234,2025-07-07 19:14:55.530779,Transfer,88127.09,INR,FAILED,Branch
T0002995,A001351,2024-10-18 23:48:50.530779,Payment,222802.8,INR,SUCCESS,ATM
T0002996,A001215,2025-08-06 20:38:38.530779,Interest,210482.81,INR,SUCCESS,Branch
T0002997,A001000,2025-06-28 00:35:09.530779,Payment,6104.96,INR,PENDING,ATM
T0002998,A000175,2025-04-19 01:34:58.530779,Withdrawal,236019.26,INR,SUCCESS,Mobile
T0002999,A001048,2025-05-28 20:23:52.530779,Deposit,173482.89,INR,SUCCESS,Branch
T0003000,A000295,2024-12-22 13:06:57.530779,Fee,56039.03,INR,FAILED,Branch
T0003001,A000110,2026-04-05 22:10:06.530779,Transfer,222784.02,INR,PENDING,Online
T0003002,A001380,2024-10-29 19:07:13.530779,Deposit,236666.78,INR,FAILED,Mobile
T0003003,A000574,2025-04-19 16:04:09.530779,Withdrawal,81586.74,INR,FAILED,Online
T0003004,A001344,2025-01-30 22:34:52.530779,Payment,122801.44,INR,PENDING,Branch
T0003005,A000781,2024-12-01 11:02:06.530779,Transfer,152077.42,INR,PENDING,ATM
T0003006,A001368,2026-01-06 20:35:45.530779,Transfer,88427.96,INR,FAILED,ATM
T0003007,A001253,2026-04-24 11:55:36.530779,Fee,92776.3,INR,FAILED,Online
T0003008,A001329,2025-09-05 11:13:59.530779,Withdrawal,172113.4,INR,FAILED,Mobile
T0003009,A000170,2026-04-19 22:25:22.530779,Payment,28771.76,INR,PENDING,ATM
T0003010,A001146,2025-07-10 02:08:04.530779,Withdrawal,156103.98,INR,SUCCESS,ATM
T0003011,A000294,2025-02-01 12:47:24.530779,Deposit,235606.81,INR,PENDING,Mobile
T0003012,A001332,2024-12-05 13:47:14.530779,Transfer,24160.55,INR,SUCCESS,Mobile
T0003013,A000767,2024-12-23 10:19:43.530779,Payment,73919.51,INR,FAILED,ATM
T0003014,A000419,2025-02-19 01:36:54.530779,Deposit,197394.05,INR,PENDING,Mobile
T0003015,A000790,2026-01-17 22:23:28.530779,Fee,220438.81,INR,FAILED,Mobile
T0003016,A001497,2024-10-16 18:06:10.530779,Fee,35459.99,INR,SUCCESS,Mobile
T0003017,A000353,2025-09-26 08:14:20.530779,Interest,234304.31,INR,SUCCESS,ATM
T0003018,A001439,2025-07-08 23:46:44.530779,Withdrawal,145729.11,INR,FAILED,Mobile
T0003019,A000046,2025-07-13 22:52:33.530779,Fee,62703.57,INR,SUCCESS,Online
T0003020,A000741,2026-04-07 00:50:28.530779,Interest,207630.23,INR,SUCCESS,ATM
T0003021,A000650,2026-01-22 20:14:35.530779,Fee,142088.96,INR,PENDING,Online
T0003022,A001245,2025-07-06 16:50:56.530779,Transfer,22226.3,INR,PENDING,Mobile
T0003023,A000620,2025-02-24 11:15:32.530779,Payment,2139.45,INR,PENDING,Online
T0003024,A000620,2025-01-14 06:51:16.530779,Interest,240811.84,INR,SUCCESS,ATM
T0003025,A000969,2026-02-16 12:47:13.530779,Deposit,50611.94,INR,PENDING,Branch
T0003026,A000946,2026-08-29 05:50:00.530779,Payment,136761.49,INR,SUCCESS,Mobile
T0003027,A000595,2026-02-07 08:08:19.530779,Withdrawal,29082.04,INR,SUCCESS,Mobile
T0003028,A001269,2024-10-16 05:27:07.530779,Deposit,220724.5,INR,PENDING,Mobile
T0003029,A000459,2026-02-16 02:28:20.530779,Deposit,23157.51,INR,PENDING,ATM
T0003030,A000334,2026-04-16 00:40:49.530779,Fee,131458.06,INR,PENDING,Online
T0003031,A001321,2026-04-12 19:16:23.530779,Fee,177880.03,INR,PENDING,Branch
T0003032,A000619,2026-08-14 14:26:08.530779,Transfer,39530.04,INR,SUCCESS,Online
T0003033,A001209,2026-08-13 20:23:25.530779,Deposit,128332.92,INR,SUCCESS,Mobile
T0003034,A000804,2025-04-04 11:06:50.530779,Fee,181792.31,INR,PENDING,Mobile
T0003035,A000311,2024-12-25 15:31:54.530779,Withdrawal,190117.8,INR,PENDING,Branch
T0003036,A000616,2026-02-02 01:23:21.530779,Interest,220010.99,INR,SUCCESS,Branch
T0003037,A001342,2024-12-15 23:50:32.530779,Withdrawal,172726.34,INR,PENDING,Online
T0003038,A001037,2026-06-15 03:37:18.530779,Payment,72711.5,INR,FAILED,Online
T0003039,A001480,2025-01-12 08:08:14.530779,Withdrawal,195452.22,INR,SUCCESS,Mobile
T0003040,A001214,2025-06-25 09:01:22.530779,Transfer,107521.35,INR,FAILED,Online
T0003041,A000973,2025-06-09 18:20:02.530779,Payment,86301.1,INR,PENDING,Branch
T0003042,A001441,2025-12-28 12:03:14.530779,Withdrawal,89590.68,INR,PENDING,Branch
T0003043,A000155,2025-02-22 07:39:39.530779,Payment,189000.07,INR,SUCCESS,Online
T0003044,A000402,2025-10-28 00:22:45.530779,Interest,124416.03,INR,PENDING,Online
T0003045,A001376,2024-12-24 23:10:46.530779,Interest,244153.11,INR,SUCCESS,ATM
T0003046,A000064,2026-08-27 15:25:50.530779,Withdrawal,189947.07,INR,PENDING,Branch
T0003047,A000870,2025-04-18 01:37:45.530779,Payment,217424.62,INR,SUCCESS,Online
T0003048,A001245,2025-09-08 21:02:56.530779,Transfer,100708.16,INR,PENDING,Branch
T0003049,A000503,2025-10-31 21:26:30.530779,Interest,34317.51,INR,SUCCESS,Mobile
T0003050,A000122,2026-08-27 16:13:17.530779,Deposit,123338.75,INR,PENDING,ATM
T0003051,A000055,2026-03-08 23:45:11.530779,Fee,123919.81,INR,SUCCESS,ATM
T0003052,A001146,2026-07-23 01:11:49.530779,Payment,49555.39,INR,SUCCESS,Mobile
T0003053,A000063,2025-07-22 07:16:30.530779,Payment,84477.55,INR,PENDING,Branch
T0003054,A001426,2025-07-17 09:49:01.530779,Fee,173403.03,INR,PENDING,Mobile
T0003055,A000351,2026-06-20 23:08:04.530779,Withdrawal,117083.26,INR,PENDING,Online
T0003056,A000382,2026-05-04 17:22:28.530779,Withdrawal,131197.27,INR,FAILED,Mobile
T0003057,A001128,2026-08-23 13:02:24.530779,Transfer,185699.36,INR,FAILED,ATM
T0003058,A001271,2025-01-13 07:07:56.530779,Deposit,223551.93,INR,FAILED,Online
T0003059,A001064,2025-04-27 10:44:44.530779,Withdrawal,194593.54,INR,SUCCESS,Branch
T0003060,A001149,2026-02-09 19:11:12.530779,Withdrawal,136996.25,INR,FAILED,Mobile
T0003061,A001301,2025-10-30 19:54:45.530779,Withdrawal,36428.0,INR,SUCCESS,Online
T0003062,A001424,2024-10-23 08:49:34.530779,Withdrawal,102857.51,INR,FAILED,ATM
T0003063,A000847,2026-03-05 10:45:34.530779,Payment,224656.65,INR,FAILED,Branch
T0003064,A000202,2026-01-24 09:06:17.530779,Payment,57798.98,INR,SUCCESS,Mobile
T0003065,A000467,2024-10-29 14:00:16.530779,Deposit,114396.37,INR,FAILED,Mobile
T0003066,A000985,2026-05-01 15:31:53.530779,Payment,9425.37,INR,FAILED,ATM
T0003067,A000010,2026-02-27 10:25:16.530779,Fee,25949.31,INR,PENDING,ATM
T0003068,A000758,2025-06-06 02:19:21.530779,Payment,44647.83,INR,SUCCESS,ATM
T0003069,A001440,2026-09-18 07:13:37.530779,Payment,222918.95,INR,SUCCESS,Branch
T0003070,A000243,2026-03-25 13:18:30.530779,Deposit,76798.24,INR,SUCCESS,Mobile
T0003071,A000183,2025-10-09 02:12:03.530779,Fee,151932.2,INR,FAILED,Online
T0003072,A000696,2025-08-26 11:52:11.530779,Interest,157685.08,INR,FAILED,ATM
T0003073,A000816,2025-06-11 05:49:01.530779,Fee,242447.18,INR,FAILED,ATM
T0003074,A000926,2025-05-15 17:37:38.530779,Deposit,247160.79,INR,SUCCESS,Mobile
T0003075,A001295,2025-07-14 09:21:27.530779,Interest,78758.75,INR,FAILED,ATM
T0003076,A000869,2026-08-11 14:22:00.530779,Deposit,2315.79,INR,SUCCESS,Online
T0003077,A000848,2024-12-23 21:18:35.530779,Interest,244856.56,INR,SUCCESS,Branch
T0003078,A001071,2025-02-20 07:27:32.530779,Payment,199985.47,INR,FAILED,ATM
T0003079,A001415,2026-08-24 04:00:21.530779,Deposit,162943.1,INR,PENDING,Branch
T0003080,A001087,2025-04-20 13:38:58.530779,Withdrawal,133816.32,INR,PENDING,Online
T0003081,A001391,2026-05-07 11:15:22.530779,Interest,112800.27,INR,PENDING,Mobile
T0003082,A001467,2025-06-11 00:29:55.530779,Fee,143439.32,INR,FAILED,ATM
T0003083,A000233,2024-10-23 19:13:15.530779,Deposit,47325.08,INR,PENDING,ATM
T0003084,A000564,2024-10-09 08:11:14.530779,Fee,157128.33,INR,PENDING,ATM
T0003085,A000950,2025-04-01 16:40:54.530779,Deposit,3997.37,INR,FAILED,Mobile
T0003086,A000678,2026-01-31 20:11:50.530779,Interest,165225.53,INR,FAILED,Online
T0003087,A001217,2025-07-29 06:01:40.530779,Transfer,63845.25,INR,PENDING,Branch
T0003088,A000675,2025-12-02 20:24:12.530779,Transfer,34633.22,INR,SUCCESS,Branch
T0003089,A000892,2026-09-02 12:18:28.530779,Withdrawal,118715.2,INR,SUCCESS,Online
T0003090,A000850,2024-10-02 03:30:57.530779,Interest,222259.51,INR,PENDING,Online
T0003091,A000420,2026-07-15 15:41:51.530779,Transfer,76577.64,INR,PENDING,ATM
T0003092,A001199,2026-09-03 11:02:27.530779,Withdrawal,58635.3,INR,PENDING,Online
T0003093,A001129,2025-11-13 07:10:44.530779,Withdrawal,205845.69,INR,FAILED,ATM
T0003094,A000997,2026-02-28 21:29:39.530779,Interest,22864.99,INR,PENDING,Online
T0003095,A000912,2024-11-13 02:43:26.530779,Deposit,116334.31,INR,SUCCESS,Mobile
T0003096,A000582,2026-08-20 22:06:37.530779,Interest,164062.68,INR,FAILED,Branch
T0003097,A000084,2024-12-05 08:08:44.530779,Transfer,218501.8,INR,PENDING,ATM
T0003098,A000185,2026-04-15 09:41:26.530779,Interest,230258.32,INR,FAILED,Mobile
T0003099,A000503,2026-06-22 22:37:30.530779,Transfer,178436.89,INR,SUCCESS,Mobile
T0003100,A000990,2026-07-07 07:11:38.530779,Withdrawal,168658.28,INR,FAILED,ATM
T0003101,A001008,2025-11-09 23:24:07.530779,Fee,248387.25,INR,SUCCESS,Mobile
T0003102,A000850,2024-11-08 04:28:21.530779,Transfer,94651.44,INR,PENDING,Branch
T0003103,A000197,2026-09-18 16:37:37.530779,Deposit,85478.67,INR,PENDING,Mobile
T0003104,A000960,2024-11-25 18:31:56.530779,Deposit,168816.43,INR,PENDING,ATM
T0003105,A000999,2024-12-02 23:30:10.530779,Interest,144256.75,INR,SUCCESS,Branch
T0003106,A000616,2025-01-20 02:11:55.530779,Payment,64523.0,INR,FAILED,Online
T0003107,A001034,2025-01-03 20:38:17.530779,Withdrawal,15181.62,INR,PENDING,Branch
T0003108,A000354,2025-09-26 10:28:36.530779,Interest,191884.85,INR,FAILED,Mobile
T0003109,A001120,2026-08-07 18:13:21.530779,Interest,191372.04,INR,PENDING,Mobile
T0003110,A001478,2025-05-24 17:31:33.530779,Interest,120764.89,INR,FAILED,Branch
T0003111,A000116,2026-01-01 23:36:05.530779,Payment,140123.34,INR,SUCCESS,Mobile
T0003112,A000354,2025-09-03 08:14:57.530779,Transfer,232862.23,INR,SUCCESS,Online
T0003113,A000064,2026-07-17 19:38:00.530779,Fee,242231.16,INR,SUCCESS,Branch
T0003114,A001200,2026-01-27 20:14:45.530779,Deposit,153664.73,INR,PENDING,Branch
T0003115,A000304,2025-11-15 00:08:24.530779,Fee,107651.4,INR,PENDING,Mobile
T0003116,A001170,2026-04-05 07:15:26.530779,Interest,249365.05,INR,FAILED,Online
T0003117,A000825,2025-11-13 10:37:21.530779,Interest,132448.67,INR,SUCCESS,Online
T0003118,A001399,2024-10-04 06:18:26.530779,Interest,118149.4,INR,PENDING,Online
T0003119,A000504,2025-12-21 01:07:38.530779,Payment,130094.76,INR,SUCCESS,Branch
T0003120,A001188,2026-09-11 15:15:14.530779,Withdrawal,41138.92,INR,FAILED,Online
T0003121,A000481,2026-04-27 18:10:27.530779,Transfer,126201.3,INR,PENDING,Mobile
T0003122,A001008,2026-08-09 15:16:26.530779,Interest,76186.66,INR,FAILED,Branch
T0003123,A001261,2026-08-21 05:50:13.530779,Payment,86968.53,INR,FAILED,ATM
T0003124,A000697,2026-08-10 09:13:26.530779,Payment,79233.85,INR,SUCCESS,Branch
T0003125,A000739,2026-01-15 13:49:00.530779,Interest,69116.55,INR,PENDING,Mobile
T0003126,A000915,2026-02-16 03:10:40.530779,Fee,67934.42,INR,FAILED,ATM
T0003127,A000397,2024-09-23 00:53:54.530779,Transfer,83527.69,INR,SUCCESS,Mobile
T0003128,A000896,2024-11-21 06:11:51.530779,Withdrawal,99360.76,INR,SUCCESS,Online
T0003129,A000797,2025-04-29 03:58:49.530779,Interest,238013.61,INR,FAILED,ATM
T0003130,A000908,2025-03-14 12:56:41.530779,Withdrawal,60456.37,INR,PENDING,Online
T0003131,A000081,2026-01-05 08:49:09.530779,Interest,95336.21,INR,FAILED,Online
T0003132,A000703,2025-12-07 18:10:39.530779,Withdrawal,161859.3,INR,FAILED,Branch
T0003133,A000754,2025-11-03 16:51:20.530779,Deposit,31373.58,INR,PENDING,Mobile
T0003134,A001178,2026-01-26 22:28:17.530779,Fee,245862.76,INR,SUCCESS,ATM
T0003135,A001482,2025-04-22 13:58:20.530779,Payment,150159.74,INR,SUCCESS,Mobile
T0003136,A000890,2025-02-06 17:21:46.530779,Withdrawal,54353.13,INR,FAILED,Mobile
T0003137,A000727,2025-02-20 18:49:38.530779,Interest,100121.68,INR,PENDING,Mobile
T0003138,A000449,2026-01-09 04:31:10.530779,Payment,168574.93,INR,SUCCESS,ATM
T0003139,A000209,2026-05-06 06:59:54.530779,Deposit,58346.1,INR,SUCCESS,Branch
T0003140,A000015,2026-09-05 01:21:58.530779,Fee,173262.3,INR,FAILED,Mobile
T0003141,A000515,2026-07-22 06:59:17.530779,Deposit,51183.05,INR,FAILED,Online
T0003142,A000392,2025-06-20 06:37:13.530779,Withdrawal,221733.61,INR,SUCCESS,Online
T0003143,A001101,2026-06-29 22:14:53.530779,Fee,52714.47,INR,FAILED,ATM
T0003144,A000169,2025-11-02 22:32:05.530779,Withdrawal,90075.84,INR,FAILED,Online
T0003145,A000449,2025-06-22 16:20:59.530779,Payment,25346.81,INR,PENDING,ATM
T0003146,A000978,2026-08-24 03:34:04.530779,Payment,142884.57,INR,FAILED,Online
T0003147,A000791,2026-07-20 22:17:16.530779,Transfer,92445.32,INR,PENDING,ATM
T0003148,A001491,2025-07-31 10:26:27.530779,Interest,36105.46,INR,FAILED,Branch
T0003149,A000456,2026-08-02 19:04:02.530779,Payment,155218.94,INR,SUCCESS,Branch
T0003150,A000662,2025-07-13 00:31:32.530779,Withdrawal,178350.79,INR,PENDING,Branch
T0003151,A001234,2025-04-10 23:00:39.530779,Payment,130646.45,INR,FAILED,Mobile
T0003152,A001078,2025-06-16 04:15:49.530779,Fee,53424.83,INR,PENDING,Online
T0003153,A000936,2025-05-04 21:23:31.530779,Fee,227553.59,INR,FAILED,Mobile
T0003154,A000165,2026-08-14 07:07:10.530779,Interest,93136.38,INR,SUCCESS,Mobile
T0003155,A001045,2024-12-25 21:03:03.530779,Transfer,189414.47,INR,PENDING,Branch
T0003156,A000166,2025-09-08 12:38:18.530779,Interest,171268.52,INR,SUCCESS,Mobile
T0003157,A000812,2025-08-24 23:51:16.530779,Payment,108656.95,INR,PENDING,Branch
T0003158,A000826,2026-07-05 00:46:11.530779,Interest,114489.89,INR,FAILED,Branch
T0003159,A000192,2025-11-21 16:34:44.530779,Transfer,207226.66,INR,PENDING,Branch
T0003160,A001146,2025-05-30 04:36:39.530779,Fee,89657.88,INR,PENDING,Online
T0003161,A001081,2024-09-20 07:50:37.530779,Transfer,46381.1,INR,SUCCESS,Branch
T0003162,A000313,2025-10-15 05:34:42.530779,Deposit,81381.06,INR,PENDING,Branch
T0003163,A000605,2025-05-25 15:30:48.530779,Withdrawal,143232.97,INR,FAILED,Mobile
T0003164,A000527,2026-05-23 21:24:35.530779,Fee,84270.54,INR,PENDING,ATM
T0003165,A001140,2024-09-27 06:44:58.530779,Fee,87031.8,INR,PENDING,ATM
T0003166,A000892,2025-11-18 12:37:11.530779,Interest,163264.26,INR,SUCCESS,Online
T0003167,A001052,2026-01-14 01:32:54.530779,Payment,54378.39,INR,SUCCESS,Mobile
T0003168,A001357,2024-12-22 00:00:02.530779,Withdrawal,184101.7,INR,FAILED,Mobile
T0003169,A000454,2025-10-14 13:07:13.530779,Interest,185751.97,INR,SUCCESS,ATM
T0003170,A000945,2025-10-24 23:20:34.530779,Withdrawal,179982.12,INR,SUCCESS,Mobile
T0003171,A001035,2025-04-17 09:48:31.530779,Payment,67048.64,INR,SUCCESS,Online
T0003172,A000011,2025-11-30 13:40:51.530779,Deposit,145107.05,INR,SUCCESS,Online
T0003173,A001064,2025-07-26 19:24:26.530779,Payment,99142.97,INR,PENDING,Online
T0003174,A000316,2025-12-16 06:59:51.530779,Payment,77454.49,INR,FAILED,Mobile
T0003175,A001053,2026-08-01 16:30:21.530779,Transfer,153548.02,INR,PENDING,ATM
T0003176,A000883,2024-12-22 17:03:48.530779,Deposit,196744.32,INR,PENDING,Online
T0003177,A001016,2026-05-26 06:37:54.530779,Deposit,229622.44,INR,FAILED,ATM
T0003178,A000221,2026-07-05 19:47:24.530779,Deposit,71462.48,INR,FAILED,Mobile
T0003179,A000892,2025-06-25 14:39:54.530779,Fee,208864.36,INR,FAILED,Branch
T0003180,A001106,2025-04-26 07:56:30.530779,Payment,192051.57,INR,SUCCESS,ATM
T0003181,A001173,2025-01-31 17:40:34.530779,Deposit,164829.31,INR,FAILED,Branch
T0003182,A001133,2025-09-08 02:37:43.530779,Withdrawal,110681.26,INR,FAILED,Branch
T0003183,A001216,2025-12-17 02:43:36.530779,Fee,230598.54,INR,PENDING,Mobile
T0003184,A000503,2025-12-19 09:23:05.530779,Transfer,88754.57,INR,PENDING,Branch
T0003185,A001268,2026-02-22 11:02:25.530779,Withdrawal,125890.64,INR,FAILED,Mobile
T0003186,A000307,2025-08-17 01:31:55.530779,Withdrawal,11365.19,INR,PENDING,Branch
T0003187,A001246,2025-07-04 13:44:53.530779,Interest,41433.35,INR,SUCCESS,ATM
T0003188,A000515,2025-05-15 12:28:31.530779,Fee,101484.52,INR,FAILED,Mobile
T0003189,A000210,2025-01-12 06:13:31.530779,Interest,88981.75,INR,SUCCESS,Mobile
T0003190,A000131,2026-02-18 15:52:52.530779,Deposit,130326.14,INR,SUCCESS,Mobile
T0003191,A000860,2025-08-24 10:43:42.530779,Fee,72755.27,INR,FAILED,Online
T0003192,A000121,2025-07-23 20:48:57.530779,Withdrawal,119287.16,INR,FAILED,Branch
T0003193,A000882,2025-06-29 16:09:39.530779,Interest,228510.13,INR,SUCCESS,Online
T0003194,A000382,2025-11-30 02:22:50.530779,Withdrawal,29036.51,INR,FAILED,Online
T0003195,A001394,2025-05-21 20:20:52.530779,Payment,174718.26,INR,FAILED,Branch
T0003196,A001457,2026-09-17 17:43:56.530779,Interest,17625.46,INR,PENDING,Online
T0003197,A000252,2024-11-02 10:27:00.530779,Transfer,130331.33,INR,SUCCESS,Mobile
T0003198,A000269,2025-04-29 13:00:09.530779,Fee,104054.37,INR,PENDING,Branch
T0003199,A000458,2024-09-21 03:05:06.530779,Fee,78517.45,INR,PENDING,Online
T0003200,A001201,2024-10-16 05:31:19.530779,Transfer,196372.55,INR,FAILED,Mobile
T0003201,A000217,2026-03-04 23:51:00.530779,Deposit,17238.12,INR,FAILED,ATM
T0003202,A001110,2026-01-09 02:52:34.530779,Deposit,227814.04,INR,PENDING,Online
T0003203,A000186,2025-10-19 23:14:35.530779,Fee,73871.38,INR,PENDING,Online
T0003204,A001281,2025-04-02 14:02:07.530779,Interest,93481.94,INR,FAILED,ATM
T0003205,A000195,2025-01-21 20:23:08.530779,Interest,203263.44,INR,PENDING,Mobile
T0003206,A001091,2026-05-03 14:25:18.530779,Payment,20462.83,INR,FAILED,Branch
T0003207,A000016,2024-12-07 17:00:56.530779,Fee,2965.89,INR,FAILED,Mobile
T0003208,A001449,2026-05-24 06:51:24.530779,Withdrawal,187828.27,INR,PENDING,ATM
T0003209,A001438,2024-10-07 17:17:02.530779,Deposit,150080.63,INR,SUCCESS,Mobile
T0003210,A000426,2026-05-18 07:26:21.530779,Withdrawal,18649.02,INR,SUCCESS,ATM
T0003211,A000335,2026-05-03 12:16:55.530779,Withdrawal,10618.6,INR,FAILED,Online
T0003212,A000437,2026-08-02 01:19:41.530779,Payment,218208.25,INR,SUCCESS,Branch
T0003213,A001070,2026-02-09 12:39:12.530779,Fee,87254.26,INR,SUCCESS,Branch
T0003214,A000015,2025-06-08 19:07:22.530779,Payment,99916.69,INR,SUCCESS,Mobile
T0003215,A001477,2025-11-18 04:12:35.530779,Deposit,162451.67,INR,SUCCESS,Branch
T0003216,A000151,2026-05-19 12:55:20.530779,Payment,79568.42,INR,PENDING,Online
T0003217,A000242,2025-03-11 03:26:24.530779,Fee,107962.25,INR,PENDING,Online
T0003218,A000249,2026-03-29 02:24:35.530779,Interest,182493.22,INR,PENDING,Mobile
T0003219,A001247,2026-08-16 21:48:19.530779,Withdrawal,48997.2,INR,SUCCESS,ATM
T0003220,A001041,2025-09-20 20:40:53.530779,Payment,145244.21,INR,SUCCESS,Online
T0003221,A000453,2025-12-03 04:54:50.530779,Deposit,197699.14,INR,PENDING,ATM
T0003222,A001137,2026-05-27 15:06:08.530779,Interest,171912.24,INR,PENDING,Online
T0003223,A001442,2024-10-10 20:38:37.530779,Payment,158353.14,INR,PENDING,Branch
T0003224,A000591,2026-04-03 01:11:29.530779,Transfer,7807.3,INR,SUCCESS,Online
T0003225,A000101,2024-11-25 04:33:43.530779,Withdrawal,198172.37,INR,SUCCESS,Online
T0003226,A000212,2025-11-08 09:24:29.530779,Interest,222500.2,INR,SUCCESS,ATM
T0003227,A000088,2025-06-08 14:15:00.530779,Fee,175397.16,INR,PENDING,Branch
T0003228,A000079,2025-01-02 08:46:25.530779,Fee,210210.98,INR,FAILED,Branch
T0003229,A000540,2026-04-20 11:17:12.530779,Transfer,141553.18,INR,FAILED,Online
T0003230,A001210,2025-11-06 23:50:59.530779,Interest,202907.6,INR,PENDING,ATM
T0003231,A000848,2026-02-15 00:41:37.530779,Withdrawal,173108.48,INR,FAILED,ATM
T0003232,A000886,2025-09-03 13:56:00.530779,Fee,139419.71,INR,PENDING,ATM
T0003233,A000084,2026-04-28 23:14:07.530779,Payment,64547.11,INR,PENDING,ATM
T0003234,A000294,2024-12-09 10:32:08.530779,Interest,154703.82,INR,SUCCESS,ATM
T0003235,A000931,2026-06-17 12:30:11.530779,Interest,110821.34,INR,FAILED,Mobile
T0003236,A001382,2025-08-09 06:21:58.530779,Interest,133460.14,INR,FAILED,Branch
T0003237,A000176,2025-10-24 21:26:59.530779,Fee,201624.89,INR,SUCCESS,Online
T0003238,A000586,2024-12-27 13:39:20.530779,Payment,34832.09,INR,PENDING,Branch
T0003239,A000602,2025-01-24 16:31:11.530779,Interest,178078.73,INR,PENDING,ATM
T0003240,A000276,2026-05-08 23:57:02.530779,Interest,96916.38,INR,PENDING,Branch
T0003241,A000248,2025-10-22 02:31:00.530779,Payment,96797.86,INR,PENDING,Branch
T0003242,A000389,2025-12-08 23:42:57.530779,Transfer,149231.35,INR,SUCCESS,ATM
T0003243,A001218,2025-11-03 19:23:43.530779,Interest,249480.68,INR,PENDING,Branch
T0003244,A000095,2026-01-27 23:06:42.530779,Deposit,99018.92,INR,FAILED,Mobile
T0003245,A001401,2026-02-11 17:18:30.530779,Transfer,11296.82,INR,SUCCESS,ATM
T0003246,A000423,2026-02-11 04:14:24.530779,Deposit,179227.94,INR,SUCCESS,ATM
T0003247,A000368,2025-02-18 09:23:15.530779,Withdrawal,85116.67,INR,FAILED,Branch
T0003248,A001068,2024-10-23 23:27:15.530779,Transfer,186306.7,INR,PENDING,ATM
T0003249,A000129,2026-05-27 13:38:45.530779,Payment,45020.23,INR,FAILED,Online
T0003250,A000017,2025-09-02 04:53:51.530779,Interest,90059.13,INR,PENDING,Mobile
T0003251,A000180,2025-08-24 06:40:56.530779,Withdrawal,179776.11,INR,PENDING,ATM
T0003252,A000035,2025-10-05 14:29:30.530779,Transfer,153193.63,INR,PENDING,Mobile
T0003253,A000497,2025-07-12 04:52:08.530779,Withdrawal,31806.16,INR,PENDING,Online
T0003254,A000175,2024-09-26 21:26:22.530779,Withdrawal,230347.07,INR,PENDING,ATM
T0003255,A001486,2025-06-11 07:39:56.530779,Deposit,198228.31,INR,FAILED,Online
T0003256,A001103,2025-07-04 00:33:24.530779,Payment,128047.23,INR,FAILED,Mobile
T0003257,A000954,2026-08-18 22:33:18.530779,Payment,147976.04,INR,PENDING,Mobile
T0003258,A000093,2026-08-26 10:29:16.530779,Withdrawal,24257.55,INR,SUCCESS,Branch
T0003259,A000468,2026-03-17 04:47:28.530779,Deposit,54330.99,INR,PENDING,Online
T0003260,A001338,2026-02-16 03:23:58.530779,Deposit,240032.52,INR,PENDING,Branch
T0003261,A000334,2025-02-21 10:44:33.530779,Payment,86016.53,INR,FAILED,Branch
T0003262,A000741,2025-04-30 11:32:05.530779,Fee,118420.5,INR,FAILED,ATM
T0003263,A000437,2025-01-28 14:36:43.530779,Interest,75196.87,INR,PENDING,Mobile
T0003264,A001284,2025-04-08 17:24:53.530779,Withdrawal,78710.35,INR,FAILED,Mobile
T0003265,A000660,2025-01-29 22:42:31.530779,Withdrawal,81801.2,INR,SUCCESS,Branch
T0003266,A000383,2026-03-13 19:42:45.530779,Fee,6408.04,INR,SUCCESS,Mobile
T0003267,A000749,2025-06-04 11:40:38.530779,Withdrawal,138549.33,INR,PENDING,Mobile
T0003268,A000326,2026-02-25 16:36:15.530779,Deposit,246754.15,INR,FAILED,Branch
T0003269,A000778,2026-01-17 15:16:20.530779,Payment,177176.97,INR,PENDING,Mobile
T0003270,A001015,2026-03-27 19:18:27.530779,Transfer,80306.13,INR,PENDING,Branch
T0003271,A000114,2024-12-09 04:08:23.530779,Interest,118212.25,INR,SUCCESS,Online
T0003272,A001468,2026-08-21 07:15:44.530779,Payment,138905.79,INR,PENDING,Mobile
T0003273,A001453,2025-01-03 12:57:07.530779,Withdrawal,99093.5,INR,SUCCESS,Online
T0003274,A001458,2026-01-25 10:11:21.530779,Deposit,64305.46,INR,FAILED,Mobile
T0003275,A000250,2024-09-23 22:34:10.530779,Deposit,201336.82,INR,SUCCESS,ATM
T0003276,A000292,2025-07-10 12:22:17.530779,Fee,197134.58,INR,PENDING,Branch
T0003277,A001450,2025-07-30 12:15:51.530779,Payment,78040.94,INR,SUCCESS,Mobile
T0003278,A001255,2024-11-29 21:05:53.530779,Payment,24261.5,INR,SUCCESS,ATM
T0003279,A000498,2025-05-10 07:41:49.530779,Transfer,196394.2,INR,FAILED,Mobile
T0003280,A001261,2026-06-19 15:09:45.530779,Payment,7219.76,INR,SUCCESS,Online
T0003281,A000620,2025-04-18 22:28:57.530779,Withdrawal,73693.75,INR,PENDING,Branch
T0003282,A001436,2025-09-28 19:11:22.530779,Transfer,203449.36,INR,PENDING,Branch
T0003283,A001087,2026-06-23 01:56:05.530779,Fee,126696.42,INR,FAILED,Branch
T0003284,A000237,2024-11-13 04:11:33.530779,Transfer,143214.62,INR,SUCCESS,Branch
T0003285,A000446,2026-06-03 08:43:05.530779,Payment,109332.52,INR,SUCCESS,Mobile
T0003286,A001195,2026-02-04 09:55:54.530779,Deposit,238149.26,INR,SUCCESS,Mobile
T0003287,A000343,2025-01-18 05:15:39.530779,Withdrawal,57355.03,INR,PENDING,ATM
T0003288,A000084,2025-06-17 19:41:59.530779,Payment,3543.64,INR,FAILED,Mobile
T0003289,A000640,2026-08-23 03:42:46.530779,Interest,235456.04,INR,PENDING,Mobile
T0003290,A000949,2025-10-30 19:39:25.530779,Transfer,115011.94,INR,PENDING,Branch
T0003291,A000941,2025-06-07 23:39:40.530779,Deposit,55372.9,INR,FAILED,Branch
T0003292,A000026,2025-09-16 14:04:24.530779,Deposit,168085.33,INR,FAILED,Branch
T0003293,A001126,2025-02-09 05:19:45.530779,Withdrawal,30124.54,INR,SUCCESS,Mobile
T0003294,A000436,2025-01-21 20:35:01.530779,Fee,103892.99,INR,PENDING,Mobile
T0003295,A000536,2026-01-25 19:39:28.530779,Payment,33502.46,INR,FAILED,Mobile
T0003296,A000405,2026-05-26 06:55:44.530779,Deposit,226586.95,INR,PENDING,ATM
T0003297,A000883,2026-07-11 20:46:23.530779,Fee,41608.33,INR,SUCCESS,Branch
T0003298,A000067,2025-11-04 13:53:12.530779,Transfer,135815.84,INR,SUCCESS,Online
T0003299,A000517,2025-03-25 06:47:51.530779,Interest,228545.05,INR,SUCCESS,ATM
T0003300,A001185,2026-03-07 09:31:07.530779,Fee,22983.93,INR,PENDING,ATM
T0003301,A000201,2025-12-07 12:13:34.530779,Withdrawal,241721.19,INR,SUCCESS,Online
T0003302,A000482,2024-10-19 13:35:05.530779,Payment,139376.83,INR,SUCCESS,Branch
T0003303,A000629,2026-09-14 00:07:12.530779,Fee,177609.3,INR,SUCCESS,Branch
T0003304,A001084,2025-06-05 22:13:05.530779,Deposit,20882.55,INR,FAILED,ATM
T0003305,A000741,2026-05-06 12:09:29.530779,Interest,246218.35,INR,PENDING,ATM
T0003306,A000342,2026-04-29 08:49:22.530779,Deposit,155703.95,INR,FAILED,Mobile
T0003307,A000840,2025-01-04 07:01:23.530779,Withdrawal,227406.53,INR,FAILED,ATM
T0003308,A000364,2026-05-03 17:30:28.530779,Payment,99997.3,INR,FAILED,Branch
T0003309,A000750,2026-01-20 17:12:03.530779,Fee,52478.97,INR,PENDING,Branch
T0003310,A000633,2024-12-02 07:01:29.530779,Deposit,121433.02,INR,PENDING,Online
T0003311,A000451,2026-05-11 12:01:41.530779,Fee,5969.36,INR,PENDING,ATM
T0003312,A001007,2025-03-22 15:10:14.530779,Withdrawal,48077.95,INR,PENDING,Online
T0003313,A000832,2026-08-16 17:16:11.530779,Deposit,90893.53,INR,SUCCESS,Online
T0003314,A000168,2024-12-25 02:09:34.530779,Withdrawal,152486.41,INR,FAILED,ATM
T0003315,A000631,2026-03-11 23:26:14.530779,Transfer,45938.83,INR,SUCCESS,Branch
T0003316,A001267,2025-06-04 17:36:41.530779,Withdrawal,189559.36,INR,FAILED,Online
T0003317,A001488,2024-12-17 23:31:17.530779,Fee,237695.17,INR,SUCCESS,Branch
T0003318,A001442,2025-06-03 16:11:13.530779,Fee,4735.19,INR,PENDING,Online
T0003319,A000460,2025-09-05 16:56:57.530779,Fee,165403.99,INR,SUCCESS,Branch
T0003320,A001173,2025-12-29 21:45:04.530779,Payment,115501.3,INR,SUCCESS,Branch
T0003321,A000075,2025-12-26 06:02:15.530779,Fee,168928.57,INR,SUCCESS,Online
T0003322,A000939,2025-03-24 06:28:49.530779,Withdrawal,108143.87,INR,SUCCESS,Mobile
T0003323,A001043,2024-11-17 12:40:33.530779,Payment,141946.69,INR,FAILED,Mobile
T0003324,A001271,2025-06-20 12:38:53.530779,Payment,25979.22,INR,PENDING,ATM
T0003325,A001266,2025-09-25 15:35:31.530779,Withdrawal,39323.25,INR,FAILED,Branch
T0003326,A000237,2024-09-27 03:44:42.530779,Interest,83977.14,INR,PENDING,Online
T0003327,A000422,2026-01-10 17:36:07.530779,Interest,202112.78,INR,PENDING,Branch
T0003328,A000869,2024-09-24 20:46:24.530779,Fee,85148.9,INR,PENDING,Branch
T0003329,A001073,2024-11-23 00:42:03.530779,Transfer,168420.21,INR,FAILED,Mobile
T0003330,A000776,2025-09-10 17:40:06.530779,Payment,215511.91,INR,PENDING,ATM
T0003331,A000842,2025-04-25 06:30:44.530779,Transfer,67958.32,INR,FAILED,Online
T0003332,A000412,2025-03-11 13:21:43.530779,Withdrawal,122551.56,INR,FAILED,Branch
T0003333,A000807,2025-09-14 21:04:30.530779,Transfer,183864.44,INR,PENDING,Branch
T0003334,A000789,2026-07-23 13:31:42.530779,Fee,64894.81,INR,PENDING,ATM
T0003335,A000715,2025-12-17 02:16:48.530779,Transfer,210505.63,INR,PENDING,Mobile
T0003336,A000518,2025-06-28 15:34:16.530779,Transfer,161978.84,INR,PENDING,Mobile
T0003337,A000747,2025-06-06 00:17:07.530779,Withdrawal,110726.62,INR,SUCCESS,Online
T0003338,A001392,2026-04-15 09:21:53.530779,Interest,131102.16,INR,FAILED,ATM
T0003339,A001278,2025-05-10 22:47:31.530779,Transfer,83258.26,INR,SUCCESS,Mobile
T0003340,A000573,2025-12-15 12:09:01.530779,Fee,216738.21,INR,SUCCESS,Branch
T0003341,A000768,2026-03-10 23:41:40.530779,Withdrawal,133070.73,INR,SUCCESS,ATM
T0003342,A000387,2025-11-06 20:33:32.530779,Withdrawal,180431.73,INR,SUCCESS,Mobile
T0003343,A000778,2025-11-10 21:18:17.530779,Transfer,244006.87,INR,PENDING,Online
T0003344,A000060,2026-09-03 09:30:12.530779,Payment,55430.6,INR,SUCCESS,Online
T0003345,A000721,2025-06-28 02:36:35.530779,Deposit,180455.51,INR,FAILED,Mobile
T0003346,A000061,2025-03-19 08:48:24.530779,Transfer,25929.61,INR,PENDING,Mobile
T0003347,A001058,2025-11-11 12:34:17.530779,Withdrawal,217350.39,INR,FAILED,Branch
T0003348,A000597,2025-04-18 06:47:13.530779,Payment,116873.05,INR,PENDING,Branch
T0003349,A000885,2025-06-19 13:46:39.530779,Interest,9431.95,INR,SUCCESS,Mobile
T0003350,A001169,2026-01-30 06:35:09.530779,Fee,118686.81,INR,SUCCESS,ATM
T0003351,A000110,2026-05-21 04:46:04.530779,Interest,238736.29,INR,PENDING,ATM
T0003352,A000182,2024-11-30 01:22:20.530779,Deposit,44841.91,INR,FAILED,Branch
T0003353,A001093,2024-11-04 17:00:44.530779,Deposit,170547.19,INR,PENDING,ATM
T0003354,A000613,2025-01-15 13:41:31.530779,Fee,65666.47,INR,FAILED,Branch
T0003355,A000962,2026-04-22 22:30:24.530779,Withdrawal,129640.57,INR,SUCCESS,Online
T0003356,A000540,2025-12-01 02:36:13.530779,Transfer,53819.22,INR,FAILED,Branch
T0003357,A000553,2026-07-23 12:56:39.530779,Interest,236625.44,INR,PENDING,Mobile
T0003358,A000705,2025-09-04 00:15:50.530779,Interest,189374.56,INR,PENDING,Mobile
T0003359,A000381,2025-11-13 00:35:00.530779,Payment,7345.43,INR,FAILED,Branch
T0003360,A000964,2025-08-28 15:11:01.530779,Deposit,120273.25,INR,PENDING,Online
T0003361,A000374,2025-03-02 21:15:50.530779,Withdrawal,220773.25,INR,FAILED,Online
T0003362,A000225,2025-05-01 20:10:54.530779,Withdrawal,46982.05,INR,FAILED,ATM
T0003363,A001321,2025-09-27 21:12:35.530779,Fee,130277.23,INR,FAILED,Online
T0003364,A000509,2026-09-06 06:58:10.530779,Payment,102865.36,INR,PENDING,Branch
T0003365,A001421,2024-09-29 11:36:24.530779,Fee,194647.51,INR,SUCCESS,Branch
T0003366,A000092,2026-05-05 01:50:13.530779,Interest,200680.87,INR,FAILED,ATM
T0003367,A000876,2025-01-19 00:31:12.530779,Transfer,10303.22,INR,SUCCESS,Branch
T0003368,A001102,2026-03-14 06:53:32.530779,Interest,161407.29,INR,FAILED,ATM
T0003369,A000022,2026-02-26 06:34:31.530779,Withdrawal,63650.87,INR,FAILED,Branch
T0003370,A000673,2025-04-26 15:11:20.530779,Interest,71258.59,INR,PENDING,Online
T0003371,A001271,2025-07-15 08:58:47.530779,Withdrawal,119854.29,INR,PENDING,Online
T0003372,A000388,2026-06-10 23:47:21.530779,Deposit,216731.15,INR,PENDING,Mobile
T0003373,A000525,2026-07-31 13:37:37.530779,Withdrawal,184865.35,INR,SUCCESS,Branch
T0003374,A000667,2026-02-06 18:20:05.530779,Interest,156081.32,INR,FAILED,ATM
T0003375,A001129,2025-06-20 00:56:43.530779,Fee,164781.36,INR,FAILED,Mobile
T0003376,A000382,2024-10-14 06:42:26.530779,Interest,8515.21,INR,PENDING,ATM
T0003377,A001461,2025-12-09 23:36:50.530779,Transfer,38713.32,INR,PENDING,Online
T0003378,A000326,2025-01-25 12:35:41.530779,Withdrawal,208367.92,INR,PENDING,Online
T0003379,A001225,2025-01-31 21:31:52.530779,Interest,155650.41,INR,FAILED,Mobile
T0003380,A001230,2025-05-02 00:12:20.530779,Withdrawal,227572.6,INR,FAILED,Branch
T0003381,A000007,2025-09-16 09:04:04.530779,Withdrawal,7434.97,INR,PENDING,Online
T0003382,A000124,2025-09-16 09:26:53.530779,Withdrawal,170686.07,INR,SUCCESS,Mobile
T0003383,A000299,2024-10-16 03:42:22.530779,Interest,152353.56,INR,SUCCESS,Online
T0003384,A000009,2026-04-14 11:18:41.530779,Deposit,73122.33,INR,SUCCESS,Online
T0003385,A000287,2026-08-01 18:47:15.530779,Interest,9841.61,INR,PENDING,Branch
T0003386,A000114,2026-03-03 04:01:41.530779,Transfer,132133.54,INR,SUCCESS,Online
T0003387,A000115,2026-04-23 08:04:36.530779,Transfer,74400.7,INR,FAILED,Branch
T0003388,A000736,2025-04-30 18:13:25.530779,Payment,189146.14,INR,FAILED,Branch
T0003389,A001077,2025-04-17 20:47:52.530779,Interest,37675.2,INR,PENDING,ATM
T0003390,A000485,2026-07-05 11:21:00.530779,Fee,207483.82,INR,FAILED,Online
T0003391,A000996,2026-03-22 05:08:18.530779,Withdrawal,214904.76,INR,SUCCESS,Mobile
T0003392,A000270,2025-12-11 09:25:22.530779,Fee,88823.45,INR,SUCCESS,ATM
T0003393,A000748,2025-03-28 12:37:17.530779,Interest,116812.78,INR,FAILED,Online
T0003394,A001212,2025-08-30 11:45:06.530779,Deposit,60995.22,INR,PENDING,Online
T0003395,A001491,2026-05-01 14:50:17.530779,Interest,213112.75,INR,PENDING,ATM
T0003396,A001028,2025-07-27 08:57:39.530779,Payment,96981.39,INR,PENDING,ATM
T0003397,A001050,2024-10-05 10:08:22.530779,Fee,70503.06,INR,PENDING,Online
T0003398,A001046,2025-08-19 00:32:16.530779,Fee,34143.95,INR,FAILED,ATM
T0003399,A000085,2025-11-10 10:00:18.530779,Withdrawal,229370.76,INR,SUCCESS,Branch
T0003400,A000740,2025-11-16 21:06:59.530779,Transfer,195985.19,INR,PENDING,Mobile
T0003401,A001042,2025-10-02 11:32:24.530779,Fee,19542.97,INR,SUCCESS,Mobile
T0003402,A000915,2026-07-31 04:58:59.530779,Payment,194013.45,INR,FAILED,Branch
T0003403,A001018,2025-12-26 22:16:43.530779,Payment,67950.2,INR,PENDING,Mobile
T0003404,A001451,2025-10-03 09:45:52.530779,Deposit,31635.14,INR,PENDING,Branch
T0003405,A001202,2025-02-18 09:55:53.530779,Withdrawal,120683.62,INR,FAILED,Online
T0003406,A000128,2024-10-07 17:23:43.530779,Interest,71327.19,INR,FAILED,ATM
T0003407,A001122,2026-05-27 09:46:36.530779,Transfer,142340.74,INR,PENDING,Branch
T0003408,A001474,2026-01-05 09:04:58.530779,Deposit,109150.58,INR,SUCCESS,Mobile
T0003409,A000699,2026-08-15 19:57:02.530779,Payment,164781.86,INR,FAILED,Online
T0003410,A000746,2025-02-24 11:26:24.530779,Fee,55327.12,INR,SUCCESS,Mobile
T0003411,A000915,2025-12-25 15:07:07.530779,Transfer,156053.91,INR,SUCCESS,Branch
T0003412,A000318,2025-07-25 03:56:28.530779,Withdrawal,122755.69,INR,PENDING,Branch
T0003413,A000405,2025-10-31 12:33:09.530779,Deposit,235484.26,INR,FAILED,Online
T0003414,A000414,2026-08-31 22:16:47.530779,Transfer,25894.42,INR,PENDING,Online
T0003415,A000580,2024-11-16 11:46:16.530779,Transfer,84163.86,INR,SUCCESS,ATM
T0003416,A001275,2025-09-16 12:22:40.530779,Transfer,221943.77,INR,FAILED,Branch
T0003417,A000869,2025-03-30 03:54:30.530779,Fee,239082.23,INR,PENDING,Mobile
T0003418,A001348,2025-04-16 13:00:36.530779,Payment,174868.93,INR,FAILED,Branch
T0003419,A001148,2026-02-23 01:23:38.530779,Fee,89094.73,INR,SUCCESS,ATM
T0003420,A000062,2026-05-07 02:45:58.530779,Fee,104402.06,INR,PENDING,Online
T0003421,A000163,2025-07-17 06:44:40.530779,Payment,22289.73,INR,FAILED,Branch
T0003422,A000325,2026-04-15 11:07:06.530779,Deposit,156474.23,INR,PENDING,Branch
T0003423,A000457,2026-05-10 07:51:29.530779,Payment,139041.4,INR,SUCCESS,Mobile
T0003424,A000074,2024-11-29 14:43:45.530779,Fee,143980.86,INR,PENDING,ATM
T0003425,A000181,2026-07-13 00:19:08.530779,Deposit,92201.6,INR,PENDING,Mobile
T0003426,A000191,2026-05-24 02:16:45.530779,Deposit,92419.07,INR,SUCCESS,Mobile
T0003427,A000832,2024-11-03 05:19:07.530779,Transfer,12217.05,INR,PENDING,Mobile
T0003428,A001450,2026-08-23 08:04:16.530779,Withdrawal,235113.71,INR,FAILED,Mobile
T0003429,A000088,2026-02-13 20:49:01.530779,Withdrawal,227420.8,INR,PENDING,Mobile
T0003430,A001304,2026-03-30 19:50:12.530779,Payment,129738.12,INR,PENDING,Online
T0003431,A001260,2026-04-16 18:48:34.530779,Withdrawal,132100.51,INR,FAILED,Branch
T0003432,A000845,2026-03-06 03:02:45.530779,Payment,108126.0,INR,SUCCESS,ATM
T0003433,A001114,2025-02-04 23:43:00.530779,Withdrawal,74814.51,INR,PENDING,Online
T0003434,A000382,2025-03-29 10:07:53.530779,Interest,191504.61,INR,FAILED,ATM
T0003435,A000305,2026-01-25 09:33:15.530779,Interest,204061.4,INR,FAILED,ATM
T0003436,A000949,2024-10-20 08:48:36.530779,Interest,139745.43,INR,PENDING,Mobile
T0003437,A000890,2026-02-08 21:14:52.530779,Payment,59980.51,INR,PENDING,ATM
T0003438,A001399,2026-03-04 02:48:44.530779,Interest,137461.57,INR,FAILED,ATM
T0003439,A001161,2025-06-26 21:36:58.530779,Withdrawal,77843.91,INR,PENDING,Branch
T0003440,A000627,2026-07-31 02:38:40.530779,Transfer,96067.15,INR,PENDING,Mobile
T0003441,A001441,2026-04-25 21:52:44.530779,Transfer,62405.41,INR,FAILED,ATM
T0003442,A000637,2025-12-11 14:06:56.530779,Interest,36128.77,INR,PENDING,ATM
T0003443,A001284,2024-09-30 04:59:06.530779,Payment,198080.46,INR,PENDING,Online
T0003444,A000769,2026-04-11 20:00:46.530779,Transfer,191441.54,INR,PENDING,Branch
T0003445,A001368,2025-10-24 14:39:32.530779,Fee,16062.72,INR,SUCCESS,Mobile
T0003446,A000299,2025-02-09 20:25:13.530779,Withdrawal,166280.76,INR,PENDING,Mobile
T0003447,A001148,2025-06-19 13:23:58.530779,Payment,34428.99,INR,SUCCESS,Mobile
T0003448,A000472,2026-01-11 06:59:40.530779,Payment,176779.94,INR,FAILED,Online
T0003449,A000418,2025-10-21 01:46:15.530779,Fee,103477.07,INR,FAILED,ATM
T0003450,A000501,2026-02-09 17:41:10.530779,Deposit,232067.75,INR,FAILED,ATM
T0003451,A001406,2026-05-11 13:26:53.530779,Transfer,168977.3,INR,FAILED,Branch
T0003452,A000943,2026-07-19 12:58:02.530779,Fee,96404.72,INR,PENDING,Online
T0003453,A000691,2024-11-14 12:15:55.530779,Deposit,212447.42,INR,SUCCESS,Branch
T0003454,A001335,2026-07-04 16:52:05.530779,Payment,65358.45,INR,FAILED,ATM
T0003455,A000460,2025-04-27 14:30:39.530779,Withdrawal,116776.35,INR,FAILED,Branch
T0003456,A000890,2025-01-07 08:43:35.530779,Transfer,48301.44,INR,FAILED,ATM
T0003457,A000126,2025-03-20 00:58:10.530779,Transfer,37816.29,INR,PENDING,Branch
T0003458,A000934,2025-12-17 08:32:00.530779,Interest,25028.02,INR,FAILED,Mobile
T0003459,A000668,2024-11-10 08:30:55.530779,Deposit,157929.89,INR,SUCCESS,ATM
T0003460,A000045,2026-08-07 23:21:51.530779,Transfer,102271.09,INR,PENDING,Online
T0003461,A000649,2025-05-19 07:34:38.530779,Fee,79944.18,INR,PENDING,Online
T0003462,A000385,2026-06-22 09:00:31.530779,Withdrawal,208255.62,INR,PENDING,Branch
T0003463,A001455,2025-11-27 14:23:03.530779,Withdrawal,46623.08,INR,FAILED,Online
T0003464,A000425,2025-07-02 04:07:14.530779,Withdrawal,137037.03,INR,SUCCESS,Branch
T0003465,A001261,2024-10-31 17:49:49.530779,Deposit,184195.97,INR,FAILED,Online
T0003466,A000310,2024-10-29 12:40:06.530779,Withdrawal,150824.4,INR,PENDING,ATM
T0003467,A001341,2025-09-12 16:08:43.530779,Transfer,145136.66,INR,FAILED,ATM
T0003468,A000043,2026-06-14 21:13:24.530779,Transfer,211826.45,INR,FAILED,Online
T0003469,A000720,2026-09-10 05:59:22.530779,Fee,155147.11,INR,SUCCESS,Online
T0003470,A000649,2025-07-13 07:16:40.530779,Fee,205425.6,INR,SUCCESS,ATM
T0003471,A000992,2024-09-26 22:16:34.530779,Payment,182920.16,INR,PENDING,ATM
T0003472,A000083,2025-01-24 07:28:09.530779,Payment,19295.0,INR,PENDING,Mobile
T0003473,A000823,2025-02-10 03:23:17.530779,Fee,146959.73,INR,FAILED,ATM
T0003474,A000226,2025-04-13 16:10:25.530779,Transfer,249585.8,INR,SUCCESS,Mobile
T0003475,A000504,2024-11-03 09:44:53.530779,Deposit,152436.32,INR,FAILED,ATM
T0003476,A000368,2025-06-01 02:35:46.530779,Payment,106303.77,INR,FAILED,Branch
T0003477,A000454,2024-11-03 05:49:12.530779,Withdrawal,100486.37,INR,FAILED,ATM
T0003478,A000046,2025-09-02 18:00:16.530779,Payment,190732.45,INR,FAILED,Branch
T0003479,A000693,2025-08-19 11:30:29.530779,Withdrawal,105304.5,INR,SUCCESS,Online
T0003480,A000830,2026-08-11 08:14:18.530779,Interest,222922.62,INR,PENDING,Online
T0003481,A001483,2025-02-14 15:59:02.530779,Transfer,28272.38,INR,SUCCESS,ATM
T0003482,A001127,2026-08-22 15:19:34.530779,Payment,10513.16,INR,PENDING,Online
T0003483,A000156,2025-08-12 16:15:47.530779,Deposit,242870.67,INR,SUCCESS,Online
T0003484,A001410,2025-10-17 15:56:44.530779,Fee,50732.1,INR,SUCCESS,Mobile
T0003485,A001177,2025-09-28 06:15:37.530779,Withdrawal,190084.15,INR,SUCCESS,Online
T0003486,A000559,2026-06-26 12:55:17.530779,Fee,70540.84,INR,PENDING,ATM
T0003487,A000678,2024-12-12 14:40:12.530779,Payment,204443.1,INR,FAILED,ATM
T0003488,A000222,2025-03-31 04:43:07.530779,Interest,132050.45,INR,SUCCESS,Mobile
T0003489,A000811,2025-06-24 05:51:37.530779,Interest,66340.18,INR,PENDING,ATM
T0003490,A000227,2026-06-25 11:28:39.530779,Fee,6235.0,INR,PENDING,Online
T0003491,A001337,2025-07-28 01:56:05.530779,Deposit,80816.15,INR,FAILED,Online
T0003492,A000103,2025-08-09 03:00:59.530779,Fee,55417.26,INR,FAILED,Branch
T0003493,A000460,2025-09-28 08:27:06.530779,Payment,50850.37,INR,SUCCESS,Online
T0003494,A001452,2025-08-09 16:58:40.530779,Transfer,175005.67,INR,SUCCESS,Branch
T0003495,A000006,2026-09-07 01:21:23.530779,Fee,204925.97,INR,FAILED,Online
T0003496,A000478,2025-11-09 09:01:28.530779,Payment,232276.13,INR,SUCCESS,Mobile
T0003497,A000022,2024-12-27 16:15:55.530779,Interest,67461.67,INR,SUCCESS,Online
T0003498,A001442,2025-03-27 11:50:41.530779,Interest,218468.6,INR,SUCCESS,Mobile
T0003499,A001158,2025-04-25 22:16:43.530779,Interest,117728.11,INR,FAILED,ATM
T0003500,A000223,2025-10-14 18:41:46.530779,Payment,94709.94,INR,FAILED,ATM
T0003501,A001238,2024-10-27 12:20:23.530779,Deposit,123445.81,INR,PENDING,Mobile
T0003502,A000490,2026-08-26 19:55:12.530779,Deposit,190892.07,INR,SUCCESS,Online
T0003503,A001477,2026-08-23 12:04:08.530779,Transfer,223130.74,INR,PENDING,Online
T0003504,A001123,2025-10-12 21:30:50.530779,Withdrawal,61912.45,INR,PENDING,Online
T0003505,A000434,2026-02-01 20:52:07.530779,Payment,71951.85,INR,FAILED,Online
T0003506,A001462,2026-03-05 21:21:11.530779,Transfer,180698.41,INR,SUCCESS,Branch
T0003507,A000607,2025-09-13 22:20:52.530779,Transfer,207025.86,INR,PENDING,ATM
T0003508,A000755,2026-04-27 06:48:24.530779,Payment,5461.42,INR,FAILED,Branch
T0003509,A001181,2025-10-01 23:40:24.530779,Transfer,98050.2,INR,SUCCESS,Branch
T0003510,A000657,2026-03-24 23:01:23.530779,Payment,36886.51,INR,PENDING,Mobile
T0003511,A001190,2025-12-24 03:27:29.530779,Interest,204712.05,INR,FAILED,Online
T0003512,A001347,2025-01-29 22:25:27.530779,Payment,196930.21,INR,SUCCESS,Online
T0003513,A001050,2026-04-17 15:18:26.530779,Deposit,184902.01,INR,SUCCESS,Mobile
T0003514,A001204,2025-12-09 23:32:48.530779,Interest,17094.0,INR,FAILED,Online
T0003515,A001339,2026-04-12 01:52:38.530779,Payment,12334.76,INR,SUCCESS,Mobile
T0003516,A001366,2026-02-13 14:13:08.530779,Withdrawal,131892.68,INR,FAILED,Branch
T0003517,A001016,2026-01-09 17:18:14.530779,Deposit,21248.25,INR,PENDING,Branch
T0003518,A001038,2025-02-04 13:28:19.530779,Withdrawal,220247.23,INR,SUCCESS,Online
T0003519,A000875,2026-04-19 11:39:25.530779,Interest,164043.88,INR,PENDING,Branch
T0003520,A000058,2025-07-30 15:13:52.530779,Payment,112454.58,INR,PENDING,ATM
T0003521,A000800,2026-05-21 12:36:35.530779,Interest,199559.41,INR,PENDING,Online
T0003522,A000306,2026-05-20 05:31:05.530779,Deposit,88589.88,INR,SUCCESS,Mobile
T0003523,A000492,2025-10-02 14:02:20.530779,Interest,208493.75,INR,PENDING,Branch
T0003524,A001373,2025-07-06 18:44:57.530779,Fee,43759.54,INR,SUCCESS,Online
T0003525,A000217,2026-02-09 12:25:27.530779,Payment,116797.2,INR,FAILED,Branch
T0003526,A000388,2026-07-06 16:38:46.530779,Transfer,135380.84,INR,PENDING,Mobile
T0003527,A001489,2025-01-13 17:16:18.530779,Payment,65608.85,INR,FAILED,ATM
T0003528,A001244,2026-02-13 15:51:15.530779,Withdrawal,93516.6,INR,PENDING,ATM
T0003529,A000629,2026-07-22 19:27:23.530779,Withdrawal,134308.04,INR,FAILED,Branch
T0003530,A001209,2026-05-31 20:29:54.530779,Payment,187956.3,INR,SUCCESS,ATM
T0003531,A000165,2025-02-15 00:44:36.530779,Fee,50116.72,INR,PENDING,Branch
T0003532,A001312,2025-06-07 14:55:53.530779,Fee,30859.87,INR,FAILED,Branch
T0003533,A000183,2025-01-12 20:26:56.530779,Fee,105115.15,INR,PENDING,Mobile
T0003534,A000490,2025-04-23 12:53:04.530779,Interest,9489.17,INR,PENDING,Online
T0003535,A000980,2025-05-29 19:38:24.530779,Fee,54265.71,INR,FAILED,Branch
T0003536,A001056,2026-03-17 04:15:25.530779,Interest,180952.12,INR,FAILED,ATM
T0003537,A000675,2025-05-15 08:00:02.530779,Transfer,44566.21,INR,PENDING,Mobile
T0003538,A001226,2024-11-13 04:22:18.530779,Interest,69263.77,INR,PENDING,Branch
T0003539,A001033,2025-06-06 16:54:26.530779,Deposit,28522.72,INR,PENDING,Mobile
T0003540,A001361,2025-11-06 20:56:34.530779,Fee,49322.27,INR,PENDING,ATM
T0003541,A000473,2025-01-23 15:53:17.530779,Fee,243391.27,INR,SUCCESS,Mobile
T0003542,A000170,2026-05-05 07:28:35.530779,Payment,161232.8,INR,PENDING,Branch
T0003543,A000501,2025-08-28 23:43:23.530779,Fee,162790.56,INR,PENDING,Branch
T0003544,A001328,2025-10-07 22:52:57.530779,Deposit,79134.83,INR,FAILED,Branch
T0003545,A000162,2026-01-27 19:54:38.530779,Payment,75233.83,INR,SUCCESS,Mobile
T0003546,A000434,2026-08-06 10:23:52.530779,Transfer,160220.69,INR,SUCCESS,ATM
T0003547,A001425,2025-05-31 17:44:21.530779,Deposit,17270.54,INR,FAILED,Branch
T0003548,A001204,2025-09-15 00:34:54.530779,Withdrawal,224992.9,INR,FAILED,Mobile
T0003549,A000557,2024-11-10 21:57:45.530779,Fee,8756.4,INR,SUCCESS,Branch
T0003550,A000924,2026-05-18 13:00:55.530779,Interest,88149.42,INR,FAILED,Mobile
T0003551,A000404,2026-06-08 08:46:15.530779,Withdrawal,144196.81,INR,FAILED,Branch
T0003552,A001067,2026-01-03 23:36:09.530779,Fee,78924.3,INR,SUCCESS,Branch
T0003553,A000467,2026-04-29 09:20:32.530779,Fee,160839.75,INR,FAILED,ATM
T0003554,A001469,2025-01-06 01:37:47.530779,Deposit,4008.81,INR,SUCCESS,Branch
T0003555,A000534,2026-05-20 16:41:05.530779,Fee,48318.55,INR,FAILED,Mobile
T0003556,A000219,2025-01-14 23:28:48.530779,Fee,199944.1,INR,PENDING,Branch
T0003557,A001314,2026-06-07 22:05:30.530779,Deposit,53610.56,INR,SUCCESS,Mobile
T0003558,A000658,2025-10-03 15:45:04.530779,Withdrawal,132214.48,INR,PENDING,Online
T0003559,A000666,2025-01-01 02:40:30.530779,Interest,124921.18,INR,SUCCESS,ATM
T0003560,A000811,2026-01-02 12:52:47.530779,Deposit,160792.12,INR,FAILED,ATM
T0003561,A000788,2026-08-24 05:18:16.530779,Withdrawal,75541.8,INR,FAILED,ATM
T0003562,A000334,2025-07-07 14:35:00.530779,Deposit,228016.95,INR,SUCCESS,Mobile
T0003563,A000798,2025-09-04 08:33:19.530779,Fee,177327.88,INR,SUCCESS,Mobile
T0003564,A001167,2026-07-31 08:31:47.530779,Transfer,1091.11,INR,SUCCESS,Branch
T0003565,A000470,2025-05-30 10:10:24.530779,Transfer,96291.79,INR,SUCCESS,ATM
T0003566,A001404,2025-06-12 16:37:28.530779,Deposit,180213.51,INR,SUCCESS,Branch
T0003567,A001169,2024-11-10 08:31:31.530779,Fee,213322.93,INR,SUCCESS,Online
T0003568,A000733,2025-12-16 20:28:36.530779,Deposit,97856.61,INR,FAILED,Mobile
T0003569,A001296,2024-12-05 08:53:12.530779,Interest,21443.37,INR,SUCCESS,Online
T0003570,A000597,2025-03-13 05:27:11.530779,Interest,26762.85,INR,FAILED,Branch
T0003571,A001054,2024-11-27 13:22:21.530779,Deposit,226370.97,INR,FAILED,Branch
T0003572,A001083,2025-06-06 02:33:23.530779,Interest,238571.9,INR,FAILED,ATM
T0003573,A000448,2025-01-22 06:24:37.530779,Interest,49345.01,INR,FAILED,ATM
T0003574,A001061,2024-10-02 04:32:37.530779,Transfer,245132.92,INR,PENDING,Online
T0003575,A001427,2025-08-22 15:07:29.530779,Transfer,138026.12,INR,FAILED,Online
T0003576,A001489,2026-08-03 13:01:02.530779,Payment,137246.19,INR,PENDING,Online
T0003577,A000364,2026-09-10 11:24:53.530779,Interest,200768.17,INR,PENDING,Mobile
T0003578,A001198,2025-03-13 02:32:50.530779,Deposit,160816.94,INR,SUCCESS,ATM
T0003579,A001194,2025-03-02 20:11:52.530779,Fee,67656.64,INR,SUCCESS,ATM
T0003580,A000015,2025-01-10 09:46:41.530779,Deposit,54178.14,INR,PENDING,ATM
T0003581,A001183,2026-08-31 13:52:30.530779,Fee,47471.27,INR,SUCCESS,ATM
T0003582,A000659,2025-03-11 14:26:11.530779,Withdrawal,1529.82,INR,SUCCESS,Mobile
T0003583,A000222,2026-09-17 00:32:26.530779,Payment,75562.5,INR,SUCCESS,Mobile
T0003584,A001037,2024-11-11 21:58:35.530779,Interest,75751.24,INR,FAILED,Branch
T0003585,A001052,2026-06-15 17:44:59.530779,Fee,97811.83,INR,FAILED,ATM
T0003586,A001416,2026-03-30 02:07:37.530779,Fee,36804.2,INR,SUCCESS,Online
T0003587,A000937,2025-05-31 13:28:04.530779,Interest,81804.5,INR,PENDING,Online
T0003588,A000560,2025-11-20 10:47:41.530779,Interest,159852.16,INR,SUCCESS,ATM
T0003589,A001474,2025-04-03 04:52:24.530779,Deposit,139980.64,INR,SUCCESS,Online
T0003590,A000127,2024-12-29 06:22:18.530779,Fee,78729.89,INR,SUCCESS,Mobile
T0003591,A000825,2025-01-02 12:30:39.530779,Fee,191898.88,INR,SUCCESS,ATM
T0003592,A000514,2025-03-26 19:12:16.530779,Interest,243214.2,INR,PENDING,Mobile
T0003593,A000809,2025-02-18 08:35:48.530779,Withdrawal,235673.12,INR,FAILED,Online
T0003594,A000324,2026-06-26 08:15:55.530779,Deposit,248748.26,INR,FAILED,Mobile
T0003595,A000496,2025-06-06 05:12:55.530779,Fee,106035.58,INR,SUCCESS,Branch
T0003596,A000061,2026-01-18 13:26:30.530779,Transfer,193212.21,INR,PENDING,Mobile
T0003597,A001354,2026-07-19 22:31:47.530779,Interest,147551.62,INR,PENDING,Branch
T0003598,A001451,2026-07-07 14:57:41.530779,Payment,227497.76,INR,FAILED,Online
T0003599,A000997,2026-03-26 17:36:17.530779,Withdrawal,18852.19,INR,FAILED,ATM
T0003600,A001410,2025-03-21 10:03:52.530779,Deposit,5213.99,INR,SUCCESS,Online
T0003601,A000039,2025-10-04 02:05:18.530779,Interest,168336.24,INR,PENDING,Branch
T0003602,A000947,2025-02-15 09:45:24.530779,Withdrawal,86231.86,INR,SUCCESS,Branch
T0003603,A000133,2025-09-09 09:57:49.530779,Payment,186260.86,INR,PENDING,Mobile
T0003604,A000995,2026-05-20 05:54:20.530779,Payment,188138.69,INR,PENDING,Mobile
T0003605,A000654,2026-05-07 19:29:13.530779,Interest,46401.53,INR,PENDING,Online
T0003606,A001048,2026-04-07 05:35:30.530779,Fee,47762.01,INR,FAILED,Mobile
T0003607,A000341,2026-08-07 22:14:29.530779,Payment,137365.23,INR,FAILED,Online
T0003608,A000562,2026-01-22 00:52:32.530779,Withdrawal,162713.3,INR,SUCCESS,ATM
T0003609,A000474,2025-12-31 23:06:39.530779,Deposit,130313.99,INR,PENDING,ATM
T0003610,A000145,2026-05-05 07:59:41.530779,Deposit,181394.32,INR,PENDING,Mobile
T0003611,A001333,2026-08-11 02:22:25.530779,Withdrawal,79755.25,INR,FAILED,Branch
T0003612,A000015,2024-11-17 12:01:59.530779,Payment,245853.06,INR,PENDING,Online
T0003613,A000768,2026-02-09 16:53:12.530779,Deposit,180831.24,INR,PENDING,ATM
T0003614,A001349,2026-04-22 09:42:59.530779,Fee,152394.47,INR,FAILED,Mobile
T0003615,A000774,2025-09-09 16:02:02.530779,Fee,104095.54,INR,FAILED,Mobile
T0003616,A001120,2024-12-01 08:04:58.530779,Deposit,202985.47,INR,PENDING,ATM
T0003617,A000527,2024-12-03 21:40:15.530779,Fee,69940.46,INR,FAILED,ATM
T0003618,A000760,2025-03-14 05:21:34.530779,Fee,83269.44,INR,SUCCESS,Mobile
T0003619,A000671,2025-04-01 00:41:16.530779,Fee,16923.49,INR,FAILED,Online
T0003620,A000427,2026-05-08 14:28:59.530779,Interest,172222.25,INR,SUCCESS,Online
T0003621,A000842,2024-10-16 21:09:09.530779,Payment,77224.75,INR,SUCCESS,Mobile
T0003622,A000824,2025-12-03 07:46:50.530779,Transfer,183560.24,INR,SUCCESS,ATM
T0003623,A000133,2024-10-21 08:35:50.530779,Payment,59414.02,INR,SUCCESS,Mobile
T0003624,A000276,2025-05-20 08:55:30.530779,Payment,216556.54,INR,FAILED,Branch
T0003625,A001390,2024-10-30 06:39:51.530779,Withdrawal,54198.18,INR,PENDING,Online
T0003626,A000165,2025-02-10 18:12:52.530779,Payment,15875.75,INR,PENDING,Mobile
T0003627,A001382,2025-09-16 10:36:51.530779,Payment,185456.72,INR,PENDING,ATM
T0003628,A000145,2025-02-09 03:47:54.530779,Withdrawal,110364.83,INR,FAILED,Branch
T0003629,A000446,2025-05-28 17:33:44.530779,Deposit,22011.11,INR,PENDING,Mobile
T0003630,A000034,2025-05-22 03:15:27.530779,Fee,126016.76,INR,SUCCESS,Mobile
T0003631,A001500,2024-11-14 15:09:26.530779,Transfer,195389.25,INR,PENDING,ATM
T0003632,A000055,2026-08-10 00:23:18.530779,Withdrawal,203528.35,INR,PENDING,Online
T0003633,A000499,2026-02-23 00:06:37.530779,Interest,104428.68,INR,PENDING,ATM
T0003634,A000092,2024-12-23 00:47:31.530779,Withdrawal,17023.8,INR,SUCCESS,ATM
T0003635,A000049,2024-12-06 08:38:03.530779,Fee,21902.25,INR,SUCCESS,Mobile
T0003636,A000866,2026-03-04 08:57:38.530779,Deposit,106210.5,INR,PENDING,Branch
T0003637,A001314,2026-03-19 15:39:12.530779,Interest,47970.86,INR,SUCCESS,ATM
T0003638,A001176,2026-04-24 21:30:50.530779,Payment,215483.56,INR,SUCCESS,Mobile
T0003639,A000043,2026-08-01 04:06:09.530779,Transfer,47008.21,INR,FAILED,Branch
T0003640,A001484,2025-06-08 07:11:09.530779,Withdrawal,76766.04,INR,SUCCESS,Online
T0003641,A000740,2024-11-03 14:24:22.530779,Deposit,217710.07,INR,SUCCESS,ATM
T0003642,A000135,2025-10-28 23:29:59.530779,Deposit,157288.64,INR,SUCCESS,Mobile
T0003643,A000689,2025-01-22 07:57:49.530779,Transfer,83556.12,INR,PENDING,Branch
T0003644,A000273,2026-04-27 10:28:40.530779,Deposit,180215.84,INR,SUCCESS,Mobile
T0003645,A001223,2026-08-16 07:52:36.530779,Transfer,105873.48,INR,PENDING,Branch
T0003646,A000175,2025-01-31 23:20:50.530779,Payment,94505.44,INR,SUCCESS,Branch
T0003647,A001006,2026-04-10 15:57:25.530779,Payment,119082.63,INR,FAILED,ATM
T0003648,A001025,2024-11-24 07:21:24.530779,Payment,116233.35,INR,SUCCESS,Mobile
T0003649,A001100,2025-04-26 21:30:36.530779,Deposit,133304.47,INR,PENDING,Mobile
T0003650,A001318,2026-06-11 16:02:55.530779,Interest,199990.35,INR,SUCCESS,ATM
T0003651,A000461,2026-02-20 16:46:47.530779,Deposit,68800.19,INR,SUCCESS,ATM
T0003652,A001027,2025-08-12 11:51:56.530779,Payment,232355.24,INR,SUCCESS,Branch
T0003653,A000233,2025-05-06 09:38:37.530779,Fee,138924.6,INR,PENDING,Online
T0003654,A001347,2026-02-12 20:30:01.530779,Payment,194737.01,INR,PENDING,Online
T0003655,A001298,2025-05-31 22:14:05.530779,Deposit,87024.21,INR,FAILED,ATM
T0003656,A001270,2026-02-24 11:29:49.530779,Withdrawal,226802.45,INR,SUCCESS,ATM
T0003657,A001476,2025-05-22 13:40:33.530779,Withdrawal,8338.75,INR,FAILED,ATM
T0003658,A000483,2026-05-28 06:23:27.530779,Fee,45756.8,INR,SUCCESS,ATM
T0003659,A000841,2025-06-04 00:33:40.530779,Withdrawal,129188.87,INR,FAILED,Branch
T0003660,A000112,2024-09-28 04:32:10.530779,Interest,117118.38,INR,PENDING,Online
T0003661,A000940,2025-09-18 06:36:34.530779,Fee,164216.9,INR,SUCCESS,Online
T0003662,A000736,2026-08-24 12:02:23.530779,Interest,162255.33,INR,PENDING,ATM
T0003663,A000547,2025-05-02 11:03:56.530779,Transfer,234248.78,INR,SUCCESS,Branch
T0003664,A001388,2026-03-02 21:02:13.530779,Payment,114062.53,INR,PENDING,Mobile
T0003665,A000217,2026-07-11 04:21:35.530779,Deposit,185092.77,INR,FAILED,Mobile
T0003666,A000568,2026-08-15 23:45:44.530779,Deposit,192280.22,INR,PENDING,ATM
T0003667,A000256,2026-02-08 01:54:24.530779,Withdrawal,73831.79,INR,SUCCESS,Branch
T0003668,A001101,2025-09-30 17:20:03.530779,Interest,4004.47,INR,FAILED,Online
T0003669,A001131,2024-10-13 10:44:19.530779,Payment,102272.83,INR,SUCCESS,Branch
T0003670,A000306,2025-06-10 09:23:02.530779,Payment,31608.13,INR,FAILED,ATM
T0003671,A001425,2026-02-11 01:35:16.530779,Transfer,140781.44,INR,FAILED,Branch
T0003672,A000033,2024-12-13 03:36:55.530779,Deposit,125569.96,INR,FAILED,Online
T0003673,A000322,2025-05-14 08:14:49.530779,Transfer,115864.66,INR,SUCCESS,ATM
T0003674,A000460,2026-07-27 10:07:28.530779,Deposit,115948.85,INR,SUCCESS,ATM
T0003675,A001086,2025-10-10 14:50:07.530779,Fee,247970.21,INR,FAILED,ATM
T0003676,A000438,2026-05-28 01:36:28.530779,Interest,193972.11,INR,FAILED,Mobile
T0003677,A000951,2026-02-27 03:06:36.530779,Payment,156119.48,INR,PENDING,Mobile
T0003678,A001175,2025-06-14 14:08:10.530779,Withdrawal,70979.09,INR,SUCCESS,ATM
T0003679,A000216,2026-03-14 03:50:32.530779,Interest,47993.16,INR,SUCCESS,Branch
T0003680,A000279,2025-07-12 08:21:05.530779,Withdrawal,21026.09,INR,FAILED,ATM
T0003681,A000762,2026-08-26 13:13:35.530779,Deposit,127575.13,INR,SUCCESS,Mobile
T0003682,A001218,2026-01-07 12:47:55.530779,Deposit,224394.41,INR,FAILED,Online
T0003683,A000556,2024-10-12 08:22:33.530779,Withdrawal,225891.75,INR,FAILED,ATM
T0003684,A000726,2025-04-10 05:03:23.530779,Payment,201535.72,INR,FAILED,ATM
T0003685,A000431,2024-10-19 11:27:57.530779,Payment,34604.28,INR,SUCCESS,Mobile
T0003686,A000150,2025-04-18 03:55:28.530779,Transfer,64532.83,INR,PENDING,Online
T0003687,A000056,2025-01-14 20:58:42.530779,Interest,34463.41,INR,FAILED,Online
T0003688,A000508,2026-02-02 03:09:34.530779,Interest,100562.61,INR,PENDING,Mobile
T0003689,A000739,2024-11-13 00:37:56.530779,Withdrawal,44216.4,INR,PENDING,ATM
T0003690,A001325,2025-06-18 05:23:54.530779,Payment,196065.53,INR,FAILED,Mobile
T0003691,A001148,2025-09-29 06:43:01.530779,Transfer,167476.7,INR,FAILED,Branch
T0003692,A000839,2025-01-20 03:55:57.530779,Deposit,240833.83,INR,FAILED,ATM
T0003693,A000847,2025-06-23 04:35:13.530779,Interest,21409.26,INR,FAILED,ATM
T0003694,A000899,2025-08-08 07:03:44.530779,Transfer,133875.25,INR,SUCCESS,Branch
T0003695,A001475,2026-03-16 04:03:44.530779,Interest,156254.02,INR,SUCCESS,Online
T0003696,A001189,2025-06-23 21:42:46.530779,Interest,77805.1,INR,SUCCESS,Mobile
T0003697,A000400,2025-04-04 04:17:31.530779,Transfer,138834.6,INR,PENDING,Mobile
T0003698,A000115,2025-09-11 18:02:25.530779,Interest,51642.92,INR,PENDING,ATM
T0003699,A001041,2026-07-12 05:40:10.530779,Fee,7661.93,INR,SUCCESS,Branch
T0003700,A001019,2025-08-09 01:05:18.530779,Interest,166446.62,INR,SUCCESS,Branch
T0003701,A000531,2025-04-24 12:33:44.530779,Transfer,228026.01,INR,FAILED,Mobile
T0003702,A001009,2025-07-04 16:39:49.530779,Payment,120657.67,INR,FAILED,ATM
T0003703,A000542,2026-04-22 13:38:51.530779,Fee,61395.98,INR,FAILED,Branch
T0003704,A000100,2025-07-06 01:21:14.530779,Payment,2276.41,INR,PENDING,Mobile
T0003705,A001119,2025-10-24 10:15:58.530779,Payment,31563.89,INR,PENDING,Branch
T0003706,A000426,2025-09-27 12:43:07.530779,Payment,115712.99,INR,SUCCESS,ATM
T0003707,A001338,2026-07-19 09:59:49.530779,Payment,5272.36,INR,SUCCESS,Mobile
T0003708,A000521,2025-01-22 00:14:06.530779,Deposit,117000.34,INR,FAILED,ATM
T0003709,A001236,2025-09-17 06:38:32.530779,Payment,10976.5,INR,FAILED,Online
T0003710,A000456,2026-04-30 21:48:08.530779,Withdrawal,210617.58,INR,PENDING,ATM
T0003711,A000902,2026-01-12 00:33:38.530779,Fee,35916.65,INR,SUCCESS,ATM
T0003712,A001448,2026-08-05 03:13:16.530779,Payment,74232.52,INR,SUCCESS,Branch
T0003713,A000270,2024-11-17 07:21:07.530779,Transfer,14773.48,INR,SUCCESS,ATM
T0003714,A001224,2025-05-30 22:32:06.530779,Fee,233612.06,INR,FAILED,ATM
T0003715,A001141,2025-02-25 16:10:28.530779,Fee,89436.15,INR,PENDING,Mobile
T0003716,A001023,2025-12-01 02:44:07.530779,Fee,227590.81,INR,PENDING,Branch
T0003717,A000628,2025-06-15 11:40:01.530779,Fee,174692.45,INR,FAILED,ATM
T0003718,A000238,2025-12-31 17:53:28.530779,Withdrawal,112211.48,INR,SUCCESS,Online
T0003719,A001395,2026-02-06 09:54:40.530779,Interest,215805.49,INR,SUCCESS,Branch
T0003720,A000469,2025-01-07 18:41:33.530779,Withdrawal,212516.62,INR,PENDING,ATM
T0003721,A000437,2024-10-14 05:18:20.530779,Fee,241251.21,INR,FAILED,Mobile
T0003722,A000210,2026-01-20 13:32:10.530779,Payment,102222.89,INR,FAILED,Online
T0003723,A000083,2026-08-03 09:30:22.530779,Transfer,182127.4,INR,FAILED,ATM
T0003724,A000204,2026-07-31 12:46:33.530779,Deposit,40926.3,INR,FAILED,Mobile
T0003725,A000252,2026-02-18 02:19:19.530779,Deposit,87618.73,INR,SUCCESS,Mobile
T0003726,A000332,2026-03-18 21:23:14.530779,Deposit,119259.29,INR,PENDING,ATM
T0003727,A000694,2026-08-16 22:36:03.530779,Fee,89191.14,INR,PENDING,Mobile
T0003728,A001005,2025-12-16 14:43:15.530779,Payment,198667.91,INR,SUCCESS,Mobile
T0003729,A000652,2026-06-21 07:04:55.530779,Interest,66322.19,INR,SUCCESS,Branch
T0003730,A001466,2025-04-06 04:16:42.530779,Payment,130055.4,INR,SUCCESS,Branch
T0003731,A000164,2026-05-05 06:14:29.530779,Transfer,30011.45,INR,SUCCESS,Mobile
T0003732,A001003,2025-10-12 23:28:50.530779,Payment,189171.93,INR,SUCCESS,ATM
T0003733,A001284,2025-04-06 22:17:42.530779,Transfer,238444.46,INR,PENDING,Branch
T0003734,A000704,2026-04-25 13:21:40.530779,Withdrawal,218659.13,INR,SUCCESS,ATM
T0003735,A000510,2025-09-20 16:46:28.530779,Deposit,242401.04,INR,FAILED,Mobile
T0003736,A001163,2024-09-24 19:49:46.530779,Fee,48716.9,INR,PENDING,Branch
T0003737,A001363,2025-05-05 00:31:59.530779,Fee,247037.06,INR,SUCCESS,Branch
T0003738,A000478,2026-06-19 07:03:36.530779,Payment,112378.11,INR,SUCCESS,Online
T0003739,A000976,2025-01-31 21:43:20.530779,Withdrawal,222283.16,INR,FAILED,Online
T0003740,A000697,2025-08-04 18:15:34.530779,Deposit,223441.49,INR,SUCCESS,Branch
T0003741,A001243,2026-08-06 13:00:50.530779,Interest,207381.17,INR,PENDING,Online
T0003742,A000844,2026-03-12 04:52:04.530779,Fee,179073.83,INR,SUCCESS,Online
T0003743,A000354,2026-01-16 04:55:03.530779,Deposit,140237.68,INR,PENDING,Branch
T0003744,A000249,2024-12-16 05:07:53.530779,Fee,146127.37,INR,FAILED,ATM
T0003745,A001222,2025-03-23 08:21:38.530779,Interest,174949.11,INR,PENDING,Branch
T0003746,A000481,2024-10-28 04:12:48.530779,Withdrawal,18939.02,INR,FAILED,Branch
T0003747,A000943,2025-09-14 03:36:56.530779,Transfer,111425.39,INR,PENDING,Online
T0003748,A000403,2025-04-10 05:31:19.530779,Deposit,204780.93,INR,PENDING,Online
T0003749,A001240,2025-12-07 23:32:21.530779,Transfer,234745.85,INR,FAILED,ATM
T0003750,A000573,2024-10-02 05:35:35.530779,Deposit,236709.54,INR,SUCCESS,Online
T0003751,A001281,2025-12-18 18:06:55.530779,Fee,105856.91,INR,PENDING,ATM
T0003752,A000665,2026-03-02 17:04:21.530779,Transfer,170724.67,INR,FAILED,Online
T0003753,A001178,2026-05-14 11:45:49.530779,Deposit,75984.83,INR,SUCCESS,ATM
T0003754,A000361,2026-06-15 15:22:00.530779,Withdrawal,97767.55,INR,PENDING,ATM
T0003755,A000263,2026-08-14 13:45:01.530779,Payment,44577.55,INR,FAILED,ATM
T0003756,A000256,2025-01-04 19:05:47.530779,Transfer,191816.3,INR,SUCCESS,Online
T0003757,A001334,2025-08-01 07:39:22.530779,Fee,67670.52,INR,PENDING,ATM
T0003758,A000822,2024-11-06 08:52:05.530779,Withdrawal,26600.78,INR,FAILED,ATM
T0003759,A000606,2026-07-30 06:28:11.530779,Fee,217467.84,INR,PENDING,ATM
T0003760,A001465,2025-01-07 14:55:48.530779,Payment,112338.21,INR,SUCCESS,Branch
T0003761,A001377,2026-04-12 19:48:31.530779,Interest,104924.35,INR,PENDING,ATM
T0003762,A000915,2026-03-19 10:53:08.530779,Transfer,155186.49,INR,SUCCESS,Online
T0003763,A000895,2025-10-29 22:56:08.530779,Payment,160312.49,INR,FAILED,ATM
T0003764,A000917,2024-12-22 17:46:45.530779,Fee,59113.9,INR,PENDING,Branch
T0003765,A000650,2026-03-24 21:40:49.530779,Withdrawal,113683.07,INR,SUCCESS,Online
T0003766,A001178,2025-03-02 09:34:39.530779,Withdrawal,219715.76,INR,SUCCESS,Branch
T0003767,A001385,2025-06-19 12:24:15.530779,Interest,149449.26,INR,SUCCESS,ATM
T0003768,A001120,2025-05-30 15:23:45.530779,Deposit,67674.76,INR,SUCCESS,ATM
T0003769,A001287,2024-10-30 16:59:43.530779,Fee,50306.42,INR,FAILED,Online
T0003770,A000765,2026-02-23 15:42:21.530779,Payment,196613.41,INR,SUCCESS,Branch
T0003771,A000286,2026-09-03 20:53:30.530779,Deposit,208436.47,INR,SUCCESS,Mobile
T0003772,A000702,2026-01-13 07:00:52.530779,Payment,29540.67,INR,FAILED,Branch
T0003773,A000149,2026-01-28 06:08:59.530779,Withdrawal,213173.48,INR,SUCCESS,Online
T0003774,A000938,2026-04-08 11:51:34.530779,Interest,126536.27,INR,PENDING,ATM
T0003775,A000753,2026-05-14 03:37:16.530779,Withdrawal,35551.19,INR,FAILED,Mobile
T0003776,A000780,2025-09-03 13:34:08.530779,Deposit,1826.11,INR,PENDING,Online
T0003777,A001102,2025-08-27 17:18:35.530779,Withdrawal,101875.37,INR,PENDING,Online
T0003778,A000064,2026-09-04 06:54:45.530779,Withdrawal,225478.35,INR,FAILED,Online
T0003779,A000831,2025-05-29 22:37:01.530779,Transfer,163593.56,INR,SUCCESS,ATM
T0003780,A000547,2025-12-08 18:56:53.530779,Fee,222517.29,INR,PENDING,Branch
T0003781,A001021,2025-12-15 00:26:04.530779,Deposit,106604.93,INR,SUCCESS,Branch
T0003782,A000204,2025-06-25 13:10:02.530779,Transfer,196816.15,INR,SUCCESS,Branch
T0003783,A000569,2024-10-22 01:16:54.530779,Interest,147854.15,INR,PENDING,Branch
T0003784,A000404,2025-08-02 09:45:31.530779,Payment,139998.85,INR,SUCCESS,Branch
T0003785,A001439,2025-05-22 17:46:10.530779,Payment,109222.07,INR,SUCCESS,ATM
T0003786,A000617,2026-01-22 17:15:43.530779,Deposit,184789.43,INR,FAILED,ATM
T0003787,A000879,2026-02-15 15:20:40.530779,Deposit,130928.4,INR,FAILED,Branch
T0003788,A000562,2025-07-31 01:52:15.530779,Withdrawal,122309.3,INR,FAILED,Mobile
T0003789,A000514,2026-06-24 01:44:30.530779,Deposit,181475.67,INR,PENDING,Branch
T0003790,A000425,2025-03-16 14:39:27.530779,Interest,64633.91,INR,PENDING,Mobile
T0003791,A000330,2024-12-13 22:28:32.530779,Withdrawal,51318.09,INR,SUCCESS,Mobile
T0003792,A001154,2025-01-23 10:51:47.530779,Deposit,3673.2,INR,PENDING,Online
T0003793,A001356,2025-04-24 04:28:33.530779,Interest,1779.57,INR,PENDING,ATM
T0003794,A000720,2026-02-25 08:50:35.530779,Payment,113399.49,INR,FAILED,Online
T0003795,A000227,2025-09-27 09:06:39.530779,Interest,237658.69,INR,PENDING,Branch
T0003796,A000608,2025-10-23 23:41:11.530779,Transfer,104480.67,INR,PENDING,Mobile
T0003797,A000203,2026-05-03 02:30:23.530779,Payment,171436.99,INR,PENDING,ATM
T0003798,A001338,2025-10-04 15:27:19.530779,Payment,122938.39,INR,PENDING,Branch
T0003799,A000971,2025-11-03 12:59:21.530779,Interest,108312.6,INR,FAILED,ATM
T0003800,A000096,2026-01-25 13:46:33.530779,Fee,88261.87,INR,SUCCESS,ATM
T0003801,A001201,2026-07-08 04:30:52.530779,Payment,77781.69,INR,FAILED,Mobile
T0003802,A000745,2024-12-01 17:18:22.530779,Deposit,71950.78,INR,PENDING,Branch
T0003803,A001216,2026-03-15 04:19:15.530779,Fee,125369.68,INR,SUCCESS,Branch
T0003804,A000565,2025-09-24 10:19:06.530779,Withdrawal,41736.16,INR,FAILED,Online
T0003805,A000741,2026-08-24 19:36:00.530779,Interest,10244.02,INR,PENDING,Mobile
T0003806,A000958,2026-05-22 18:57:07.530779,Interest,58116.67,INR,PENDING,Branch
T0003807,A000072,2026-08-23 09:27:52.530779,Deposit,95037.9,INR,FAILED,Mobile
T0003808,A000885,2025-07-29 14:32:04.530779,Withdrawal,146080.65,INR,SUCCESS,Mobile
T0003809,A000507,2024-12-18 08:47:03.530779,Deposit,48575.76,INR,PENDING,Mobile
T0003810,A000496,2026-04-23 08:07:59.530779,Deposit,224219.76,INR,SUCCESS,Online
T0003811,A001370,2026-02-22 08:59:56.530779,Deposit,100180.87,INR,FAILED,ATM
T0003812,A001021,2025-09-06 18:28:24.530779,Transfer,92945.52,INR,PENDING,ATM
T0003813,A001167,2025-09-19 05:01:01.530779,Payment,26175.06,INR,SUCCESS,ATM
T0003814,A001247,2025-04-05 14:25:55.530779,Payment,234107.02,INR,FAILED,Branch
T0003815,A000433,2026-09-14 18:28:52.530779,Transfer,18307.2,INR,FAILED,Mobile
T0003816,A000935,2026-07-17 17:41:40.530779,Interest,231364.53,INR,PENDING,Mobile
T0003817,A000814,2025-08-22 12:08:21.530779,Payment,228475.46,INR,FAILED,Mobile
T0003818,A001112,2026-07-24 06:49:56.530779,Interest,201422.91,INR,FAILED,Branch
T0003819,A000140,2026-08-01 08:32:37.530779,Payment,163366.25,INR,SUCCESS,ATM
T0003820,A000095,2026-08-19 13:31:19.530779,Interest,30754.46,INR,PENDING,Online
T0003821,A000541,2025-12-06 04:07:21.530779,Payment,233574.45,INR,FAILED,Branch
T0003822,A001213,2025-11-25 05:33:00.530779,Withdrawal,98394.26,INR,PENDING,ATM
T0003823,A001076,2025-02-07 15:08:37.530779,Transfer,209143.83,INR,FAILED,Branch
T0003824,A000986,2025-04-03 15:14:04.530779,Fee,181748.77,INR,PENDING,Online
T0003825,A000269,2024-12-20 23:34:19.530779,Interest,247013.5,INR,FAILED,Online
T0003826,A001392,2026-06-03 01:32:43.530779,Fee,78270.73,INR,PENDING,Mobile
T0003827,A001106,2024-09-29 06:16:09.530779,Interest,113603.72,INR,SUCCESS,Mobile
T0003828,A001305,2025-01-25 12:43:49.530779,Deposit,143075.58,INR,PENDING,ATM
T0003829,A000352,2025-09-15 13:21:45.530779,Transfer,203895.79,INR,PENDING,ATM
T0003830,A000309,2025-11-21 06:05:14.530779,Deposit,23553.24,INR,FAILED,Branch
T0003831,A001295,2025-11-11 07:19:56.530779,Withdrawal,150446.23,INR,PENDING,ATM
T0003832,A000319,2024-10-27 18:25:54.530779,Transfer,47233.78,INR,SUCCESS,Branch
T0003833,A000493,2025-01-29 11:11:25.530779,Interest,134661.15,INR,FAILED,Online
T0003834,A001318,2025-05-18 01:22:57.530779,Payment,78538.31,INR,PENDING,ATM
T0003835,A000327,2024-11-26 09:23:33.530779,Deposit,35371.72,INR,FAILED,ATM
T0003836,A000101,2025-04-02 12:02:44.530779,Payment,70076.96,INR,SUCCESS,Mobile
T0003837,A001056,2025-05-30 06:07:54.530779,Deposit,213756.67,INR,PENDING,Branch
T0003838,A000543,2024-10-15 04:30:57.530779,Transfer,1076.98,INR,SUCCESS,Online
T0003839,A000025,2024-10-14 21:59:34.530779,Payment,121105.7,INR,PENDING,Mobile
T0003840,A001439,2025-05-19 11:23:28.530779,Interest,60457.39,INR,SUCCESS,Branch
T0003841,A001318,2026-01-19 22:21:07.530779,Withdrawal,122430.76,INR,FAILED,ATM
T0003842,A000815,2025-06-10 15:28:46.530779,Deposit,109449.01,INR,FAILED,ATM
T0003843,A000692,2026-01-20 07:37:47.530779,Transfer,77565.16,INR,SUCCESS,ATM
T0003844,A000369,2026-01-12 02:58:21.530779,Payment,101631.03,INR,SUCCESS,ATM
T0003845,A001189,2026-08-20 08:25:28.530779,Withdrawal,199679.42,INR,PENDING,Mobile
T0003846,A000368,2026-06-03 09:07:23.530779,Payment,176979.91,INR,SUCCESS,Online
T0003847,A001315,2025-09-09 01:34:21.530779,Deposit,52002.75,INR,FAILED,Mobile
T0003848,A001167,2026-07-03 08:30:55.530779,Deposit,109222.35,INR,FAILED,ATM
T0003849,A000590,2026-02-18 06:01:00.530779,Payment,118341.25,INR,SUCCESS,Online
T0003850,A001237,2025-02-01 21:23:04.530779,Deposit,55339.72,INR,SUCCESS,Online
T0003851,A000710,2025-02-18 15:30:26.530779,Fee,60680.86,INR,PENDING,ATM
T0003852,A001368,2025-08-08 16:14:54.530779,Deposit,237238.86,INR,SUCCESS,Online
T0003853,A001380,2024-12-20 14:46:21.530779,Withdrawal,245757.74,INR,SUCCESS,Branch
T0003854,A001225,2026-07-21 11:16:09.530779,Deposit,11559.95,INR,PENDING,ATM
T0003855,A000807,2025-06-04 06:19:54.530779,Transfer,219150.43,INR,FAILED,ATM
T0003856,A000431,2025-07-14 08:34:01.530779,Withdrawal,187212.3,INR,PENDING,Branch
T0003857,A000518,2026-05-15 02:48:42.530779,Withdrawal,39161.9,INR,PENDING,Online
T0003858,A000950,2026-06-28 01:28:54.530779,Interest,37646.5,INR,FAILED,Branch
T0003859,A000654,2026-02-14 08:07:48.530779,Withdrawal,115507.71,INR,SUCCESS,Branch
T0003860,A001370,2026-04-01 11:03:56.530779,Payment,26695.25,INR,PENDING,Mobile
T0003861,A000763,2025-03-31 19:06:17.530779,Withdrawal,9969.12,INR,SUCCESS,Online
T0003862,A000434,2024-11-20 14:49:47.530779,Interest,243869.85,INR,FAILED,Branch
T0003863,A000914,2026-07-12 16:45:14.530779,Transfer,70993.2,INR,FAILED,Branch
T0003864,A000340,2025-01-21 16:53:05.530779,Fee,164551.71,INR,FAILED,Online
T0003865,A000562,2025-05-25 09:57:43.530779,Payment,159466.82,INR,SUCCESS,Mobile
T0003866,A000776,2026-09-18 09:52:48.530779,Transfer,162161.96,INR,PENDING,Branch
T0003867,A000134,2026-03-15 09:48:26.530779,Transfer,74241.91,INR,FAILED,Mobile
T0003868,A000954,2025-08-26 03:50:16.530779,Transfer,123820.58,INR,FAILED,Online
T0003869,A000222,2026-03-01 12:46:16.530779,Interest,210798.1,INR,FAILED,Branch
T0003870,A000736,2026-04-25 13:30:18.530779,Interest,204271.5,INR,FAILED,Branch
T0003871,A000026,2025-08-21 14:25:25.530779,Deposit,196431.7,INR,PENDING,Mobile
T0003872,A000917,2026-09-12 07:24:00.530779,Interest,78762.7,INR,SUCCESS,Branch
T0003873,A000525,2025-06-25 18:12:36.530779,Interest,35003.97,INR,SUCCESS,Mobile
T0003874,A000668,2025-03-27 04:05:06.530779,Deposit,183114.94,INR,FAILED,ATM
T0003875,A001299,2026-01-24 20:49:58.530779,Transfer,209810.85,INR,SUCCESS,Branch
T0003876,A000471,2026-07-08 04:10:44.530779,Payment,99185.06,INR,SUCCESS,ATM
T0003877,A000295,2024-11-30 09:47:46.530779,Payment,76790.55,INR,SUCCESS,Mobile
T0003878,A000095,2026-06-15 16:36:33.530779,Fee,19461.85,INR,FAILED,Mobile
T0003879,A001146,2025-03-22 20:55:21.530779,Withdrawal,30552.75,INR,PENDING,Mobile
T0003880,A000305,2025-09-25 22:40:17.530779,Transfer,223133.74,INR,PENDING,Mobile
T0003881,A000341,2026-06-02 04:59:36.530779,Fee,159526.55,INR,SUCCESS,Online
T0003882,A001163,2026-08-10 10:33:22.530779,Payment,224452.7,INR,PENDING,ATM
T0003883,A000886,2024-10-16 16:12:31.530779,Interest,161638.19,INR,PENDING,ATM
T0003884,A000112,2025-04-10 21:24:01.530779,Fee,117012.65,INR,SUCCESS,ATM
T0003885,A000938,2026-02-12 14:05:50.530779,Interest,155963.21,INR,SUCCESS,Branch
T0003886,A000637,2026-02-19 05:06:09.530779,Transfer,99869.72,INR,FAILED,Branch
T0003887,A001409,2026-06-04 10:39:54.530779,Fee,55573.06,INR,PENDING,Online
T0003888,A001298,2026-08-17 20:00:09.530779,Transfer,52669.37,INR,FAILED,Mobile
T0003889,A001493,2026-08-19 12:23:24.530779,Deposit,132391.44,INR,FAILED,Mobile
T0003890,A000875,2025-08-28 22:29:01.530779,Withdrawal,142758.94,INR,SUCCESS,Branch
T0003891,A000300,2025-10-14 20:01:14.530779,Withdrawal,201817.79,INR,SUCCESS,ATM
T0003892,A001000,2025-12-22 05:12:44.530779,Withdrawal,158038.62,INR,FAILED,Branch
T0003893,A001458,2026-03-27 21:29:00.530779,Withdrawal,118446.8,INR,SUCCESS,ATM
T0003894,A000395,2026-01-11 05:52:03.530779,Interest,170016.29,INR,FAILED,ATM
T0003895,A000815,2025-12-04 14:34:55.530779,Deposit,11588.61,INR,SUCCESS,ATM
T0003896,A000179,2026-05-26 13:29:42.530779,Fee,12144.49,INR,FAILED,Branch
T0003897,A001125,2025-03-11 17:42:43.530779,Payment,189462.07,INR,PENDING,Branch
T0003898,A000557,2026-06-12 05:35:49.530779,Transfer,151057.31,INR,FAILED,Online
T0003899,A001385,2025-05-29 23:05:43.530779,Fee,90120.62,INR,PENDING,Branch
T0003900,A000855,2026-06-18 11:13:33.530779,Deposit,57464.03,INR,FAILED,ATM
T0003901,A001107,2024-11-07 19:52:14.530779,Withdrawal,173881.27,INR,SUCCESS,Online
T0003902,A001116,2026-03-31 08:26:35.530779,Deposit,30414.15,INR,PENDING,Mobile
T0003903,A000862,2025-06-21 16:30:06.530779,Fee,17122.44,INR,SUCCESS,Mobile
T0003904,A001234,2026-02-07 17:24:32.530779,Withdrawal,157946.28,INR,PENDING,Online
T0003905,A000328,2024-12-22 05:10:21.530779,Deposit,19287.04,INR,SUCCESS,Online
T0003906,A000370,2026-02-15 12:47:36.530779,Deposit,1575.38,INR,SUCCESS,Mobile
T0003907,A000746,2026-05-06 03:02:54.530779,Withdrawal,54140.65,INR,SUCCESS,Mobile
T0003908,A001405,2025-10-29 22:37:38.530779,Withdrawal,169754.43,INR,FAILED,Online
T0003909,A000364,2026-05-20 19:34:28.530779,Deposit,42073.59,INR,SUCCESS,Mobile
T0003910,A001125,2025-05-28 03:52:41.530779,Fee,228793.3,INR,FAILED,Mobile
T0003911,A000375,2024-10-25 03:31:17.530779,Fee,86986.18,INR,SUCCESS,Mobile
T0003912,A000996,2024-12-29 16:02:59.530779,Interest,80118.01,INR,PENDING,Online
T0003913,A001414,2024-09-26 23:38:12.530779,Deposit,164073.97,INR,PENDING,Online
T0003914,A000702,2026-01-07 13:07:36.530779,Withdrawal,205225.1,INR,SUCCESS,ATM
T0003915,A000489,2025-08-02 18:42:40.530779,Transfer,247797.82,INR,PENDING,Branch
T0003916,A000149,2025-01-14 12:59:57.530779,Transfer,71241.08,INR,FAILED,ATM
T0003917,A000237,2025-12-09 21:57:33.530779,Deposit,116352.51,INR,PENDING,Online
T0003918,A000927,2026-08-27 19:32:35.530779,Deposit,33430.25,INR,SUCCESS,Mobile
T0003919,A000110,2024-10-23 08:41:44.530779,Deposit,155848.82,INR,PENDING,Online
T0003920,A000580,2026-04-01 06:47:15.530779,Interest,178377.76,INR,PENDING,Online
T0003921,A000344,2025-03-22 06:53:21.530779,Deposit,95171.84,INR,PENDING,Online
T0003922,A001230,2024-10-15 13:04:12.530779,Interest,53752.27,INR,FAILED,Online
T0003923,A000285,2026-04-02 07:55:41.530779,Interest,184033.26,INR,FAILED,Mobile
T0003924,A000788,2026-09-18 15:50:41.530779,Withdrawal,90300.39,INR,PENDING,Online
T0003925,A000452,2025-03-06 02:38:33.530779,Deposit,24772.17,INR,FAILED,ATM
T0003926,A001084,2025-07-14 05:27:33.530779,Interest,53854.77,INR,FAILED,Branch
T0003927,A000208,2026-08-16 00:23:47.530779,Interest,189388.7,INR,FAILED,Branch
T0003928,A000232,2026-02-19 03:27:49.530779,Payment,246805.29,INR,FAILED,Branch
T0003929,A000015,2025-02-05 21:11:40.530779,Withdrawal,80032.67,INR,FAILED,Mobile
T0003930,A000526,2026-02-21 13:52:57.530779,Withdrawal,108134.33,INR,SUCCESS,Online
T0003931,A000084,2025-03-13 05:39:33.530779,Fee,143385.74,INR,SUCCESS,Branch
T0003932,A000428,2026-08-23 11:44:08.530779,Interest,214296.8,INR,FAILED,Online
T0003933,A000159,2025-09-24 06:36:56.530779,Fee,130524.28,INR,SUCCESS,Online
T0003934,A000057,2026-08-01 11:54:25.530779,Payment,80655.75,INR,FAILED,Online
T0003935,A001028,2026-03-14 08:52:32.530779,Transfer,41037.78,INR,FAILED,Branch
T0003936,A000128,2026-02-03 15:41:19.530779,Withdrawal,195439.11,INR,PENDING,ATM
T0003937,A001250,2025-12-10 15:53:20.530779,Payment,12472.81,INR,SUCCESS,Mobile
T0003938,A000921,2024-10-14 23:06:35.530779,Payment,68223.16,INR,FAILED,Online
T0003939,A000476,2025-09-02 17:59:43.530779,Transfer,81985.5,INR,SUCCESS,Online
T0003940,A000905,2026-02-11 05:22:44.530779,Withdrawal,113695.15,INR,PENDING,Branch
T0003941,A001124,2025-05-26 04:26:13.530779,Withdrawal,141220.49,INR,SUCCESS,Mobile
T0003942,A000740,2025-01-30 23:49:31.530779,Deposit,22588.73,INR,SUCCESS,Online
T0003943,A000057,2025-04-05 08:44:09.530779,Payment,223858.25,INR,FAILED,Online
T0003944,A001222,2024-12-03 21:55:41.530779,Deposit,91032.8,INR,SUCCESS,ATM
T0003945,A000645,2024-11-01 14:02:14.530779,Deposit,16629.2,INR,FAILED,ATM
T0003946,A001473,2026-01-19 02:15:21.530779,Deposit,115275.98,INR,PENDING,Branch
T0003947,A000721,2025-06-25 19:07:04.530779,Payment,141728.41,INR,PENDING,Branch
T0003948,A001347,2025-04-07 22:23:39.530779,Deposit,40965.55,INR,FAILED,Online
T0003949,A000052,2025-12-22 21:25:34.530779,Transfer,158716.51,INR,PENDING,Online
T0003950,A001347,2025-05-30 19:10:39.530779,Fee,30205.54,INR,SUCCESS,Online
T0003951,A000687,2024-12-31 09:25:07.530779,Interest,101777.91,INR,PENDING,Branch
T0003952,A000853,2026-01-08 15:24:42.530779,Deposit,146159.41,INR,FAILED,Mobile
T0003953,A000818,2025-06-21 19:58:54.530779,Interest,7343.96,INR,FAILED,Online
T0003954,A000194,2026-04-24 05:00:35.530779,Payment,105599.18,INR,FAILED,Online
T0003955,A000083,2026-01-27 16:25:16.530779,Withdrawal,221089.08,INR,PENDING,Mobile
T0003956,A000516,2026-04-10 23:34:55.530779,Interest,246295.47,INR,SUCCESS,ATM
T0003957,A000333,2025-12-26 17:48:30.530779,Payment,115166.16,INR,SUCCESS,ATM
T0003958,A000122,2025-04-02 04:50:44.530779,Fee,229359.79,INR,PENDING,Mobile
T0003959,A001074,2026-03-18 09:10:42.530779,Fee,138951.63,INR,SUCCESS,ATM
T0003960,A001022,2026-09-15 17:42:27.530779,Withdrawal,244619.68,INR,SUCCESS,Mobile
T0003961,A001485,2025-04-28 22:18:59.530779,Transfer,175176.77,INR,PENDING,Online
T0003962,A000062,2025-03-06 08:42:39.530779,Fee,60745.35,INR,PENDING,Branch
T0003963,A000401,2026-08-02 14:51:18.530779,Interest,151646.03,INR,PENDING,ATM
T0003964,A001094,2025-10-18 09:50:55.530779,Transfer,66715.13,INR,PENDING,Branch
T0003965,A001142,2025-06-01 20:44:52.530779,Withdrawal,79841.87,INR,FAILED,ATM
T0003966,A001235,2025-02-01 08:09:29.530779,Deposit,138313.11,INR,PENDING,Branch
T0003967,A000830,2026-07-29 15:57:28.530779,Withdrawal,197279.6,INR,SUCCESS,Branch
T0003968,A000463,2025-06-01 11:34:16.530779,Withdrawal,214236.21,INR,SUCCESS,Branch
T0003969,A000116,2026-06-27 05:10:59.530779,Deposit,102811.75,INR,SUCCESS,Mobile
T0003970,A000239,2025-06-23 01:34:51.530779,Transfer,172820.01,INR,SUCCESS,Online
T0003971,A001413,2025-10-08 13:55:58.530779,Withdrawal,63930.95,INR,PENDING,ATM
T0003972,A000434,2025-03-20 14:33:38.530779,Payment,42914.69,INR,PENDING,Branch
T0003973,A000400,2025-03-25 07:20:07.530779,Transfer,114896.58,INR,FAILED,ATM
T0003974,A000744,2025-06-19 12:40:29.530779,Interest,29386.61,INR,PENDING,ATM
T0003975,A000595,2025-04-16 09:17:31.530779,Withdrawal,21104.77,INR,SUCCESS,Branch
T0003976,A001180,2025-09-02 09:04:57.530779,Transfer,73327.65,INR,PENDING,ATM
T0003977,A000592,2026-01-22 22:47:13.530779,Withdrawal,191350.78,INR,SUCCESS,ATM
T0003978,A000615,2025-03-22 22:12:05.530779,Payment,59485.5,INR,SUCCESS,ATM
T0003979,A001279,2024-12-05 05:18:22.530779,Deposit,30841.8,INR,FAILED,ATM
T0003980,A001251,2026-02-04 22:47:31.530779,Withdrawal,225528.66,INR,PENDING,Branch
T0003981,A001202,2025-07-12 05:54:40.530779,Fee,219622.71,INR,FAILED,Mobile
T0003982,A001492,2025-06-06 15:28:58.530779,Withdrawal,80869.84,INR,PENDING,Branch
T0003983,A001168,2025-10-08 22:55:05.530779,Deposit,90097.39,INR,SUCCESS,Online
T0003984,A000245,2026-01-08 10:56:14.530779,Transfer,92209.12,INR,PENDING,Online
T0003985,A000570,2026-03-15 07:26:52.530779,Payment,220872.48,INR,SUCCESS,Mobile
T0003986,A000954,2024-11-08 11:47:37.530779,Fee,42961.92,INR,FAILED,Mobile
T0003987,A001484,2024-12-07 00:21:55.530779,Fee,23038.34,INR,FAILED,Branch
T0003988,A000980,2025-07-24 08:07:00.530779,Fee,160024.08,INR,FAILED,Mobile
T0003989,A000098,2025-08-01 06:54:51.530779,Interest,17845.76,INR,FAILED,Branch
T0003990,A000862,2024-10-03 14:55:52.530779,Interest,185887.15,INR,FAILED,Online
T0003991,A001219,2024-10-17 13:10:40.530779,Interest,103363.76,INR,PENDING,Branch
T0003992,A000210,2025-08-02 21:32:03.530779,Withdrawal,199765.01,INR,SUCCESS,Branch
T0003993,A000076,2026-05-25 22:19:26.530779,Payment,84607.52,INR,FAILED,Online
T0003994,A000172,2025-06-19 15:22:04.530779,Transfer,145368.95,INR,SUCCESS,Online
T0003995,A000005,2025-03-07 11:01:21.530779,Withdrawal,181814.09,INR,SUCCESS,Online
T0003996,A000004,2025-11-19 01:02:05.530779,Transfer,190408.81,INR,SUCCESS,Branch
T0003997,A001272,2025-03-08 19:44:32.530779,Fee,103964.42,INR,PENDING,Mobile
T0003998,A000232,2026-07-06 04:17:44.530779,Withdrawal,15113.47,INR,FAILED,Online
T0003999,A001123,2025-06-17 21:53:49.530779,Transfer,35338.38,INR,SUCCESS,Branch
T0004000,A000780,2026-06-15 13:48:42.530779,Fee,151167.27,INR,PENDING,Branch
T0004001,A000336,2026-02-19 08:56:29.530779,Deposit,232865.65,INR,PENDING,Online
T0004002,A000570,2025-07-09 02:30:56.530779,Transfer,34190.1,INR,FAILED,Online
T0004003,A000457,2026-07-09 16:44:54.530779,Payment,42478.02,INR,PENDING,Branch
T0004004,A001186,2024-11-28 12:18:59.530779,Transfer,42497.33,INR,PENDING,ATM
T0004005,A000560,2026-05-26 21:15:38.530779,Payment,243823.96,INR,PENDING,Branch
T0004006,A000437,2026-09-04 15:19:59.530779,Payment,175611.68,INR,PENDING,Mobile
T0004007,A000059,2026-05-20 07:47:22.530779,Transfer,78666.46,INR,FAILED,Branch
T0004008,A001314,2026-07-27 21:18:15.530779,Fee,212169.55,INR,SUCCESS,Branch
T0004009,A000033,2025-12-18 15:15:02.530779,Payment,78039.55,INR,PENDING,Online
T0004010,A001202,2024-10-31 12:51:46.530779,Withdrawal,151350.52,INR,PENDING,Online
T0004011,A000575,2025-08-09 23:35:27.530779,Withdrawal,142493.15,INR,SUCCESS,ATM
T0004012,A000274,2025-12-08 00:21:16.530779,Fee,88955.61,INR,PENDING,Branch
T0004013,A000785,2026-06-15 22:27:57.530779,Payment,179200.15,INR,PENDING,Branch
T0004014,A000630,2025-04-24 12:26:07.530779,Interest,117053.94,INR,FAILED,Online
T0004015,A000168,2026-01-30 11:19:20.530779,Withdrawal,21859.43,INR,SUCCESS,ATM
T0004016,A000339,2025-01-30 13:36:27.530779,Interest,34280.81,INR,FAILED,ATM
T0004017,A000048,2025-01-04 18:35:40.530779,Withdrawal,213665.88,INR,FAILED,ATM
T0004018,A000715,2024-11-21 17:41:45.530779,Fee,158337.3,INR,FAILED,Branch
T0004019,A000689,2025-10-07 08:10:55.530779,Withdrawal,200295.68,INR,PENDING,Mobile
T0004020,A001495,2026-01-14 15:55:41.530779,Fee,82779.89,INR,FAILED,Branch
T0004021,A000661,2026-08-19 12:37:41.530779,Payment,224023.25,INR,FAILED,ATM
T0004022,A001490,2026-04-16 12:16:03.530779,Interest,38761.96,INR,SUCCESS,Mobile
T0004023,A001129,2025-03-13 11:28:44.530779,Transfer,104885.24,INR,PENDING,Online
T0004024,A000665,2024-12-13 17:20:02.530779,Withdrawal,213039.82,INR,FAILED,Mobile
T0004025,A001153,2026-06-18 09:23:46.530779,Interest,190220.25,INR,FAILED,ATM
T0004026,A001279,2025-03-04 07:02:22.530779,Payment,124138.12,INR,PENDING,Online
T0004027,A000459,2025-02-12 01:37:18.530779,Interest,129300.05,INR,FAILED,Online
T0004028,A000121,2025-12-11 23:27:45.530779,Fee,65630.83,INR,SUCCESS,ATM
T0004029,A000264,2026-04-27 02:25:12.530779,Transfer,35961.19,INR,PENDING,ATM
T0004030,A000454,2026-01-14 11:05:09.530779,Interest,135885.11,INR,SUCCESS,Mobile
T0004031,A000988,2026-08-12 21:34:32.530779,Payment,176387.67,INR,FAILED,Mobile
T0004032,A000855,2026-06-11 09:46:51.530779,Deposit,78142.0,INR,PENDING,Branch
T0004033,A000556,2025-03-10 00:13:17.530779,Deposit,127829.4,INR,SUCCESS,Online
T0004034,A000419,2025-11-01 08:23:17.530779,Transfer,221297.48,INR,SUCCESS,Online
T0004035,A001021,2026-03-13 21:13:53.530779,Fee,124056.97,INR,FAILED,Mobile
T0004036,A001333,2026-03-07 05:58:00.530779,Payment,225493.32,INR,PENDING,Mobile
T0004037,A001417,2026-07-26 07:23:05.530779,Fee,10362.61,INR,SUCCESS,Online
T0004038,A000788,2026-01-25 02:31:29.530779,Deposit,248096.51,INR,SUCCESS,Mobile
T0004039,A000766,2024-11-21 17:48:04.530779,Transfer,70414.71,INR,PENDING,ATM
T0004040,A001337,2025-06-02 14:42:27.530779,Payment,13649.96,INR,SUCCESS,Online
T0004041,A000408,2026-06-27 21:27:09.530779,Deposit,55707.28,INR,PENDING,Online
T0004042,A000065,2025-03-01 01:51:42.530779,Fee,60149.82,INR,FAILED,Branch
T0004043,A000938,2025-11-17 17:35:06.530779,Payment,113784.36,INR,FAILED,ATM
T0004044,A000638,2025-12-31 13:10:21.530779,Transfer,87213.62,INR,FAILED,Online
T0004045,A001033,2025-04-21 08:32:18.530779,Deposit,153383.81,INR,PENDING,ATM
T0004046,A001479,2025-04-14 12:28:18.530779,Deposit,27058.88,INR,SUCCESS,Mobile
T0004047,A000419,2025-10-15 22:09:28.530779,Fee,78852.02,INR,SUCCESS,Mobile
T0004048,A001267,2024-11-09 18:59:37.530779,Interest,187801.79,INR,SUCCESS,Mobile
T0004049,A000169,2025-04-01 23:11:48.530779,Withdrawal,91369.34,INR,PENDING,Online
T0004050,A001066,2025-08-04 23:16:14.530779,Transfer,84156.66,INR,SUCCESS,Branch
T0004051,A000772,2024-10-13 04:38:41.530779,Transfer,4439.25,INR,SUCCESS,Branch
T0004052,A000902,2024-10-04 13:27:54.530779,Transfer,179353.61,INR,FAILED,Online
T0004053,A001039,2025-07-21 10:33:34.530779,Payment,109301.16,INR,SUCCESS,Branch
T0004054,A000502,2025-07-09 19:54:31.530779,Interest,247187.56,INR,PENDING,Mobile
T0004055,A000929,2025-12-28 20:30:22.530779,Withdrawal,13727.49,INR,PENDING,ATM
T0004056,A001161,2024-11-13 15:19:54.530779,Transfer,206280.72,INR,SUCCESS,ATM
T0004057,A000323,2025-03-10 00:39:06.530779,Withdrawal,185157.7,INR,FAILED,Mobile
T0004058,A000229,2025-12-28 16:15:12.530779,Withdrawal,93622.44,INR,SUCCESS,ATM
T0004059,A001235,2026-03-17 19:47:38.530779,Deposit,147976.02,INR,PENDING,ATM
T0004060,A000170,2026-05-30 12:28:19.530779,Payment,169706.71,INR,FAILED,Online
T0004061,A000566,2026-09-13 20:41:28.530779,Transfer,209069.1,INR,FAILED,ATM
T0004062,A000515,2025-07-22 15:10:41.530779,Transfer,36180.47,INR,PENDING,Online
T0004063,A000149,2024-10-20 08:48:58.530779,Transfer,42551.77,INR,SUCCESS,Branch
T0004064,A000749,2026-02-09 19:01:46.530779,Transfer,63985.9,INR,SUCCESS,Online
T0004065,A000963,2026-02-16 20:50:05.530779,Payment,149819.16,INR,FAILED,Online
T0004066,A000770,2025-01-25 10:23:51.530779,Payment,234727.6,INR,PENDING,Mobile
T0004067,A000294,2025-11-27 17:16:22.530779,Interest,238268.51,INR,SUCCESS,Mobile
T0004068,A000118,2026-02-17 00:26:36.530779,Interest,77465.9,INR,SUCCESS,Branch
T0004069,A001301,2026-01-28 00:36:38.530779,Payment,60404.24,INR,PENDING,Branch
T0004070,A000217,2024-11-02 08:27:55.530779,Payment,24526.26,INR,PENDING,ATM
T0004071,A001204,2024-10-02 17:10:19.530779,Fee,31962.92,INR,PENDING,Online
T0004072,A000717,2025-10-19 09:11:37.530779,Payment,80971.05,INR,SUCCESS,Branch
T0004073,A001327,2025-09-08 09:56:09.530779,Withdrawal,179417.67,INR,PENDING,Mobile
T0004074,A000819,2025-01-26 19:52:28.530779,Payment,171847.75,INR,PENDING,ATM
T0004075,A001393,2024-12-21 12:21:23.530779,Deposit,105783.95,INR,FAILED,Online
T0004076,A000959,2025-09-10 12:29:03.530779,Deposit,173172.91,INR,FAILED,Branch
T0004077,A000166,2026-08-14 14:35:23.530779,Payment,103704.29,INR,PENDING,ATM
T0004078,A000491,2024-11-03 20:01:28.530779,Payment,233562.11,INR,SUCCESS,Branch
T0004079,A001310,2025-06-03 14:15:34.530779,Deposit,85474.62,INR,FAILED,ATM
T0004080,A000239,2025-01-20 14:28:39.530779,Deposit,54848.98,INR,PENDING,ATM
T0004081,A000384,2025-11-19 06:16:10.530779,Withdrawal,65273.7,INR,FAILED,Online
T0004082,A000765,2026-02-25 04:50:21.530779,Payment,151787.17,INR,SUCCESS,Mobile
T0004083,A001314,2024-12-12 04:43:12.530779,Interest,107471.19,INR,PENDING,Branch
T0004084,A001434,2025-08-05 19:44:48.530779,Payment,144975.5,INR,PENDING,ATM
T0004085,A001170,2026-03-12 16:58:06.530779,Fee,156905.51,INR,FAILED,Mobile
T0004086,A000871,2024-12-16 20:14:32.530779,Withdrawal,14707.94,INR,SUCCESS,Branch
T0004087,A000533,2026-06-24 01:17:03.530779,Interest,51295.94,INR,PENDING,Mobile
T0004088,A001154,2025-03-23 12:04:58.530779,Interest,19737.43,INR,FAILED,Mobile
T0004089,A000247,2025-05-17 23:35:11.530779,Withdrawal,120720.95,INR,FAILED,Online
T0004090,A000800,2025-01-11 17:11:29.530779,Withdrawal,243259.34,INR,PENDING,Online
T0004091,A000871,2026-04-27 17:43:16.530779,Withdrawal,116726.06,INR,PENDING,Online
T0004092,A001367,2026-03-10 12:38:20.530779,Transfer,56632.93,INR,FAILED,Online
T0004093,A000356,2025-11-24 04:53:13.530779,Withdrawal,3116.51,INR,SUCCESS,ATM
T0004094,A000423,2025-11-21 16:33:27.530779,Interest,184253.17,INR,FAILED,Branch
T0004095,A001271,2025-10-07 13:41:11.530779,Interest,72403.89,INR,PENDING,ATM
T0004096,A000611,2024-11-24 23:29:49.530779,Deposit,209540.17,INR,PENDING,Online
T0004097,A000961,2025-04-30 05:13:50.530779,Withdrawal,4714.7,INR,SUCCESS,ATM
T0004098,A001453,2026-03-10 05:46:06.530779,Payment,76221.03,INR,PENDING,Branch
T0004099,A000261,2025-04-19 11:15:27.530779,Interest,181184.42,INR,FAILED,Branch
T0004100,A001141,2024-12-11 03:39:00.530779,Fee,172656.42,INR,SUCCESS,Online
T0004101,A000007,2025-05-26 19:05:29.530779,Interest,210782.82,INR,PENDING,ATM
T0004102,A000285,2026-02-19 14:28:08.530779,Interest,16870.13,INR,FAILED,Mobile
T0004103,A001455,2026-07-17 01:45:43.530779,Deposit,23562.43,INR,SUCCESS,Online
T0004104,A001235,2026-01-10 17:03:59.530779,Deposit,202403.86,INR,SUCCESS,Branch
T0004105,A000806,2025-11-28 13:26:39.530779,Withdrawal,98131.5,INR,PENDING,ATM
T0004106,A001039,2026-01-24 05:48:27.530779,Deposit,162546.0,INR,SUCCESS,Branch
T0004107,A001056,2025-08-20 20:36:05.530779,Transfer,84138.2,INR,SUCCESS,Mobile
T0004108,A001252,2026-08-21 17:19:05.530779,Deposit,179309.64,INR,PENDING,ATM
T0004109,A001005,2024-10-21 07:37:05.530779,Transfer,54755.04,INR,PENDING,Mobile
T0004110,A001352,2026-08-03 03:20:55.530779,Withdrawal,38909.57,INR,FAILED,ATM
T0004111,A001411,2025-01-27 15:44:53.530779,Transfer,103696.27,INR,SUCCESS,ATM
T0004112,A000112,2024-11-07 08:30:50.530779,Transfer,100761.81,INR,FAILED,Online
T0004113,A000258,2025-12-31 01:52:14.530779,Interest,214545.07,INR,FAILED,ATM
T0004114,A001276,2025-02-22 09:46:14.530779,Transfer,198891.25,INR,PENDING,Online
T0004115,A000328,2026-02-14 12:22:26.530779,Interest,149888.37,INR,PENDING,Mobile
T0004116,A000347,2026-02-21 17:44:06.530779,Deposit,226743.02,INR,SUCCESS,ATM
T0004117,A001203,2025-01-21 09:29:51.530779,Payment,110485.14,INR,FAILED,ATM
T0004118,A000504,2026-05-01 02:40:43.530779,Payment,181498.02,INR,FAILED,ATM
T0004119,A000710,2025-12-15 14:29:59.530779,Withdrawal,127085.17,INR,SUCCESS,Mobile
T0004120,A000223,2026-09-10 13:30:34.530779,Fee,163912.46,INR,PENDING,ATM
T0004121,A001365,2026-09-15 19:56:51.530779,Deposit,222353.65,INR,SUCCESS,ATM
T0004122,A001189,2026-04-18 09:01:27.530779,Transfer,47509.0,INR,PENDING,ATM
T0004123,A000984,2025-08-13 16:06:18.530779,Payment,215873.96,INR,SUCCESS,Mobile
T0004124,A000895,2026-03-29 18:56:46.530779,Transfer,156370.95,INR,SUCCESS,Online
T0004125,A000186,2026-09-14 20:38:30.530779,Interest,91939.26,INR,FAILED,Branch
T0004126,A000385,2025-12-18 18:12:01.530779,Withdrawal,236527.81,INR,PENDING,ATM
T0004127,A000786,2026-05-18 06:17:01.530779,Deposit,230928.24,INR,PENDING,ATM
T0004128,A001305,2024-12-18 05:02:40.530779,Payment,7769.67,INR,FAILED,Online
T0004129,A001375,2026-04-18 11:20:29.530779,Withdrawal,102499.67,INR,PENDING,Branch
T0004130,A000898,2026-03-21 00:56:36.530779,Withdrawal,279.19,INR,SUCCESS,Online
T0004131,A001459,2025-05-06 22:30:29.530779,Withdrawal,137690.09,INR,PENDING,Online
T0004132,A000024,2024-11-27 05:10:46.530779,Fee,154489.58,INR,FAILED,Branch
T0004133,A000908,2025-12-02 07:25:59.530779,Withdrawal,236070.1,INR,SUCCESS,Branch
T0004134,A000513,2025-05-06 10:10:42.530779,Fee,56024.82,INR,FAILED,ATM
T0004135,A000002,2025-11-24 17:00:54.530779,Payment,160185.71,INR,PENDING,Online
T0004136,A001351,2025-09-10 14:11:51.530779,Transfer,122646.87,INR,FAILED,Mobile
T0004137,A001002,2026-05-16 14:17:07.530779,Payment,8588.42,INR,FAILED,Branch
T0004138,A001231,2025-12-25 06:45:20.530779,Withdrawal,19066.07,INR,FAILED,Online
T0004139,A000555,2026-05-17 11:52:14.530779,Payment,223576.96,INR,PENDING,Branch
T0004140,A000725,2025-05-24 01:15:08.530779,Fee,242029.79,INR,FAILED,Online
T0004141,A000677,2024-11-18 05:17:05.530779,Withdrawal,245257.01,INR,SUCCESS,Mobile
T0004142,A000262,2025-11-26 14:42:19.530779,Transfer,68103.29,INR,FAILED,Online
T0004143,A001155,2026-08-23 00:37:06.530779,Transfer,128968.58,INR,FAILED,Online
T0004144,A000791,2024-12-21 10:07:44.530779,Deposit,208012.51,INR,PENDING,Branch
T0004145,A000053,2024-10-03 00:55:03.530779,Deposit,229099.59,INR,PENDING,Online
T0004146,A000430,2024-10-25 15:50:25.530779,Fee,126666.33,INR,FAILED,ATM
T0004147,A001453,2025-10-26 15:29:11.530779,Withdrawal,157737.95,INR,PENDING,Branch
T0004148,A000824,2025-07-06 08:18:48.530779,Fee,58071.08,INR,PENDING,Online
T0004149,A000566,2026-04-10 21:26:02.530779,Deposit,52745.9,INR,PENDING,ATM
T0004150,A001020,2026-05-02 13:11:25.530779,Deposit,130966.58,INR,SUCCESS,Online
T0004151,A000718,2025-04-12 23:54:44.530779,Transfer,31550.58,INR,PENDING,ATM
T0004152,A000735,2026-07-22 05:48:21.530779,Interest,17034.22,INR,SUCCESS,Online
T0004153,A001232,2025-04-09 12:17:42.530779,Transfer,214968.74,INR,SUCCESS,ATM
T0004154,A000579,2025-03-09 20:27:07.530779,Deposit,206440.32,INR,FAILED,Branch
T0004155,A001208,2026-06-18 22:10:46.530779,Deposit,182201.61,INR,SUCCESS,Mobile
T0004156,A001111,2025-05-30 19:44:19.530779,Interest,111969.8,INR,FAILED,Branch
T0004157,A000075,2025-10-23 15:05:32.530779,Interest,96871.91,INR,SUCCESS,ATM
T0004158,A000635,2024-12-01 06:47:03.530779,Deposit,161951.66,INR,PENDING,Branch
T0004159,A001094,2026-04-06 07:21:41.530779,Payment,71763.85,INR,PENDING,Mobile
T0004160,A000205,2024-10-11 18:39:17.530779,Fee,49218.57,INR,SUCCESS,Mobile
T0004161,A001361,2026-08-28 20:07:36.530779,Withdrawal,158446.39,INR,PENDING,Branch
T0004162,A000370,2026-09-11 23:44:22.530779,Payment,188052.43,INR,SUCCESS,Mobile
T0004163,A000251,2024-09-24 16:36:40.530779,Transfer,233357.87,INR,PENDING,Online
T0004164,A000241,2026-04-07 11:17:15.530779,Withdrawal,55893.41,INR,SUCCESS,Online
T0004165,A000850,2026-01-14 17:58:27.530779,Deposit,85345.94,INR,FAILED,Branch
T0004166,A000147,2025-12-27 17:23:21.530779,Fee,34235.14,INR,PENDING,Mobile
T0004167,A000121,2024-10-24 07:43:06.530779,Withdrawal,132713.46,INR,FAILED,ATM
T0004168,A000069,2025-12-12 09:15:10.530779,Transfer,125920.01,INR,SUCCESS,Mobile
T0004169,A000429,2026-08-15 23:54:00.530779,Payment,3338.6,INR,FAILED,Branch
T0004170,A000227,2026-03-16 16:59:04.530779,Fee,217991.22,INR,SUCCESS,ATM
T0004171,A001357,2026-05-24 16:37:10.530779,Withdrawal,94563.47,INR,FAILED,Branch
T0004172,A000830,2024-11-24 06:19:22.530779,Transfer,144089.28,INR,FAILED,Branch
T0004173,A000195,2025-06-11 12:39:48.530779,Interest,186300.65,INR,FAILED,Mobile
T0004174,A000364,2025-12-27 12:24:18.530779,Transfer,110906.27,INR,FAILED,ATM
T0004175,A001090,2026-08-15 18:17:47.530779,Withdrawal,245776.24,INR,FAILED,Mobile
T0004176,A001237,2025-11-23 23:15:57.530779,Fee,241788.6,INR,PENDING,Online
T0004177,A000214,2026-03-07 12:43:45.530779,Deposit,204751.75,INR,FAILED,Branch
T0004178,A000476,2026-01-20 08:31:07.530779,Fee,216163.8,INR,SUCCESS,ATM
T0004179,A000588,2026-01-03 15:00:20.530779,Interest,105172.91,INR,SUCCESS,ATM
T0004180,A001090,2024-11-20 14:29:30.530779,Deposit,242641.72,INR,PENDING,Mobile
T0004181,A000139,2026-02-18 07:03:27.530779,Fee,55912.52,INR,FAILED,ATM
T0004182,A000364,2026-09-09 01:37:59.530779,Payment,80077.57,INR,FAILED,Online
T0004183,A000613,2025-06-01 22:12:24.530779,Interest,186411.85,INR,FAILED,Branch
T0004184,A000424,2025-04-15 08:12:19.530779,Fee,144563.14,INR,SUCCESS,ATM
T0004185,A000284,2026-06-20 12:31:13.530779,Transfer,192349.76,INR,FAILED,Online
T0004186,A000649,2025-09-02 02:14:14.530779,Transfer,180644.59,INR,PENDING,Mobile
T0004187,A001097,2025-11-06 06:26:00.530779,Fee,1988.31,INR,PENDING,Mobile
T0004188,A001387,2025-03-09 09:14:08.530779,Interest,218476.65,INR,SUCCESS,Branch
T0004189,A000226,2024-12-19 13:10:29.530779,Interest,131381.15,INR,PENDING,Branch
T0004190,A001295,2025-03-03 18:02:35.530779,Payment,145043.4,INR,FAILED,ATM
T0004191,A001482,2026-01-25 14:38:48.530779,Withdrawal,238173.39,INR,SUCCESS,Branch
T0004192,A001402,2024-10-15 07:02:34.530779,Fee,86201.19,INR,FAILED,Branch
T0004193,A001424,2026-04-16 15:35:27.530779,Withdrawal,103360.71,INR,SUCCESS,Mobile
T0004194,A000318,2025-01-23 21:39:51.530779,Withdrawal,181003.61,INR,FAILED,Online
T0004195,A001438,2026-09-19 05:49:34.530779,Withdrawal,34960.53,INR,PENDING,Online
T0004196,A000714,2025-10-26 06:10:49.530779,Withdrawal,171332.26,INR,FAILED,Online
T0004197,A000563,2026-02-15 12:33:20.530779,Transfer,92077.44,INR,SUCCESS,Mobile
T0004198,A001086,2025-08-11 19:02:42.530779,Withdrawal,21476.0,INR,SUCCESS,Online
T0004199,A000824,2025-05-15 12:04:07.530779,Withdrawal,7094.72,INR,SUCCESS,Mobile
T0004200,A000391,2025-12-05 16:43:03.530779,Transfer,166967.71,INR,PENDING,Online
T0004201,A001187,2025-08-01 15:41:44.530779,Fee,237810.59,INR,FAILED,Branch
T0004202,A001032,2024-12-31 14:57:44.530779,Fee,178476.62,INR,PENDING,Mobile
T0004203,A000303,2024-12-23 06:31:04.530779,Interest,198459.67,INR,SUCCESS,Branch
T0004204,A000836,2025-03-15 19:05:10.530779,Fee,78500.82,INR,FAILED,Mobile
T0004205,A000792,2025-07-22 15:23:07.530779,Deposit,171337.11,INR,PENDING,Mobile
T0004206,A001181,2025-04-23 00:10:03.530779,Withdrawal,212774.47,INR,PENDING,Branch
T0004207,A001225,2025-03-20 18:23:09.530779,Interest,160003.63,INR,FAILED,Branch
T0004208,A000805,2026-08-01 07:12:04.530779,Withdrawal,19600.72,INR,SUCCESS,Mobile
T0004209,A000602,2024-10-06 19:36:13.530779,Payment,10565.9,INR,FAILED,Mobile
T0004210,A001053,2025-10-28 04:58:20.530779,Deposit,58980.57,INR,SUCCESS,Branch
T0004211,A000101,2025-08-05 21:35:23.530779,Fee,206360.31,INR,FAILED,Branch
T0004212,A000166,2025-07-05 20:13:02.530779,Interest,22667.19,INR,SUCCESS,ATM
T0004213,A001393,2026-07-19 07:31:57.530779,Deposit,57261.63,INR,SUCCESS,Online
T0004214,A000796,2026-08-27 02:59:39.530779,Payment,58793.64,INR,FAILED,Branch
T0004215,A001074,2025-03-22 04:39:37.530779,Transfer,90772.0,INR,FAILED,ATM
T0004216,A000006,2024-12-03 09:59:29.530779,Fee,158951.68,INR,FAILED,Branch
T0004217,A001178,2025-02-22 05:21:28.530779,Transfer,19080.54,INR,SUCCESS,Online
T0004218,A001080,2026-02-25 10:47:45.530779,Payment,20041.72,INR,FAILED,Branch
T0004219,A000375,2024-11-03 01:37:06.530779,Payment,222763.44,INR,FAILED,Branch
T0004220,A001305,2026-05-18 00:04:10.530779,Deposit,110605.17,INR,PENDING,ATM
T0004221,A001299,2025-04-12 18:02:17.530779,Fee,26577.48,INR,PENDING,Branch
T0004222,A000569,2025-02-04 10:47:54.530779,Deposit,241104.52,INR,FAILED,Branch
T0004223,A001118,2026-06-23 17:19:40.530779,Fee,72043.77,INR,FAILED,Mobile
T0004224,A000882,2025-02-18 02:12:06.530779,Transfer,14088.98,INR,SUCCESS,ATM
T0004225,A001075,2025-02-23 07:07:41.530779,Fee,48841.03,INR,FAILED,ATM
T0004226,A000157,2024-10-04 16:12:38.530779,Deposit,160595.55,INR,SUCCESS,Branch
T0004227,A001057,2025-03-14 21:52:36.530779,Transfer,6092.16,INR,SUCCESS,Online
T0004228,A000063,2025-09-09 22:40:59.530779,Payment,108486.9,INR,SUCCESS,ATM
T0004229,A000480,2026-03-27 11:48:05.530779,Withdrawal,164298.83,INR,SUCCESS,Branch
T0004230,A000933,2024-12-11 08:42:12.530779,Fee,190113.07,INR,FAILED,ATM
T0004231,A001153,2024-11-26 05:38:39.530779,Fee,173780.57,INR,FAILED,Mobile
T0004232,A000369,2025-02-26 23:38:23.530779,Fee,239555.99,INR,PENDING,Online
T0004233,A000371,2025-09-20 23:13:30.530779,Deposit,127301.86,INR,PENDING,ATM
T0004234,A000903,2025-02-09 03:27:29.530779,Payment,136931.06,INR,SUCCESS,Mobile
T0004235,A000881,2025-11-21 21:32:22.530779,Withdrawal,83607.69,INR,SUCCESS,ATM
T0004236,A000467,2024-11-17 16:48:16.530779,Interest,34054.17,INR,PENDING,Online
T0004237,A000605,2025-05-15 21:18:11.530779,Withdrawal,13638.82,INR,PENDING,Mobile
T0004238,A000345,2025-09-29 01:05:51.530779,Payment,62725.56,INR,FAILED,Mobile
T0004239,A000472,2025-05-23 19:51:36.530779,Fee,240074.67,INR,FAILED,Online
T0004240,A000987,2026-08-16 07:52:29.530779,Interest,98306.86,INR,FAILED,Mobile
T0004241,A001213,2026-05-23 20:41:35.530779,Transfer,38674.53,INR,PENDING,ATM
T0004242,A000392,2026-03-11 00:07:36.530779,Withdrawal,246336.41,INR,PENDING,Branch
T0004243,A000197,2026-07-07 08:42:03.530779,Transfer,139200.62,INR,PENDING,Mobile
T0004244,A001329,2025-01-29 20:56:20.530779,Deposit,128884.05,INR,SUCCESS,ATM
T0004245,A001375,2024-11-17 09:20:46.530779,Fee,213749.74,INR,PENDING,Online
T0004246,A000057,2025-08-28 20:42:43.530779,Transfer,29567.82,INR,SUCCESS,Mobile
T0004247,A000349,2026-01-10 17:12:17.530779,Deposit,14932.53,INR,SUCCESS,Branch
T0004248,A000527,2025-06-06 09:56:56.530779,Payment,143139.73,INR,SUCCESS,Online
T0004249,A000966,2026-08-29 02:02:25.530779,Deposit,121157.83,INR,FAILED,Online
T0004250,A001455,2024-10-20 06:43:33.530779,Transfer,89200.54,INR,PENDING,ATM
T0004251,A000675,2026-03-16 13:51:06.530779,Interest,233364.51,INR,SUCCESS,Branch
T0004252,A001227,2025-07-17 09:33:20.530779,Payment,101274.84,INR,SUCCESS,Branch
T0004253,A000807,2025-02-05 07:24:25.530779,Payment,182429.84,INR,FAILED,Branch
T0004254,A000304,2025-06-16 03:11:55.530779,Deposit,139626.39,INR,PENDING,Online
T0004255,A001059,2025-04-05 15:18:59.530779,Fee,52755.41,INR,PENDING,Mobile
T0004256,A001093,2025-09-19 04:15:45.530779,Interest,236034.83,INR,PENDING,ATM
T0004257,A000443,2024-09-24 10:34:30.530779,Fee,61841.95,INR,FAILED,Online
T0004258,A000281,2025-11-05 00:05:32.530779,Payment,151964.33,INR,PENDING,ATM
T0004259,A000765,2026-01-27 15:29:28.530779,Withdrawal,172516.23,INR,FAILED,Branch
T0004260,A001145,2026-04-17 09:58:32.530779,Deposit,54335.4,INR,PENDING,Online
T0004261,A000820,2025-12-01 06:34:34.530779,Payment,130857.61,INR,FAILED,ATM
T0004262,A001327,2025-02-20 08:57:16.530779,Fee,16857.27,INR,FAILED,Mobile
T0004263,A000549,2026-02-01 13:27:49.530779,Withdrawal,152492.56,INR,PENDING,Mobile
T0004264,A000024,2026-06-09 07:26:48.530779,Withdrawal,239083.98,INR,FAILED,Mobile
T0004265,A000278,2026-05-26 12:46:48.530779,Interest,174576.89,INR,FAILED,Online
T0004266,A001101,2026-03-08 23:13:15.530779,Transfer,47132.68,INR,PENDING,Branch
T0004267,A001444,2025-05-20 09:59:52.530779,Deposit,23338.73,INR,FAILED,Branch
T0004268,A000674,2025-07-28 16:00:21.530779,Transfer,181905.75,INR,SUCCESS,Branch
T0004269,A000565,2026-01-07 00:46:26.530779,Fee,238195.81,INR,SUCCESS,Branch
T0004270,A000139,2026-01-02 18:52:18.530779,Fee,77576.53,INR,FAILED,ATM
T0004271,A000924,2026-05-01 16:52:44.530779,Withdrawal,152438.77,INR,SUCCESS,Online
T0004272,A001408,2026-07-31 06:43:54.530779,Transfer,5407.12,INR,FAILED,Mobile
T0004273,A001494,2025-11-05 19:08:31.530779,Fee,24233.09,INR,SUCCESS,Online
T0004274,A001446,2025-07-17 03:24:58.530779,Interest,124278.52,INR,FAILED,Branch
T0004275,A000570,2026-06-21 22:41:56.530779,Withdrawal,8021.08,INR,PENDING,Mobile
T0004276,A001353,2025-01-04 17:44:15.530779,Fee,114133.22,INR,FAILED,Online
T0004277,A001181,2026-08-14 14:52:44.530779,Fee,25306.83,INR,FAILED,Branch
T0004278,A000841,2025-03-24 07:51:41.530779,Withdrawal,77119.88,INR,SUCCESS,Online
T0004279,A001102,2024-10-22 09:01:47.530779,Transfer,109969.46,INR,PENDING,Branch
T0004280,A000298,2025-12-24 03:26:52.530779,Payment,81990.18,INR,FAILED,Mobile
T0004281,A001134,2026-04-05 01:51:24.530779,Withdrawal,210270.03,INR,PENDING,Online
T0004282,A001152,2025-03-09 17:17:21.530779,Fee,160370.41,INR,PENDING,ATM
T0004283,A000529,2026-07-16 05:25:20.530779,Fee,238825.33,INR,PENDING,Online
T0004284,A000053,2026-06-21 14:09:01.530779,Interest,132504.07,INR,SUCCESS,ATM
T0004285,A000686,2026-08-14 19:49:39.530779,Transfer,48405.94,INR,PENDING,Mobile
T0004286,A000440,2024-11-22 09:33:16.530779,Payment,224810.4,INR,SUCCESS,Online
T0004287,A000755,2026-03-16 11:06:41.530779,Fee,100949.52,INR,FAILED,Online
T0004288,A000892,2026-02-06 03:55:00.530779,Fee,208668.84,INR,FAILED,Online
T0004289,A000005,2025-06-24 10:32:57.530779,Deposit,14871.55,INR,PENDING,ATM
T0004290,A000757,2024-10-27 15:36:54.530779,Payment,11379.42,INR,SUCCESS,Online
T0004291,A000640,2024-11-11 14:49:23.530779,Deposit,111188.79,INR,PENDING,Branch
T0004292,A000842,2025-03-01 20:42:11.530779,Fee,185172.01,INR,SUCCESS,ATM
T0004293,A000929,2025-07-29 05:01:52.530779,Withdrawal,185685.91,INR,FAILED,Branch
T0004294,A000306,2026-05-02 21:14:44.530779,Transfer,28815.36,INR,PENDING,Branch
T0004295,A000842,2026-08-27 06:31:31.530779,Payment,157804.31,INR,FAILED,ATM
T0004296,A001042,2025-12-20 12:45:46.530779,Payment,209095.19,INR,PENDING,Mobile
T0004297,A000138,2026-08-03 17:03:45.530779,Deposit,209892.95,INR,FAILED,Mobile
T0004298,A000727,2026-05-14 04:37:51.530779,Interest,178515.36,INR,SUCCESS,Branch
T0004299,A000942,2026-08-30 17:28:19.530779,Deposit,139605.5,INR,SUCCESS,Branch
T0004300,A000219,2024-09-22 22:33:19.530779,Payment,72439.99,INR,SUCCESS,Online
T0004301,A000324,2025-06-10 01:39:35.530779,Transfer,94317.46,INR,SUCCESS,Online
T0004302,A000412,2025-07-17 03:49:53.530779,Deposit,102311.29,INR,FAILED,Branch
T0004303,A000303,2026-01-09 12:14:58.530779,Payment,194125.11,INR,SUCCESS,Branch
T0004304,A000918,2025-01-11 05:05:59.530779,Fee,248221.22,INR,PENDING,Branch
T0004305,A000881,2025-01-03 15:24:55.530779,Withdrawal,185348.17,INR,FAILED,Online
T0004306,A000366,2025-11-14 10:11:33.530779,Interest,114683.94,INR,PENDING,Online
T0004307,A000432,2026-08-25 10:08:14.530779,Fee,136984.73,INR,SUCCESS,Branch
T0004308,A000815,2025-11-10 16:14:41.530779,Withdrawal,233237.35,INR,SUCCESS,Branch
T0004309,A000713,2024-10-25 04:39:57.530779,Transfer,61719.01,INR,SUCCESS,Branch
T0004310,A001177,2026-07-07 07:52:51.530779,Deposit,79709.97,INR,FAILED,Branch
T0004311,A000259,2025-06-26 16:59:46.530779,Transfer,104693.57,INR,FAILED,Branch
T0004312,A000323,2026-01-11 18:05:02.530779,Interest,11296.32,INR,SUCCESS,Branch
T0004313,A000801,2026-06-17 00:12:35.530779,Interest,227021.04,INR,FAILED,ATM
T0004314,A000805,2024-10-23 06:09:24.530779,Deposit,59465.78,INR,SUCCESS,Branch
T0004315,A000277,2025-05-09 02:50:12.530779,Withdrawal,198261.46,INR,PENDING,Online
T0004316,A000787,2026-09-19 15:09:22.530779,Payment,108913.17,INR,FAILED,ATM
T0004317,A000665,2026-07-22 23:35:02.530779,Withdrawal,183997.29,INR,SUCCESS,ATM
T0004318,A001336,2025-02-27 22:15:54.530779,Deposit,172932.36,INR,FAILED,ATM
T0004319,A000459,2025-05-04 11:37:26.530779,Interest,41749.46,INR,PENDING,Branch
T0004320,A001127,2024-12-04 16:24:31.530779,Interest,3105.44,INR,PENDING,Online
T0004321,A000066,2025-05-23 18:20:09.530779,Transfer,113325.7,INR,SUCCESS,Online
T0004322,A000909,2025-05-06 13:11:51.530779,Fee,189326.28,INR,PENDING,Branch
T0004323,A000681,2025-07-20 12:25:24.530779,Transfer,33432.44,INR,SUCCESS,ATM
T0004324,A000903,2025-01-20 00:31:39.530779,Deposit,248226.54,INR,FAILED,ATM
T0004325,A000746,2026-02-10 23:44:05.530779,Withdrawal,155761.33,INR,FAILED,Online
T0004326,A001089,2026-04-18 13:56:14.530779,Payment,222381.96,INR,FAILED,ATM
T0004327,A000392,2024-12-23 04:02:32.530779,Transfer,232103.73,INR,PENDING,Branch
T0004328,A000652,2026-07-23 05:44:24.530779,Fee,99346.83,INR,SUCCESS,Branch
T0004329,A000883,2025-05-30 10:50:54.530779,Deposit,8844.46,INR,PENDING,Mobile
T0004330,A000129,2025-08-28 12:01:14.530779,Transfer,21939.39,INR,PENDING,Branch
T0004331,A000155,2026-09-01 12:39:14.530779,Fee,50268.96,INR,PENDING,ATM
T0004332,A000447,2026-05-15 11:36:38.530779,Deposit,208794.23,INR,SUCCESS,Branch
T0004333,A000515,2025-04-10 09:09:16.530779,Transfer,132537.1,INR,SUCCESS,Online
T0004334,A000867,2026-06-21 17:21:39.530779,Interest,39959.95,INR,SUCCESS,ATM
T0004335,A000813,2025-11-20 02:40:33.530779,Transfer,170842.47,INR,SUCCESS,ATM
T0004336,A000687,2025-02-19 15:08:26.530779,Withdrawal,37876.98,INR,SUCCESS,Mobile
T0004337,A000921,2026-08-12 08:57:27.530779,Deposit,185391.36,INR,PENDING,Online
T0004338,A000553,2024-09-22 03:19:57.530779,Fee,172777.94,INR,SUCCESS,Branch
T0004339,A001144,2024-12-03 21:50:09.530779,Fee,68190.15,INR,PENDING,ATM
T0004340,A000619,2025-05-30 15:43:11.530779,Fee,166539.97,INR,PENDING,Online
T0004341,A001056,2025-02-06 14:03:36.530779,Deposit,121934.63,INR,PENDING,Mobile
T0004342,A001068,2024-09-27 23:56:46.530779,Deposit,80975.27,INR,PENDING,Online
T0004343,A001041,2025-08-23 23:15:16.530779,Deposit,136671.86,INR,FAILED,Online
T0004344,A000579,2025-04-05 07:18:59.530779,Interest,209854.4,INR,FAILED,Online
T0004345,A001424,2026-04-09 03:31:05.530779,Interest,223306.77,INR,FAILED,Branch
T0004346,A000699,2026-09-17 07:29:18.530779,Interest,129601.48,INR,PENDING,Branch
T0004347,A000078,2026-05-18 20:55:16.530779,Interest,46176.01,INR,SUCCESS,Mobile
T0004348,A000842,2024-11-29 02:58:06.530779,Interest,103768.8,INR,FAILED,Branch
T0004349,A001304,2024-10-12 04:25:14.530779,Deposit,40274.75,INR,FAILED,Branch
T0004350,A000529,2025-12-22 14:47:40.530779,Withdrawal,126479.46,INR,SUCCESS,ATM
T0004351,A000390,2026-04-22 18:29:45.530779,Payment,194353.7,INR,SUCCESS,Branch
T0004352,A001043,2025-06-20 22:04:17.530779,Fee,195876.98,INR,FAILED,ATM
T0004353,A000353,2026-05-26 02:09:15.530779,Payment,1224.52,INR,PENDING,Mobile
T0004354,A000459,2024-09-20 08:20:17.530779,Deposit,181026.03,INR,FAILED,Branch
T0004355,A001407,2025-10-03 14:37:15.530779,Transfer,123909.52,INR,SUCCESS,Branch
T0004356,A001006,2025-10-25 12:19:59.530779,Fee,157966.43,INR,SUCCESS,Online
T0004357,A001278,2025-07-09 20:21:12.530779,Transfer,212356.23,INR,FAILED,Mobile
T0004358,A001384,2026-02-15 20:10:31.530779,Payment,72746.36,INR,SUCCESS,Branch
T0004359,A000081,2025-06-24 12:14:04.530779,Fee,96466.25,INR,PENDING,ATM
T0004360,A000261,2025-04-02 04:10:08.530779,Withdrawal,5839.44,INR,SUCCESS,ATM
T0004361,A000790,2026-04-08 17:14:25.530779,Transfer,23596.89,INR,SUCCESS,Branch
T0004362,A001372,2024-12-30 07:21:02.530779,Fee,91082.22,INR,FAILED,Branch
T0004363,A001115,2025-06-04 11:06:06.530779,Payment,29730.65,INR,PENDING,Online
T0004364,A001033,2026-08-25 11:11:09.530779,Withdrawal,144194.52,INR,FAILED,Online
T0004365,A000756,2026-03-04 07:24:42.530779,Transfer,158408.97,INR,FAILED,Mobile
T0004366,A000971,2026-08-12 22:41:48.530779,Fee,132647.13,INR,PENDING,Online
T0004367,A000032,2026-05-16 05:41:27.530779,Payment,153016.95,INR,FAILED,Branch
T0004368,A000365,2026-06-09 06:34:14.530779,Transfer,166109.58,INR,PENDING,Branch
T0004369,A000893,2025-02-12 16:07:19.530779,Interest,40891.82,INR,SUCCESS,Branch
T0004370,A000170,2026-03-25 08:01:12.530779,Withdrawal,117555.72,INR,SUCCESS,ATM
T0004371,A000422,2025-01-23 18:48:50.530779,Fee,184908.53,INR,PENDING,ATM
T0004372,A000964,2025-09-02 22:32:26.530779,Fee,205315.63,INR,SUCCESS,Mobile
T0004373,A000037,2025-02-04 18:08:25.530779,Deposit,215237.33,INR,FAILED,Online
T0004374,A000862,2026-08-15 00:24:09.530779,Withdrawal,141050.7,INR,FAILED,Online
T0004375,A001353,2025-02-03 13:30:14.530779,Fee,71637.24,INR,FAILED,Mobile
T0004376,A000569,2025-09-28 07:12:15.530779,Deposit,248495.79,INR,PENDING,ATM
T0004377,A001273,2026-09-03 08:24:41.530779,Deposit,7759.63,INR,SUCCESS,Mobile
T0004378,A001083,2025-05-22 03:55:58.530779,Payment,209510.99,INR,PENDING,Branch
T0004379,A001305,2026-01-12 20:17:44.530779,Deposit,222120.06,INR,FAILED,Branch
T0004380,A000988,2025-06-10 16:33:59.530779,Interest,158723.95,INR,SUCCESS,Online
T0004381,A000605,2024-12-10 01:40:08.530779,Deposit,137870.93,INR,PENDING,ATM
T0004382,A001143,2025-05-30 16:28:42.530779,Withdrawal,98630.73,INR,SUCCESS,Branch
T0004383,A001272,2026-01-13 16:44:53.530779,Transfer,161123.1,INR,SUCCESS,ATM
T0004384,A000665,2025-02-12 04:16:50.530779,Withdrawal,147909.07,INR,PENDING,Mobile
T0004385,A000263,2025-02-04 09:01:45.530779,Transfer,221279.63,INR,FAILED,Branch
T0004386,A000934,2025-12-25 06:02:09.530779,Payment,63138.3,INR,FAILED,ATM
T0004387,A000219,2024-11-08 05:25:52.530779,Interest,201150.9,INR,PENDING,ATM
T0004388,A000205,2025-03-30 02:49:25.530779,Transfer,131630.27,INR,FAILED,Online
T0004389,A000389,2025-05-10 13:12:30.530779,Fee,57650.2,INR,FAILED,Branch
T0004390,A000610,2026-03-29 17:50:01.530779,Withdrawal,202852.7,INR,SUCCESS,ATM
T0004391,A001410,2026-01-06 11:29:19.530779,Interest,173016.91,INR,PENDING,Mobile
T0004392,A001217,2025-10-02 17:44:30.530779,Transfer,111823.78,INR,FAILED,Online
T0004393,A001437,2025-10-17 20:24:32.530779,Interest,207365.05,INR,PENDING,Mobile
T0004394,A000495,2026-03-12 11:49:13.530779,Withdrawal,161338.99,INR,SUCCESS,Mobile
T0004395,A000835,2025-08-10 10:44:01.530779,Deposit,213058.29,INR,PENDING,Branch
T0004396,A000843,2026-05-19 09:58:51.530779,Interest,246790.88,INR,PENDING,Branch
T0004397,A001065,2026-03-11 01:54:50.530779,Fee,129243.48,INR,FAILED,Mobile
T0004398,A000461,2025-11-18 02:17:04.530779,Fee,81459.48,INR,PENDING,ATM
T0004399,A001200,2026-07-04 11:22:20.530779,Withdrawal,176095.36,INR,SUCCESS,Online
T0004400,A000687,2026-09-19 19:49:41.530779,Interest,109613.06,INR,SUCCESS,ATM
T0004401,A000179,2026-06-27 01:18:36.530779,Fee,70268.06,INR,SUCCESS,Branch
T0004402,A000866,2026-02-01 20:13:00.530779,Withdrawal,100316.99,INR,SUCCESS,Branch
T0004403,A001153,2025-09-16 10:03:45.530779,Fee,219476.91,INR,PENDING,Branch
T0004404,A001450,2026-04-26 02:33:23.530779,Payment,138533.42,INR,PENDING,Mobile
T0004405,A000091,2025-02-05 00:10:09.530779,Fee,179552.92,INR,SUCCESS,Online
T0004406,A000524,2024-10-20 02:58:33.530779,Withdrawal,126201.97,INR,FAILED,Branch
T0004407,A000810,2026-05-23 01:31:48.530779,Withdrawal,80002.23,INR,FAILED,Branch
T0004408,A000697,2025-08-17 20:46:15.530779,Deposit,63414.19,INR,PENDING,Online
T0004409,A000912,2026-04-21 13:54:11.530779,Deposit,158153.38,INR,PENDING,Online
T0004410,A000017,2026-07-31 18:02:35.530779,Deposit,178321.85,INR,PENDING,ATM
T0004411,A000376,2026-03-01 17:02:30.530779,Transfer,39240.98,INR,SUCCESS,Branch
T0004412,A000601,2026-08-10 22:46:16.530779,Interest,173096.87,INR,FAILED,Branch
T0004413,A001269,2025-09-12 04:06:28.530779,Transfer,204046.46,INR,SUCCESS,Online
T0004414,A000936,2025-09-08 03:36:53.530779,Deposit,146622.3,INR,SUCCESS,ATM
T0004415,A001337,2024-11-24 05:59:03.530779,Withdrawal,216174.81,INR,FAILED,Mobile
T0004416,A000476,2025-05-18 11:21:17.530779,Payment,115877.61,INR,PENDING,Branch
T0004417,A001020,2026-08-17 17:03:11.530779,Payment,53247.7,INR,PENDING,Mobile
T0004418,A001090,2025-10-22 11:37:08.530779,Payment,80735.45,INR,SUCCESS,Online
T0004419,A001452,2024-09-29 10:20:08.530779,Interest,147613.22,INR,PENDING,Online
T0004420,A000964,2025-06-08 23:27:57.530779,Payment,18845.55,INR,PENDING,Mobile
T0004421,A000846,2026-02-24 00:30:56.530779,Deposit,235098.64,INR,PENDING,Online
T0004422,A000808,2026-01-25 09:02:54.530779,Payment,221858.65,INR,FAILED,Branch
T0004423,A000972,2026-08-05 09:22:01.530779,Withdrawal,198434.31,INR,PENDING,Online
T0004424,A000349,2026-01-03 03:47:15.530779,Transfer,192034.83,INR,FAILED,Branch
T0004425,A001345,2025-11-27 17:39:00.530779,Withdrawal,195680.33,INR,PENDING,Online
T0004426,A000714,2025-05-01 05:01:22.530779,Withdrawal,96775.65,INR,PENDING,ATM
T0004427,A000668,2025-02-14 12:37:26.530779,Fee,111427.77,INR,PENDING,Branch
T0004428,A000656,2026-02-03 06:57:41.530779,Interest,2728.95,INR,PENDING,Online
T0004429,A000361,2024-11-15 17:36:18.530779,Fee,172174.37,INR,PENDING,ATM
T0004430,A000549,2026-01-05 13:28:59.530779,Interest,103858.2,INR,PENDING,Online
T0004431,A000181,2025-03-26 13:13:25.530779,Transfer,152387.36,INR,PENDING,Mobile
T0004432,A001373,2026-07-24 14:10:13.530779,Withdrawal,26918.45,INR,PENDING,Branch
T0004433,A000684,2025-03-19 15:29:59.530779,Payment,174539.13,INR,FAILED,Mobile
T0004434,A001195,2026-05-07 00:49:18.530779,Transfer,16001.9,INR,PENDING,ATM
T0004435,A000446,2025-10-27 14:01:31.530779,Deposit,15509.91,INR,FAILED,Mobile
T0004436,A001457,2025-10-24 04:42:42.530779,Deposit,198156.29,INR,SUCCESS,ATM
T0004437,A000797,2026-08-16 02:14:26.530779,Transfer,14215.95,INR,PENDING,Branch
T0004438,A000114,2026-09-19 23:01:16.530779,Transfer,209835.03,INR,PENDING,Online
T0004439,A001340,2024-12-21 06:52:26.530779,Transfer,191310.43,INR,SUCCESS,Branch
T0004440,A000505,2026-06-28 22:24:11.530779,Fee,103962.43,INR,SUCCESS,Branch
T0004441,A001220,2026-06-25 05:22:14.530779,Transfer,145228.16,INR,PENDING,Branch
T0004442,A000961,2025-12-15 16:12:24.530779,Interest,15391.17,INR,FAILED,ATM
T0004443,A001198,2026-03-03 21:00:34.530779,Interest,192597.65,INR,FAILED,Online
T0004444,A001240,2025-03-25 20:49:51.530779,Payment,152285.12,INR,PENDING,Online
T0004445,A001442,2025-08-19 10:04:35.530779,Fee,45851.88,INR,FAILED,Online
T0004446,A000261,2024-11-09 23:20:40.530779,Fee,61897.06,INR,PENDING,Online
T0004447,A000801,2025-04-25 04:06:52.530779,Fee,143024.92,INR,FAILED,ATM
T0004448,A000321,2025-11-24 00:08:48.530779,Deposit,62503.46,INR,PENDING,ATM
T0004449,A001024,2024-12-06 12:31:32.530779,Payment,20989.64,INR,SUCCESS,Online
T0004450,A000354,2026-03-12 09:06:38.530779,Interest,156388.46,INR,FAILED,Online
T0004451,A000848,2026-05-17 12:17:18.530779,Deposit,118283.01,INR,PENDING,ATM
T0004452,A001229,2025-08-30 19:44:39.530779,Withdrawal,38869.12,INR,PENDING,ATM
T0004453,A001415,2025-09-25 04:08:57.530779,Fee,80858.56,INR,FAILED,Online
T0004454,A000012,2025-12-11 06:31:38.530779,Interest,37925.21,INR,SUCCESS,Mobile
T0004455,A000483,2026-06-04 07:32:27.530779,Transfer,237636.03,INR,PENDING,Branch
T0004456,A001020,2026-03-13 21:43:42.530779,Deposit,93703.62,INR,SUCCESS,ATM
T0004457,A000840,2026-05-25 23:03:20.530779,Transfer,121157.63,INR,SUCCESS,Branch
T0004458,A001022,2026-03-12 10:42:31.530779,Transfer,103148.8,INR,PENDING,ATM
T0004459,A000932,2025-08-14 00:39:38.530779,Interest,37807.55,INR,PENDING,Mobile
T0004460,A000252,2025-01-02 23:47:10.530779,Fee,237302.49,INR,PENDING,Online
T0004461,A000101,2026-03-12 19:19:13.530779,Fee,120097.75,INR,FAILED,ATM
T0004462,A001388,2025-09-14 00:21:35.530779,Transfer,135779.85,INR,PENDING,Online
T0004463,A000022,2025-08-13 18:43:04.530779,Deposit,476.95,INR,PENDING,Branch
T0004464,A001008,2026-01-31 21:04:32.530779,Transfer,63484.32,INR,FAILED,Online
T0004465,A000915,2026-05-15 07:09:11.530779,Fee,202848.64,INR,PENDING,Branch
T0004466,A000787,2025-10-10 06:29:14.530779,Interest,73989.73,INR,FAILED,Mobile
T0004467,A000616,2025-05-02 07:56:51.530779,Payment,110727.19,INR,PENDING,Branch
T0004468,A000983,2025-05-12 06:39:40.530779,Fee,223551.75,INR,SUCCESS,Mobile
T0004469,A000349,2026-08-30 15:05:58.530779,Fee,28699.39,INR,SUCCESS,ATM
T0004470,A000448,2024-09-20 06:01:50.530779,Payment,72613.46,INR,PENDING,Branch
T0004471,A000642,2025-05-28 09:55:32.530779,Deposit,80850.77,INR,SUCCESS,Online
T0004472,A000018,2026-05-27 09:58:48.530779,Transfer,227080.12,INR,SUCCESS,ATM
T0004473,A000854,2026-01-17 04:10:58.530779,Deposit,156115.99,INR,PENDING,Branch
T0004474,A000156,2025-03-06 21:05:55.530779,Transfer,88915.16,INR,PENDING,Branch
T0004475,A000840,2025-12-25 08:01:49.530779,Payment,4117.07,INR,PENDING,ATM
T0004476,A001243,2026-05-07 03:36:38.530779,Fee,23374.15,INR,FAILED,Branch
T0004477,A000893,2025-05-15 13:35:14.530779,Transfer,51325.96,INR,FAILED,ATM
T0004478,A000614,2026-03-10 15:49:39.530779,Fee,186902.24,INR,PENDING,ATM
T0004479,A000928,2026-07-22 12:37:00.530779,Deposit,61260.6,INR,PENDING,ATM
T0004480,A001481,2025-06-15 09:02:20.530779,Fee,233183.21,INR,SUCCESS,Branch
T0004481,A000656,2025-05-26 19:58:53.530779,Withdrawal,84802.97,INR,FAILED,Branch
T0004482,A000569,2026-01-21 17:01:41.530779,Withdrawal,109703.2,INR,SUCCESS,Online
T0004483,A001040,2025-02-12 07:31:17.530779,Transfer,128851.8,INR,FAILED,ATM
T0004484,A001272,2025-10-17 02:04:34.530779,Deposit,231950.46,INR,PENDING,Branch
T0004485,A001010,2025-08-26 13:01:15.530779,Fee,217631.2,INR,PENDING,Mobile
T0004486,A001218,2025-01-27 06:15:07.530779,Deposit,159848.7,INR,SUCCESS,Online
T0004487,A000026,2025-08-17 20:52:51.530779,Transfer,71734.48,INR,PENDING,Online
T0004488,A000778,2025-12-12 07:48:26.530779,Transfer,137677.24,INR,FAILED,Online
T0004489,A000138,2025-08-16 20:04:58.530779,Fee,56106.88,INR,FAILED,Mobile
T0004490,A000258,2025-07-14 14:18:40.530779,Interest,184872.12,INR,FAILED,Online
T0004491,A001250,2025-02-04 06:17:24.530779,Withdrawal,61816.02,INR,SUCCESS,Branch
T0004492,A000415,2025-08-30 08:02:55.530779,Transfer,219332.75,INR,SUCCESS,ATM
T0004493,A000643,2026-06-09 16:37:30.530779,Fee,167669.48,INR,SUCCESS,Branch
T0004494,A000381,2025-02-27 17:46:15.530779,Interest,176011.1,INR,PENDING,Branch
T0004495,A001004,2024-09-20 18:33:23.530779,Fee,122250.08,INR,PENDING,ATM
T0004496,A001033,2026-06-30 16:33:59.530779,Interest,214905.06,INR,SUCCESS,Branch
T0004497,A000871,2025-04-02 16:21:42.530779,Withdrawal,11945.79,INR,FAILED,Branch
T0004498,A001314,2025-05-02 20:35:03.530779,Fee,181211.29,INR,FAILED,Branch
T0004499,A001166,2025-11-15 00:25:13.530779,Payment,164370.93,INR,FAILED,ATM
T0004500,A000114,2025-08-28 23:50:04.530779,Interest,160682.32,INR,FAILED,ATM
T0004501,A000909,2026-07-29 01:07:02.530779,Interest,35210.01,INR,FAILED,Mobile
T0004502,A001406,2026-06-06 00:25:10.530779,Deposit,4402.71,INR,FAILED,Mobile
T0004503,A001413,2026-09-17 06:03:15.530779,Withdrawal,101249.89,INR,SUCCESS,Branch
T0004504,A000708,2026-03-03 05:11:38.530779,Transfer,96514.19,INR,SUCCESS,ATM
T0004505,A001374,2026-06-18 10:30:28.530779,Deposit,184485.24,INR,FAILED,Branch
T0004506,A000940,2025-01-21 01:53:36.530779,Payment,79939.99,INR,PENDING,Branch
T0004507,A001306,2025-03-07 09:32:57.530779,Transfer,138448.58,INR,PENDING,Branch
T0004508,A001037,2026-08-07 00:40:40.530779,Interest,125253.49,INR,SUCCESS,Branch
T0004509,A000411,2025-08-23 10:54:48.530779,Interest,137700.02,INR,SUCCESS,ATM
T0004510,A000694,2025-04-08 13:41:49.530779,Fee,156701.31,INR,SUCCESS,Branch
T0004511,A001269,2026-03-08 07:19:37.530779,Transfer,8405.88,INR,FAILED,Online
T0004512,A000389,2025-09-12 02:25:02.530779,Deposit,102245.62,INR,FAILED,Branch
T0004513,A000264,2025-03-25 01:47:21.530779,Fee,26778.63,INR,FAILED,Mobile
T0004514,A000058,2026-04-09 15:48:34.530779,Withdrawal,120927.93,INR,PENDING,ATM
T0004515,A001166,2025-05-07 15:48:20.530779,Fee,192749.68,INR,SUCCESS,ATM
T0004516,A000636,2026-04-30 05:38:32.530779,Deposit,55751.44,INR,SUCCESS,Branch
T0004517,A000873,2025-05-24 23:31:15.530779,Interest,48134.81,INR,SUCCESS,ATM
T0004518,A000069,2026-03-17 07:17:03.530779,Payment,139860.9,INR,PENDING,Mobile
T0004519,A000254,2025-11-29 18:12:43.530779,Payment,110817.06,INR,SUCCESS,Branch
T0004520,A001366,2025-11-29 11:39:41.530779,Payment,11577.38,INR,FAILED,Branch
T0004521,A000717,2026-01-25 12:57:04.530779,Fee,88996.04,INR,SUCCESS,ATM
T0004522,A000007,2025-07-14 03:05:15.530779,Transfer,235866.12,INR,PENDING,Branch
T0004523,A000268,2026-01-25 23:25:13.530779,Transfer,244307.43,INR,FAILED,Online
T0004524,A001410,2025-03-22 11:22:44.530779,Interest,133345.03,INR,PENDING,Online
T0004525,A001108,2024-10-16 22:18:02.530779,Transfer,201500.49,INR,PENDING,Branch
T0004526,A000702,2025-02-21 07:07:11.530779,Payment,126012.28,INR,FAILED,Branch
T0004527,A000096,2026-06-26 04:51:11.530779,Fee,5417.91,INR,FAILED,Online
T0004528,A000176,2024-10-06 09:51:05.530779,Transfer,14910.87,INR,FAILED,ATM
T0004529,A000240,2026-05-06 08:20:17.530779,Payment,94805.88,INR,PENDING,Online
T0004530,A000177,2025-12-02 03:36:03.530779,Transfer,158839.48,INR,PENDING,Branch
T0004531,A000474,2025-12-11 02:40:53.530779,Interest,71204.73,INR,PENDING,ATM
T0004532,A000730,2025-12-15 23:15:19.530779,Deposit,10618.84,INR,FAILED,ATM
T0004533,A000070,2026-04-08 10:23:00.530779,Interest,138477.33,INR,SUCCESS,Mobile
T0004534,A000048,2026-06-23 16:48:59.530779,Payment,218547.68,INR,PENDING,Online
T0004535,A000636,2026-07-18 13:25:32.530779,Fee,197429.27,INR,PENDING,Mobile
T0004536,A001330,2025-08-26 15:20:35.530779,Transfer,184801.59,INR,PENDING,Online
T0004537,A001343,2026-08-15 07:37:50.530779,Payment,52870.32,INR,SUCCESS,Branch
T0004538,A000287,2025-07-16 17:10:08.530779,Withdrawal,76169.9,INR,FAILED,Online
T0004539,A001074,2026-01-29 00:49:35.530779,Interest,55310.69,INR,FAILED,Online
T0004540,A001368,2025-07-20 22:50:01.530779,Withdrawal,65232.62,INR,PENDING,Branch
T0004541,A001375,2025-11-05 08:27:02.530779,Fee,8900.97,INR,SUCCESS,Online
T0004542,A000434,2025-06-13 12:25:33.530779,Fee,226804.69,INR,PENDING,Online
T0004543,A001114,2025-06-26 19:27:32.530779,Interest,104338.02,INR,PENDING,Mobile
T0004544,A000618,2025-08-09 03:14:00.530779,Deposit,171887.45,INR,FAILED,Online
T0004545,A001157,2025-12-12 01:17:00.530779,Fee,125540.25,INR,FAILED,Mobile
T0004546,A000029,2024-12-04 17:33:14.530779,Fee,125321.18,INR,SUCCESS,Branch
T0004547,A001149,2025-11-10 18:50:46.530779,Deposit,55797.28,INR,SUCCESS,Mobile
T0004548,A000603,2026-06-23 19:17:34.530779,Payment,150724.27,INR,PENDING,Mobile
T0004549,A000748,2026-04-05 02:55:18.530779,Deposit,25376.86,INR,FAILED,ATM
T0004550,A000789,2025-06-14 14:18:54.530779,Withdrawal,92486.14,INR,SUCCESS,Online
T0004551,A000449,2025-02-25 12:08:32.530779,Payment,27090.45,INR,FAILED,Branch
T0004552,A000927,2026-05-20 17:39:16.530779,Payment,43136.61,INR,SUCCESS,ATM
T0004553,A001197,2026-02-12 22:41:23.530779,Transfer,122121.8,INR,FAILED,Online
T0004554,A001293,2026-04-11 01:36:39.530779,Fee,161925.86,INR,PENDING,Branch
T0004555,A000475,2025-01-20 16:24:16.530779,Interest,55195.67,INR,FAILED,Branch
T0004556,A000076,2024-12-25 14:52:39.530779,Transfer,43205.16,INR,SUCCESS,ATM
T0004557,A000180,2025-06-05 15:43:58.530779,Payment,83308.82,INR,FAILED,ATM
T0004558,A000380,2025-01-05 12:53:58.530779,Payment,65382.84,INR,FAILED,Mobile
T0004559,A001221,2026-05-26 14:30:20.530779,Transfer,182127.24,INR,FAILED,ATM
T0004560,A000235,2024-12-17 20:18:16.530779,Withdrawal,233013.49,INR,FAILED,Online
T0004561,A001037,2025-06-07 21:05:24.530779,Payment,207139.95,INR,SUCCESS,Online
T0004562,A001122,2026-05-30 06:19:23.530779,Withdrawal,111116.53,INR,PENDING,Branch
T0004563,A000640,2025-08-19 05:25:43.530779,Withdrawal,204206.37,INR,PENDING,Branch
T0004564,A000577,2024-09-22 17:07:05.530779,Interest,169000.79,INR,FAILED,Branch
T0004565,A000007,2025-06-14 09:16:08.530779,Withdrawal,108889.1,INR,SUCCESS,Mobile
T0004566,A000579,2025-09-15 06:23:36.530779,Withdrawal,81454.95,INR,FAILED,Branch
T0004567,A000405,2024-12-17 19:42:30.530779,Withdrawal,204332.06,INR,FAILED,Mobile
T0004568,A001093,2024-12-19 06:59:44.530779,Transfer,234719.62,INR,PENDING,ATM
T0004569,A000019,2025-09-07 02:03:53.530779,Fee,166786.61,INR,FAILED,Mobile
T0004570,A000290,2026-06-25 12:36:36.530779,Payment,84883.19,INR,FAILED,Branch
T0004571,A001308,2026-03-28 17:45:15.530779,Deposit,127687.37,INR,FAILED,Mobile
T0004572,A000899,2026-09-02 23:54:40.530779,Withdrawal,117756.18,INR,SUCCESS,Branch
T0004573,A000629,2025-03-31 06:54:43.530779,Deposit,173097.37,INR,SUCCESS,Mobile
T0004574,A000216,2026-02-02 18:42:27.530779,Interest,195775.64,INR,SUCCESS,Branch
T0004575,A000925,2026-01-14 05:11:41.530779,Withdrawal,61036.31,INR,FAILED,Mobile
T0004576,A001477,2025-12-23 15:42:34.530779,Payment,109797.67,INR,FAILED,ATM
T0004577,A000254,2026-02-20 17:57:01.530779,Fee,158676.24,INR,FAILED,Branch
T0004578,A001312,2026-03-24 15:40:48.530779,Interest,114505.33,INR,FAILED,Mobile
T0004579,A000550,2026-05-01 09:58:14.530779,Fee,152682.66,INR,SUCCESS,Mobile
T0004580,A000710,2025-11-21 17:13:57.530779,Interest,221217.94,INR,SUCCESS,Branch
T0004581,A000534,2025-11-12 17:48:08.530779,Interest,203764.35,INR,SUCCESS,ATM
T0004582,A001330,2025-05-13 14:09:02.530779,Payment,224401.36,INR,PENDING,Mobile
T0004583,A000392,2025-03-30 00:35:06.530779,Deposit,99268.44,INR,PENDING,Mobile
T0004584,A000922,2025-01-07 17:02:19.530779,Fee,3801.97,INR,SUCCESS,ATM
T0004585,A001136,2024-11-01 06:58:45.530779,Interest,133549.52,INR,SUCCESS,Mobile
T0004586,A000654,2025-01-02 23:14:50.530779,Interest,235355.05,INR,PENDING,Online
T0004587,A000216,2026-02-26 00:00:05.530779,Payment,100763.43,INR,PENDING,Online
T0004588,A000868,2025-02-28 08:30:51.530779,Withdrawal,134482.62,INR,SUCCESS,Mobile
T0004589,A001420,2026-02-14 18:40:17.530779,Interest,228620.95,INR,PENDING,ATM
T0004590,A000226,2025-04-06 02:02:57.530779,Transfer,69080.25,INR,PENDING,Mobile
T0004591,A001115,2026-04-19 17:03:07.530779,Deposit,89933.92,INR,SUCCESS,ATM
T0004592,A001188,2024-12-17 10:59:23.530779,Deposit,5470.04,INR,FAILED,Branch
T0004593,A000861,2024-10-02 17:38:15.530779,Withdrawal,58996.56,INR,FAILED,ATM
T0004594,A000814,2024-11-20 09:58:37.530779,Deposit,237648.57,INR,FAILED,Mobile
T0004595,A001013,2025-02-13 10:45:00.530779,Fee,159810.46,INR,SUCCESS,Mobile
T0004596,A001308,2025-08-30 03:14:36.530779,Fee,248283.18,INR,SUCCESS,Branch
T0004597,A000502,2026-07-08 03:02:40.530779,Transfer,10873.71,INR,FAILED,Mobile
T0004598,A001085,2024-11-25 01:37:34.530779,Transfer,8388.14,INR,FAILED,Branch
T0004599,A001017,2026-06-10 20:37:00.530779,Interest,4513.61,INR,SUCCESS,Online
T0004600,A001253,2024-10-28 19:58:33.530779,Payment,160677.56,INR,SUCCESS,Branch
T0004601,A000857,2026-03-17 13:50:04.530779,Transfer,12499.43,INR,PENDING,Mobile
T0004602,A000191,2025-11-22 19:32:21.530779,Payment,139332.56,INR,PENDING,Mobile
T0004603,A000086,2025-01-14 10:01:15.530779,Payment,238459.15,INR,FAILED,Mobile
T0004604,A001405,2024-11-14 18:33:37.530779,Payment,20780.99,INR,FAILED,Mobile
T0004605,A000400,2026-05-05 00:04:49.530779,Fee,2601.95,INR,SUCCESS,Online
T0004606,A001362,2024-11-12 11:51:18.530779,Payment,44352.89,INR,SUCCESS,Branch
T0004607,A000364,2024-09-27 22:27:26.530779,Interest,233943.33,INR,FAILED,ATM
T0004608,A001338,2026-02-27 11:18:42.530779,Payment,155962.96,INR,PENDING,Mobile
T0004609,A000345,2024-11-23 07:50:27.530779,Payment,57180.19,INR,SUCCESS,ATM
T0004610,A001221,2025-03-17 04:59:16.530779,Withdrawal,43312.89,INR,PENDING,Branch
T0004611,A000672,2026-08-07 05:47:17.530779,Transfer,9389.44,INR,FAILED,Mobile
T0004612,A001003,2026-04-06 10:11:48.530779,Transfer,72981.1,INR,PENDING,Online
T0004613,A000823,2026-02-20 18:58:51.530779,Transfer,90315.79,INR,FAILED,Branch
T0004614,A000118,2026-04-02 01:19:35.530779,Payment,203516.3,INR,PENDING,Mobile
T0004615,A000444,2025-06-23 15:01:49.530779,Payment,102831.63,INR,PENDING,Mobile
T0004616,A000737,2026-01-22 12:11:10.530779,Interest,162426.9,INR,PENDING,Online
T0004617,A001115,2025-07-03 11:40:09.530779,Withdrawal,134961.66,INR,FAILED,Online
T0004618,A000952,2024-10-03 17:37:34.530779,Deposit,154306.42,INR,SUCCESS,Mobile
T0004619,A000297,2025-01-16 15:35:14.530779,Deposit,157574.31,INR,SUCCESS,Mobile
T0004620,A001448,2025-09-26 20:49:17.530779,Fee,690.95,INR,SUCCESS,Mobile
T0004621,A000768,2025-05-20 03:26:01.530779,Interest,105211.89,INR,FAILED,ATM
T0004622,A000100,2024-10-08 03:38:07.530779,Deposit,78164.36,INR,SUCCESS,Online
T0004623,A000428,2026-06-14 06:42:25.530779,Transfer,46479.6,INR,FAILED,Mobile
T0004624,A000112,2025-03-17 13:22:54.530779,Interest,141805.02,INR,SUCCESS,Branch
T0004625,A000792,2025-06-29 04:10:43.530779,Payment,209486.04,INR,SUCCESS,Mobile
T0004626,A000194,2025-01-17 13:13:59.530779,Transfer,13215.97,INR,PENDING,Mobile
T0004627,A000016,2025-04-02 03:16:00.530779,Deposit,118892.15,INR,PENDING,Branch
T0004628,A001193,2025-01-21 21:20:58.530779,Transfer,79177.29,INR,PENDING,ATM
T0004629,A000226,2024-11-06 11:36:21.530779,Fee,166502.83,INR,PENDING,ATM
T0004630,A000151,2024-10-19 19:36:09.530779,Fee,224007.21,INR,SUCCESS,Online
T0004631,A000904,2025-08-26 14:28:06.530779,Withdrawal,159458.15,INR,SUCCESS,Branch
T0004632,A001225,2025-05-09 12:42:40.530779,Transfer,21848.37,INR,FAILED,Mobile
T0004633,A000541,2025-09-25 06:03:35.530779,Deposit,60028.04,INR,SUCCESS,Mobile
T0004634,A001080,2026-09-11 06:11:27.530779,Payment,119786.39,INR,SUCCESS,Online
T0004635,A000669,2025-10-31 14:30:36.530779,Interest,105915.5,INR,SUCCESS,ATM
T0004636,A000396,2026-05-08 05:31:53.530779,Transfer,220916.83,INR,FAILED,Branch
T0004637,A001361,2025-07-11 02:23:01.530779,Transfer,145036.12,INR,FAILED,Branch
T0004638,A000691,2024-12-16 17:34:28.530779,Withdrawal,37874.59,INR,PENDING,Branch
T0004639,A001266,2026-08-19 22:08:59.530779,Payment,173555.14,INR,PENDING,ATM
T0004640,A000250,2025-03-06 13:45:56.530779,Transfer,131778.16,INR,PENDING,Online
T0004641,A000511,2025-11-04 19:35:37.530779,Deposit,119389.98,INR,SUCCESS,ATM
T0004642,A000137,2025-01-14 02:50:15.530779,Transfer,40704.24,INR,FAILED,Online
T0004643,A001438,2025-02-27 10:05:17.530779,Fee,78007.31,INR,FAILED,ATM
T0004644,A000445,2025-11-20 15:26:04.530779,Deposit,228835.18,INR,SUCCESS,Branch
T0004645,A001463,2024-12-05 16:32:23.530779,Transfer,23192.79,INR,SUCCESS,Branch
T0004646,A000658,2025-11-05 21:10:09.530779,Transfer,226183.62,INR,FAILED,Online
T0004647,A000975,2026-03-29 12:14:27.530779,Interest,203616.18,INR,SUCCESS,ATM
T0004648,A001331,2024-09-27 03:52:48.530779,Deposit,233291.57,INR,FAILED,Online
T0004649,A000793,2026-01-05 00:28:56.530779,Deposit,51653.48,INR,SUCCESS,Online
T0004650,A000926,2025-01-04 04:00:23.530779,Withdrawal,133111.23,INR,SUCCESS,Online
T0004651,A000061,2025-12-29 05:20:22.530779,Withdrawal,241205.96,INR,FAILED,Branch
T0004652,A000532,2025-09-21 14:47:23.530779,Deposit,7760.11,INR,PENDING,Online
T0004653,A000650,2026-08-02 23:05:36.530779,Transfer,213961.38,INR,FAILED,Online
T0004654,A001133,2026-09-16 15:21:53.530779,Withdrawal,212964.92,INR,SUCCESS,Online
T0004655,A000422,2025-11-25 09:37:46.530779,Transfer,190599.2,INR,SUCCESS,ATM
T0004656,A000251,2026-07-28 01:58:02.530779,Transfer,219645.74,INR,FAILED,ATM
T0004657,A000811,2025-07-15 23:25:05.530779,Payment,36209.02,INR,PENDING,Mobile
T0004658,A000128,2025-01-27 07:45:37.530779,Interest,106414.66,INR,FAILED,Mobile
T0004659,A000866,2024-12-04 02:18:50.530779,Fee,65501.71,INR,SUCCESS,Mobile
T0004660,A000713,2026-03-04 21:11:13.530779,Deposit,157015.59,INR,FAILED,Mobile
T0004661,A001412,2025-05-21 09:35:24.530779,Payment,97788.53,INR,SUCCESS,Online
T0004662,A000870,2026-02-09 09:51:53.530779,Transfer,81255.47,INR,SUCCESS,Online
T0004663,A001189,2025-12-07 09:16:18.530779,Transfer,2486.35,INR,SUCCESS,ATM
T0004664,A000212,2026-07-13 09:54:52.530779,Deposit,172788.48,INR,SUCCESS,Branch
T0004665,A000459,2026-07-20 03:13:26.530779,Interest,168606.97,INR,PENDING,Branch
T0004666,A000216,2025-05-25 22:27:59.530779,Interest,3069.26,INR,FAILED,Online
T0004667,A001097,2026-07-06 17:02:02.530779,Payment,144193.0,INR,PENDING,ATM
T0004668,A000110,2025-12-27 13:06:34.530779,Deposit,139401.29,INR,PENDING,Mobile
T0004669,A000219,2024-10-04 09:24:56.530779,Interest,168452.59,INR,PENDING,ATM
T0004670,A001001,2026-07-06 09:45:01.530779,Transfer,209469.65,INR,SUCCESS,Mobile
T0004671,A000761,2025-06-20 07:32:40.530779,Interest,207462.1,INR,PENDING,Branch
T0004672,A001235,2025-06-01 15:09:30.530779,Payment,8703.63,INR,PENDING,Branch
T0004673,A000320,2026-02-16 12:32:43.530779,Transfer,209187.1,INR,SUCCESS,Branch
T0004674,A000521,2025-08-13 01:12:18.530779,Deposit,198811.18,INR,SUCCESS,Branch
T0004675,A000237,2024-10-08 02:26:12.530779,Fee,81935.73,INR,FAILED,Branch
T0004676,A000037,2025-06-22 22:53:09.530779,Interest,155076.35,INR,SUCCESS,Online
T0004677,A000726,2025-08-21 23:21:25.530779,Deposit,149780.86,INR,FAILED,Mobile
T0004678,A001087,2026-02-16 01:53:01.530779,Transfer,111783.45,INR,SUCCESS,Branch
T0004679,A000102,2025-11-01 17:49:39.530779,Payment,236586.93,INR,PENDING,Mobile
T0004680,A000873,2025-07-11 02:13:52.530779,Interest,23802.83,INR,PENDING,ATM
T0004681,A001414,2025-06-22 00:42:43.530779,Interest,180946.35,INR,PENDING,Branch
T0004682,A001051,2025-03-20 17:11:43.530779,Interest,222995.71,INR,PENDING,Online
T0004683,A001344,2026-02-24 18:49:32.530779,Deposit,98498.8,INR,SUCCESS,Online
T0004684,A001368,2025-01-23 04:53:37.530779,Deposit,115141.45,INR,PENDING,ATM
T0004685,A001136,2026-05-30 04:30:35.530779,Withdrawal,194648.87,INR,SUCCESS,Mobile
T0004686,A000380,2025-05-25 02:23:22.530779,Transfer,97604.6,INR,FAILED,Mobile
T0004687,A001414,2025-09-08 23:30:47.530779,Interest,208324.23,INR,PENDING,ATM
T0004688,A000870,2025-12-03 03:55:04.530779,Withdrawal,172297.79,INR,PENDING,Online
T0004689,A000389,2025-06-14 02:46:34.530779,Transfer,197810.23,INR,FAILED,Branch
T0004690,A000413,2025-04-01 04:40:15.530779,Transfer,162674.47,INR,SUCCESS,Branch
T0004691,A000208,2025-06-07 05:58:44.530779,Interest,223983.23,INR,PENDING,Mobile
T0004692,A000518,2024-10-02 21:36:34.530779,Withdrawal,8768.06,INR,PENDING,Mobile
T0004693,A000230,2026-01-25 08:55:42.530779,Transfer,162405.78,INR,FAILED,Online
T0004694,A000589,2026-06-14 21:52:23.530779,Withdrawal,85660.63,INR,PENDING,ATM
T0004695,A001359,2026-04-23 04:22:43.530779,Transfer,56633.63,INR,PENDING,Online
T0004696,A000736,2026-05-01 12:41:13.530779,Interest,212111.71,INR,PENDING,Branch
T0004697,A001447,2026-02-08 21:33:29.530779,Fee,56011.98,INR,FAILED,Mobile
T0004698,A000943,2026-02-02 07:06:22.530779,Fee,87124.13,INR,SUCCESS,Mobile
T0004699,A000204,2026-03-07 22:15:05.530779,Payment,240227.52,INR,SUCCESS,Mobile
T0004700,A000175,2026-05-09 04:50:20.530779,Withdrawal,80222.82,INR,SUCCESS,Online
T0004701,A000425,2025-05-23 23:17:56.530779,Deposit,26815.49,INR,FAILED,ATM
T0004702,A001386,2025-03-31 13:00:29.530779,Deposit,44612.21,INR,FAILED,Branch
T0004703,A001076,2026-05-03 09:35:03.530779,Transfer,177895.35,INR,SUCCESS,Mobile
T0004704,A001494,2025-04-24 04:30:20.530779,Withdrawal,45421.83,INR,SUCCESS,Online
T0004705,A000511,2026-04-14 17:03:16.530779,Fee,188177.0,INR,PENDING,Branch
T0004706,A000624,2024-11-19 20:22:59.530779,Withdrawal,146233.19,INR,SUCCESS,Mobile
T0004707,A001079,2026-01-23 23:51:49.530779,Transfer,140508.05,INR,FAILED,Mobile
T0004708,A000348,2026-01-24 21:55:43.530779,Deposit,56375.27,INR,SUCCESS,Branch
T0004709,A000288,2026-04-10 06:11:38.530779,Payment,162410.62,INR,PENDING,Online
T0004710,A000429,2026-06-14 21:07:51.530779,Payment,16994.81,INR,SUCCESS,Mobile
T0004711,A001113,2024-12-05 15:46:54.530779,Transfer,67562.22,INR,PENDING,Mobile
T0004712,A000405,2026-03-26 23:32:33.530779,Payment,159523.56,INR,PENDING,Branch
T0004713,A000253,2025-05-14 19:13:32.530779,Deposit,55910.68,INR,SUCCESS,Branch
T0004714,A001178,2024-11-21 08:32:20.530779,Transfer,98982.56,INR,FAILED,ATM
T0004715,A000064,2025-08-06 10:39:52.530779,Payment,214094.83,INR,SUCCESS,Online
T0004716,A000730,2025-08-14 07:53:57.530779,Transfer,162537.95,INR,PENDING,Mobile
T0004717,A001131,2025-04-17 09:02:01.530779,Interest,25369.32,INR,SUCCESS,Online
T0004718,A000367,2026-08-04 19:39:03.530779,Fee,163012.24,INR,SUCCESS,ATM
T0004719,A001494,2024-11-18 04:23:27.530779,Fee,70155.08,INR,FAILED,Mobile
T0004720,A000996,2025-09-03 18:11:45.530779,Interest,88591.27,INR,FAILED,Online
T0004721,A000604,2025-10-05 14:56:43.530779,Deposit,80349.71,INR,SUCCESS,Mobile
T0004722,A000034,2024-10-24 15:40:35.530779,Payment,102800.27,INR,PENDING,Branch
T0004723,A001357,2024-11-21 22:53:58.530779,Interest,100457.15,INR,SUCCESS,Online
T0004724,A000142,2024-12-31 20:17:38.530779,Interest,107744.16,INR,SUCCESS,Online
T0004725,A000691,2026-05-17 11:31:51.530779,Interest,55132.62,INR,PENDING,Mobile
T0004726,A001488,2026-02-03 06:54:48.530779,Deposit,210271.78,INR,FAILED,Online
T0004727,A001010,2025-05-13 17:11:04.530779,Fee,19385.81,INR,FAILED,Online
T0004728,A001172,2025-04-28 17:06:39.530779,Interest,163067.41,INR,SUCCESS,Branch
T0004729,A001190,2024-12-28 19:02:01.530779,Withdrawal,219791.84,INR,SUCCESS,ATM
T0004730,A000266,2025-10-04 18:15:56.530779,Deposit,119256.82,INR,SUCCESS,Branch
T0004731,A000920,2025-03-25 09:16:13.530779,Interest,74712.35,INR,FAILED,Branch
T0004732,A000980,2026-04-15 09:15:36.530779,Withdrawal,36943.07,INR,FAILED,Online
T0004733,A000276,2025-11-28 11:23:18.530779,Fee,165176.51,INR,SUCCESS,ATM
T0004734,A000904,2025-05-02 13:25:53.530779,Fee,158970.37,INR,SUCCESS,Online
T0004735,A001492,2025-12-25 05:12:53.530779,Deposit,155387.44,INR,FAILED,Online
T0004736,A001425,2025-05-17 10:51:12.530779,Interest,80273.26,INR,PENDING,Online
T0004737,A000849,2026-04-25 21:26:16.530779,Fee,214938.81,INR,PENDING,ATM
T0004738,A000892,2025-07-01 11:08:48.530779,Transfer,237870.34,INR,FAILED,Online
T0004739,A000603,2025-12-21 09:01:27.530779,Withdrawal,8500.71,INR,FAILED,ATM
T0004740,A000741,2024-11-15 22:34:46.530779,Deposit,243438.86,INR,FAILED,ATM
T0004741,A000575,2025-11-23 17:03:49.530779,Deposit,141037.74,INR,SUCCESS,Online
T0004742,A001323,2025-01-17 13:45:29.530779,Payment,199743.2,INR,PENDING,Mobile
T0004743,A000147,2024-10-26 00:18:15.530779,Withdrawal,221077.54,INR,PENDING,Online
T0004744,A000715,2025-07-27 00:38:25.530779,Interest,157323.72,INR,SUCCESS,Branch
T0004745,A000040,2026-06-27 16:51:36.530779,Fee,18133.01,INR,FAILED,ATM
T0004746,A000634,2025-12-07 12:30:45.530779,Fee,64419.98,INR,SUCCESS,Online
T0004747,A000077,2024-10-31 10:07:33.530779,Deposit,73292.9,INR,FAILED,ATM
T0004748,A001277,2025-09-22 08:36:04.530779,Payment,96322.48,INR,SUCCESS,ATM
T0004749,A000719,2026-03-22 15:28:31.530779,Withdrawal,90384.26,INR,SUCCESS,ATM
T0004750,A001240,2026-04-07 20:34:52.530779,Withdrawal,214933.39,INR,FAILED,Branch
T0004751,A000909,2025-02-04 10:56:37.530779,Payment,15223.65,INR,SUCCESS,Online
T0004752,A001234,2026-09-03 16:33:36.530779,Transfer,184645.93,INR,SUCCESS,Online
T0004753,A000787,2025-03-13 03:18:59.530779,Transfer,44303.0,INR,PENDING,ATM
T0004754,A001383,2024-11-20 19:42:15.530779,Deposit,92097.08,INR,FAILED,Online
T0004755,A000223,2025-08-01 08:10:36.530779,Transfer,235026.81,INR,FAILED,Online
T0004756,A000146,2026-02-11 08:46:34.530779,Interest,108266.12,INR,FAILED,Branch
T0004757,A000387,2026-01-28 13:31:46.530779,Deposit,156498.28,INR,PENDING,Mobile
T0004758,A000250,2025-02-27 08:26:25.530779,Fee,114695.79,INR,FAILED,Online
T0004759,A000630,2025-03-05 12:37:02.530779,Payment,25000.09,INR,PENDING,ATM
T0004760,A000778,2025-07-16 09:33:11.530779,Fee,104913.15,INR,FAILED,Mobile
T0004761,A000173,2025-06-04 10:39:15.530779,Interest,135606.37,INR,SUCCESS,Online
T0004762,A000910,2024-12-19 08:14:34.530779,Interest,31836.1,INR,PENDING,ATM
T0004763,A001455,2026-02-06 21:07:04.530779,Withdrawal,195306.98,INR,FAILED,ATM
T0004764,A001470,2026-05-01 02:47:25.530779,Transfer,228870.58,INR,FAILED,ATM
T0004765,A001177,2024-10-09 23:36:35.530779,Interest,77453.07,INR,FAILED,ATM
T0004766,A001188,2025-11-08 07:58:18.530779,Withdrawal,161125.75,INR,FAILED,Branch
T0004767,A001319,2026-04-16 00:05:41.530779,Payment,188010.82,INR,FAILED,Branch
T0004768,A001380,2026-08-03 22:40:47.530779,Payment,104573.71,INR,FAILED,Branch
T0004769,A001088,2025-04-18 15:54:49.530779,Deposit,80475.1,INR,FAILED,Mobile
T0004770,A001153,2025-09-14 03:29:21.530779,Deposit,213765.21,INR,FAILED,Online
T0004771,A001103,2025-11-27 04:02:44.530779,Fee,111647.1,INR,FAILED,Branch
T0004772,A000871,2026-01-01 15:10:37.530779,Interest,237604.32,INR,SUCCESS,Online
T0004773,A001232,2026-05-15 03:48:58.530779,Withdrawal,223542.57,INR,SUCCESS,Branch
T0004774,A000702,2025-06-06 04:01:23.530779,Fee,164489.49,INR,PENDING,Mobile
T0004775,A000892,2025-01-13 15:45:07.530779,Fee,124104.72,INR,SUCCESS,ATM
T0004776,A000653,2025-11-24 15:43:19.530779,Fee,29282.31,INR,PENDING,ATM
T0004777,A000436,2026-07-20 15:18:21.530779,Interest,147844.43,INR,PENDING,Branch
T0004778,A001355,2026-01-29 01:07:07.530779,Transfer,213944.74,INR,FAILED,Branch
T0004779,A000557,2026-01-25 03:28:11.530779,Deposit,88923.84,INR,FAILED,Branch
T0004780,A000748,2024-11-15 04:20:09.530779,Interest,4666.1,INR,SUCCESS,ATM
T0004781,A000525,2025-10-02 09:42:00.530779,Fee,70615.35,INR,PENDING,ATM
T0004782,A000271,2026-01-02 11:13:02.530779,Transfer,97421.73,INR,PENDING,Mobile
T0004783,A000548,2026-02-04 08:50:05.530779,Interest,137438.69,INR,FAILED,ATM
T0004784,A000970,2025-08-30 23:15:31.530779,Payment,235564.08,INR,PENDING,Branch
T0004785,A000693,2025-04-23 08:14:27.530779,Interest,67944.62,INR,SUCCESS,Online
T0004786,A000055,2026-09-15 11:35:18.530779,Fee,224634.41,INR,SUCCESS,Online
T0004787,A000329,2026-08-23 15:47:17.530779,Payment,232141.13,INR,FAILED,Mobile
T0004788,A001448,2026-03-14 22:11:08.530779,Interest,193682.78,INR,FAILED,Branch
T0004789,A001377,2026-04-28 11:20:03.530779,Fee,220195.18,INR,FAILED,Online
T0004790,A000559,2026-04-11 20:35:06.530779,Withdrawal,183871.73,INR,PENDING,Branch
T0004791,A000481,2025-11-06 00:15:40.530779,Payment,231288.76,INR,PENDING,Online
T0004792,A000952,2026-07-03 06:15:07.530779,Payment,170367.83,INR,FAILED,ATM
T0004793,A001314,2026-03-27 05:42:32.530779,Fee,240607.67,INR,FAILED,Mobile
T0004794,A000095,2026-08-29 12:32:57.530779,Deposit,240130.34,INR,PENDING,Branch
T0004795,A000727,2025-01-03 15:10:14.530779,Withdrawal,119601.92,INR,FAILED,ATM
T0004796,A001006,2025-02-09 09:33:28.530779,Deposit,105076.76,INR,FAILED,Online
T0004797,A000798,2026-05-13 03:29:45.530779,Withdrawal,236216.53,INR,FAILED,ATM
T0004798,A000356,2024-10-12 16:34:05.530779,Transfer,151885.44,INR,FAILED,Online
T0004799,A001242,2024-12-30 13:33:46.530779,Deposit,87235.92,INR,PENDING,Branch
T0004800,A000984,2026-03-16 01:41:08.530779,Fee,127455.23,INR,SUCCESS,Online
T0004801,A000044,2026-01-22 01:06:24.530779,Fee,15921.72,INR,SUCCESS,ATM
T0004802,A000290,2026-05-06 00:05:54.530779,Withdrawal,236740.77,INR,FAILED,ATM
T0004803,A000886,2025-05-15 05:54:16.530779,Fee,215128.5,INR,SUCCESS,ATM
T0004804,A000201,2026-06-20 09:40:29.530779,Fee,1044.83,INR,PENDING,Branch
T0004805,A001309,2026-08-09 20:26:42.530779,Transfer,226915.88,INR,PENDING,Online
T0004806,A001422,2025-01-18 22:54:28.530779,Withdrawal,143133.53,INR,FAILED,Branch
T0004807,A000507,2025-06-16 00:51:52.530779,Deposit,247730.6,INR,PENDING,Mobile
T0004808,A001228,2026-04-09 16:15:19.530779,Deposit,65865.6,INR,FAILED,ATM
T0004809,A001339,2024-12-27 02:25:07.530779,Withdrawal,6970.9,INR,SUCCESS,Mobile
T0004810,A000753,2026-04-19 01:35:51.530779,Fee,238017.43,INR,FAILED,Branch
T0004811,A000520,2026-07-13 20:32:02.530779,Withdrawal,54289.01,INR,FAILED,Mobile
T0004812,A001477,2026-04-14 06:59:42.530779,Payment,89375.97,INR,PENDING,ATM
T0004813,A001026,2025-03-01 18:43:20.530779,Transfer,96288.33,INR,FAILED,Branch
T0004814,A001286,2025-05-25 10:35:17.530779,Fee,157516.33,INR,FAILED,Online
T0004815,A001498,2025-05-26 23:47:00.530779,Withdrawal,218562.61,INR,FAILED,Mobile
T0004816,A000930,2026-08-21 02:19:01.530779,Fee,51166.73,INR,SUCCESS,Branch
T0004817,A000096,2025-03-01 12:27:16.530779,Transfer,88189.84,INR,SUCCESS,Branch
T0004818,A001242,2025-12-18 21:54:27.530779,Withdrawal,69552.4,INR,PENDING,ATM
T0004819,A000504,2026-08-12 18:02:06.530779,Interest,116516.62,INR,FAILED,Branch
T0004820,A001207,2026-09-14 17:10:31.530779,Withdrawal,183477.07,INR,PENDING,ATM
T0004821,A000352,2026-05-21 02:18:53.530779,Fee,241884.0,INR,FAILED,Mobile
T0004822,A000984,2026-02-20 17:10:54.530779,Transfer,124516.07,INR,PENDING,Branch
T0004823,A000107,2026-06-13 02:28:04.530779,Transfer,4601.2,INR,FAILED,Mobile
T0004824,A001271,2026-05-24 13:09:39.530779,Payment,78442.66,INR,PENDING,ATM
T0004825,A000996,2024-12-31 10:57:41.530779,Withdrawal,18669.73,INR,PENDING,Online
T0004826,A000586,2025-02-11 00:05:37.530779,Deposit,66041.74,INR,PENDING,Online
T0004827,A001161,2026-01-04 03:09:11.530779,Deposit,33749.32,INR,FAILED,Mobile
T0004828,A000935,2026-08-25 08:28:35.530779,Deposit,247095.79,INR,SUCCESS,Branch
T0004829,A001084,2025-09-28 15:22:08.530779,Deposit,72847.28,INR,FAILED,Mobile
T0004830,A000062,2025-09-21 11:00:06.530779,Deposit,145651.71,INR,FAILED,Mobile
T0004831,A000063,2024-11-23 02:19:19.530779,Deposit,179847.06,INR,PENDING,ATM
T0004832,A000908,2025-10-03 13:50:05.530779,Withdrawal,238602.53,INR,SUCCESS,Mobile
T0004833,A001423,2026-01-21 01:31:26.530779,Deposit,181002.47,INR,PENDING,Online
T0004834,A000564,2026-08-01 16:13:11.530779,Fee,47720.46,INR,FAILED,ATM
T0004835,A001024,2025-11-18 00:26:24.530779,Withdrawal,1802.26,INR,SUCCESS,Branch
T0004836,A000437,2025-04-26 15:55:39.530779,Withdrawal,208471.1,INR,FAILED,Online
T0004837,A000201,2024-12-13 23:38:11.530779,Interest,220295.67,INR,FAILED,Mobile
T0004838,A000158,2025-11-17 05:07:35.530779,Fee,154183.48,INR,SUCCESS,Mobile
T0004839,A000032,2026-08-14 08:56:04.530779,Deposit,104040.52,INR,SUCCESS,Branch
T0004840,A001419,2025-08-28 09:15:24.530779,Fee,106646.39,INR,FAILED,Online
T0004841,A000642,2025-03-14 23:06:24.530779,Deposit,243964.81,INR,FAILED,Mobile
T0004842,A001479,2025-09-04 19:10:49.530779,Deposit,208651.41,INR,FAILED,Online
T0004843,A001457,2024-11-24 19:42:46.530779,Deposit,248476.18,INR,SUCCESS,ATM
T0004844,A000170,2025-09-02 01:20:38.530779,Transfer,186615.36,INR,SUCCESS,Online
T0004845,A001252,2026-04-28 11:22:13.530779,Interest,101670.48,INR,SUCCESS,Branch
T0004846,A000391,2025-11-09 21:17:23.530779,Interest,215615.57,INR,FAILED,Branch
T0004847,A000855,2026-06-03 15:20:26.530779,Deposit,211851.86,INR,FAILED,ATM
T0004848,A000649,2025-10-10 04:52:42.530779,Payment,87549.39,INR,FAILED,Mobile
T0004849,A000821,2025-03-22 10:42:06.530779,Transfer,189304.73,INR,FAILED,ATM
T0004850,A000850,2026-07-30 17:38:31.530779,Deposit,195112.06,INR,FAILED,ATM
T0004851,A001062,2025-06-11 03:17:04.530779,Withdrawal,124710.86,INR,FAILED,Online
T0004852,A001151,2025-01-16 10:21:20.530779,Fee,206851.59,INR,SUCCESS,Branch
T0004853,A001140,2024-11-15 12:52:02.530779,Deposit,236817.84,INR,PENDING,Branch
T0004854,A000726,2026-08-08 11:27:20.530779,Payment,10605.44,INR,SUCCESS,Branch
T0004855,A000782,2026-02-05 19:23:45.530779,Transfer,221907.6,INR,FAILED,ATM
T0004856,A000613,2025-07-13 02:45:26.530779,Transfer,186675.16,INR,PENDING,ATM
T0004857,A001012,2025-02-15 14:09:11.530779,Interest,4793.7,INR,PENDING,Online
T0004858,A000090,2026-09-06 12:02:47.530779,Deposit,82168.7,INR,SUCCESS,Mobile
T0004859,A001348,2025-12-12 18:03:47.530779,Payment,244864.34,INR,SUCCESS,Branch
T0004860,A001265,2026-02-24 08:36:23.530779,Payment,10845.79,INR,SUCCESS,ATM
T0004861,A001487,2024-11-23 14:23:33.530779,Fee,166354.43,INR,SUCCESS,ATM
T0004862,A000912,2025-02-19 23:37:56.530779,Payment,164900.41,INR,SUCCESS,Branch
T0004863,A000091,2026-07-20 23:48:55.530779,Payment,133765.2,INR,FAILED,Mobile
T0004864,A001182,2025-11-30 12:32:04.530779,Payment,38624.95,INR,SUCCESS,Branch
T0004865,A000215,2025-10-25 14:23:50.530779,Interest,11938.14,INR,FAILED,Online
T0004866,A000661,2026-01-03 02:28:14.530779,Deposit,7421.1,INR,FAILED,Branch
T0004867,A001409,2024-10-04 02:21:13.530779,Payment,87031.03,INR,SUCCESS,Online
T0004868,A000970,2024-09-25 15:46:07.530779,Fee,62680.29,INR,PENDING,ATM
T0004869,A000936,2025-10-01 12:37:50.530779,Payment,25751.27,INR,PENDING,Branch
T0004870,A000094,2026-01-27 16:59:10.530779,Payment,107024.61,INR,SUCCESS,Online
T0004871,A000363,2026-05-31 05:13:47.530779,Fee,189954.85,INR,FAILED,Online
T0004872,A000022,2025-06-12 06:54:14.530779,Interest,148008.32,INR,SUCCESS,Online
T0004873,A000927,2025-09-26 05:11:52.530779,Withdrawal,186355.96,INR,PENDING,Branch
T0004874,A000402,2026-03-21 07:30:49.530779,Payment,238438.59,INR,FAILED,ATM
T0004875,A001073,2026-08-25 01:24:33.530779,Interest,144100.6,INR,SUCCESS,Online
T0004876,A001197,2025-09-08 21:01:11.530779,Transfer,202052.55,INR,PENDING,Branch
T0004877,A001211,2026-06-25 13:40:04.530779,Interest,211856.93,INR,PENDING,Online
T0004878,A001375,2024-12-21 05:51:01.530779,Withdrawal,85626.29,INR,FAILED,Mobile
T0004879,A000443,2024-11-21 18:48:10.530779,Payment,24099.53,INR,SUCCESS,Online
T0004880,A001006,2025-02-19 12:27:06.530779,Interest,9717.37,INR,SUCCESS,Branch
T0004881,A001470,2026-07-16 05:33:37.530779,Deposit,183832.57,INR,FAILED,Mobile
T0004882,A000464,2026-01-01 01:41:46.530779,Transfer,231776.81,INR,PENDING,ATM
T0004883,A000652,2026-06-19 03:16:27.530779,Deposit,97917.12,INR,FAILED,Online
T0004884,A000311,2025-12-10 14:28:43.530779,Fee,101526.77,INR,FAILED,Branch
T0004885,A000112,2025-04-05 13:28:27.530779,Withdrawal,195159.03,INR,SUCCESS,Branch
T0004886,A000386,2026-02-27 17:12:11.530779,Withdrawal,202365.25,INR,PENDING,Mobile
T0004887,A000566,2025-03-21 11:18:24.530779,Transfer,11595.55,INR,PENDING,Online
T0004888,A000550,2025-10-21 21:48:01.530779,Deposit,153171.72,INR,PENDING,Branch
T0004889,A001145,2025-04-17 23:04:28.530779,Payment,227849.69,INR,PENDING,Mobile
T0004890,A000241,2026-07-03 09:53:49.530779,Deposit,245562.1,INR,PENDING,Online
T0004891,A000661,2025-12-11 13:36:38.530779,Fee,73288.98,INR,FAILED,Mobile
T0004892,A000474,2026-09-18 19:56:52.530779,Deposit,189141.24,INR,FAILED,Branch
T0004893,A001437,2024-11-22 07:37:35.530779,Transfer,209151.73,INR,PENDING,Branch
T0004894,A001248,2024-09-21 18:51:35.530779,Interest,213162.16,INR,PENDING,Branch
T0004895,A000566,2024-10-29 13:24:12.530779,Fee,215564.51,INR,PENDING,Mobile
T0004896,A001278,2026-01-14 13:00:30.530779,Deposit,71228.53,INR,FAILED,Online
T0004897,A001136,2026-07-02 10:53:37.530779,Withdrawal,14515.51,INR,FAILED,Online
T0004898,A001342,2025-01-27 17:13:03.530779,Fee,144279.77,INR,SUCCESS,Branch
T0004899,A000755,2025-11-29 09:00:01.530779,Deposit,249447.08,INR,SUCCESS,Online
T0004900,A000103,2025-08-14 22:23:16.530779,Deposit,223766.3,INR,PENDING,ATM
T0004901,A000612,2026-02-04 11:23:09.530779,Payment,52516.76,INR,PENDING,Online
T0004902,A000369,2026-03-28 09:43:25.530779,Payment,76933.47,INR,FAILED,Mobile
T0004903,A001027,2026-02-24 05:25:20.530779,Transfer,196035.87,INR,FAILED,Mobile
T0004904,A000459,2025-09-07 10:53:17.530779,Withdrawal,3385.6,INR,PENDING,Mobile
T0004905,A000150,2026-03-23 12:33:46.530779,Transfer,210568.72,INR,SUCCESS,Online
T0004906,A000322,2025-04-01 11:25:30.530779,Transfer,117081.95,INR,SUCCESS,Branch
T0004907,A000971,2026-04-09 18:00:10.530779,Interest,190216.24,INR,FAILED,Online
T0004908,A000427,2025-09-25 03:52:26.530779,Fee,186568.87,INR,SUCCESS,ATM
T0004909,A000051,2024-12-18 18:06:09.530779,Transfer,187189.52,INR,FAILED,Online
T0004910,A001461,2025-01-28 00:13:57.530779,Deposit,123204.09,INR,PENDING,Online
T0004911,A000139,2025-06-28 13:02:04.530779,Transfer,107012.37,INR,PENDING,Mobile
T0004912,A000969,2025-04-29 05:02:13.530779,Payment,175069.33,INR,SUCCESS,Branch
T0004913,A001196,2026-04-18 20:14:44.530779,Transfer,112073.56,INR,PENDING,Branch
T0004914,A000087,2026-06-08 06:49:21.530779,Fee,233924.7,INR,PENDING,ATM
T0004915,A001235,2025-03-21 06:50:38.530779,Deposit,93930.92,INR,SUCCESS,ATM
T0004916,A000843,2025-11-16 06:39:48.530779,Deposit,109790.63,INR,SUCCESS,ATM
T0004917,A000978,2025-01-24 06:50:29.530779,Withdrawal,152475.02,INR,FAILED,Online
T0004918,A000641,2025-02-07 22:55:10.530779,Fee,247117.38,INR,SUCCESS,Mobile
T0004919,A001185,2025-12-04 13:36:20.530779,Transfer,217421.56,INR,FAILED,ATM
T0004920,A000717,2025-04-20 14:59:41.530779,Interest,173366.11,INR,SUCCESS,ATM
T0004921,A000574,2025-08-08 21:08:07.530779,Transfer,238086.17,INR,PENDING,Online
T0004922,A001113,2025-10-01 00:35:03.530779,Fee,79971.68,INR,SUCCESS,ATM
T0004923,A001338,2025-10-15 07:54:06.530779,Deposit,133574.03,INR,PENDING,Branch
T0004924,A000492,2025-11-14 07:44:24.530779,Interest,189937.71,INR,SUCCESS,Mobile
T0004925,A000319,2024-09-28 09:40:01.530779,Withdrawal,60244.96,INR,SUCCESS,Mobile
T0004926,A000792,2025-01-04 20:10:55.530779,Deposit,192152.22,INR,FAILED,Online
T0004927,A000315,2026-06-07 23:25:16.530779,Payment,4137.05,INR,SUCCESS,Online
T0004928,A001119,2025-08-03 08:21:18.530779,Payment,232226.4,INR,FAILED,ATM
T0004929,A001024,2026-01-11 00:53:21.530779,Interest,38292.7,INR,SUCCESS,Mobile
T0004930,A000977,2026-01-08 10:52:44.530779,Interest,126609.25,INR,FAILED,Branch
T0004931,A001032,2025-04-15 14:28:40.530779,Deposit,89295.13,INR,FAILED,Mobile
T0004932,A001137,2026-03-16 01:32:11.530779,Fee,244027.72,INR,SUCCESS,Mobile
T0004933,A001156,2025-04-02 01:00:02.530779,Payment,7482.69,INR,PENDING,Mobile
T0004934,A001024,2025-07-18 16:19:40.530779,Deposit,157763.07,INR,FAILED,ATM
T0004935,A001419,2024-12-30 18:29:39.530779,Payment,34738.3,INR,SUCCESS,Branch
T0004936,A000943,2025-03-31 14:07:47.530779,Fee,233632.68,INR,PENDING,Mobile
T0004937,A001332,2026-02-19 23:03:19.530779,Deposit,219851.92,INR,PENDING,Branch
T0004938,A000775,2024-09-30 23:55:50.530779,Payment,213394.49,INR,PENDING,Online
T0004939,A001205,2025-03-02 17:08:11.530779,Deposit,77963.32,INR,SUCCESS,ATM
T0004940,A001377,2025-03-14 19:14:47.530779,Transfer,94420.44,INR,PENDING,Online
T0004941,A000154,2025-11-26 19:18:21.530779,Interest,112451.75,INR,SUCCESS,Mobile
T0004942,A000207,2026-06-28 09:49:24.530779,Interest,152825.47,INR,FAILED,Branch
T0004943,A000253,2024-09-28 07:19:40.530779,Deposit,139446.63,INR,PENDING,Mobile
T0004944,A001485,2025-06-17 19:46:23.530779,Deposit,154488.6,INR,FAILED,ATM
T0004945,A000934,2025-06-10 18:45:05.530779,Fee,143421.43,INR,FAILED,Mobile
T0004946,A000853,2025-04-05 08:42:45.530779,Transfer,134842.62,INR,PENDING,Branch
T0004947,A000793,2026-07-01 04:21:44.530779,Deposit,45781.22,INR,SUCCESS,Online
T0004948,A001409,2026-08-07 17:47:31.530779,Deposit,105647.02,INR,FAILED,Branch
T0004949,A000656,2025-07-21 01:28:19.530779,Interest,151499.55,INR,PENDING,Branch
T0004950,A000456,2026-07-02 10:29:10.530779,Interest,6171.71,INR,FAILED,Online
T0004951,A000912,2026-09-09 07:08:06.530779,Fee,43327.2,INR,PENDING,ATM
T0004952,A000899,2026-09-12 08:12:40.530779,Deposit,31768.12,INR,PENDING,Branch
T0004953,A000165,2024-10-13 09:53:26.530779,Transfer,196651.2,INR,FAILED,Branch
T0004954,A000202,2026-03-27 22:36:25.530779,Withdrawal,157971.85,INR,FAILED,Mobile
T0004955,A000343,2024-12-08 09:45:30.530779,Deposit,210198.79,INR,PENDING,ATM
T0004956,A000554,2025-10-22 04:26:10.530779,Payment,148590.69,INR,FAILED,ATM
T0004957,A000228,2025-05-30 06:34:46.530779,Payment,244010.47,INR,SUCCESS,Branch
T0004958,A000721,2025-05-09 00:50:59.530779,Interest,216018.96,INR,FAILED,Branch
T0004959,A000066,2025-12-09 04:20:21.530779,Fee,77296.07,INR,SUCCESS,Branch
T0004960,A001465,2026-03-07 09:24:50.530779,Payment,63341.35,INR,SUCCESS,Online
T0004961,A000920,2025-08-26 15:31:47.530779,Transfer,101629.97,INR,FAILED,Mobile
T0004962,A001259,2025-01-17 21:16:14.530779,Interest,121496.16,INR,PENDING,ATM
T0004963,A001293,2025-12-01 11:54:55.530779,Withdrawal,79092.28,INR,FAILED,ATM
T0004964,A000685,2025-02-20 09:00:25.530779,Fee,197083.27,INR,FAILED,Branch
T0004965,A000366,2025-03-17 21:38:36.530779,Fee,151814.65,INR,FAILED,Mobile
T0004966,A000968,2025-02-05 14:43:18.530779,Fee,67899.92,INR,FAILED,Online
T0004967,A000533,2024-12-30 10:52:38.530779,Deposit,56993.38,INR,SUCCESS,Branch
T0004968,A000834,2025-05-16 19:42:44.530779,Interest,134432.9,INR,SUCCESS,Mobile
T0004969,A000416,2026-06-12 04:20:34.530779,Fee,166635.59,INR,PENDING,Branch
T0004970,A000734,2025-02-08 05:04:38.530779,Interest,220305.06,INR,FAILED,Branch
T0004971,A000845,2025-03-30 19:55:38.530779,Payment,245740.81,INR,SUCCESS,Mobile
T0004972,A000764,2025-09-24 14:02:43.530779,Payment,67244.42,INR,PENDING,Online
T0004973,A000412,2026-04-15 10:47:39.530779,Payment,162990.62,INR,SUCCESS,ATM
T0004974,A000841,2026-05-06 05:17:18.530779,Withdrawal,120311.9,INR,PENDING,ATM
T0004975,A000817,2024-09-24 23:00:17.530779,Deposit,13166.54,INR,SUCCESS,Mobile
T0004976,A000585,2025-12-02 14:27:04.530779,Payment,159210.55,INR,SUCCESS,Branch
T0004977,A001239,2024-12-06 09:47:46.530779,Deposit,141684.97,INR,SUCCESS,Online
T0004978,A000218,2024-11-07 21:10:33.530779,Payment,98117.75,INR,PENDING,ATM
T0004979,A000637,2025-08-02 11:48:05.530779,Interest,62229.67,INR,SUCCESS,Online
T0004980,A000551,2026-01-18 18:19:21.530779,Payment,32660.23,INR,PENDING,Branch
T0004981,A001415,2025-07-22 23:07:28.530779,Withdrawal,201118.18,INR,SUCCESS,ATM
T0004982,A000697,2025-03-24 04:10:54.530779,Interest,168728.18,INR,PENDING,Branch
T0004983,A000116,2026-08-23 06:37:12.530779,Payment,193454.94,INR,SUCCESS,Mobile
T0004984,A000813,2025-01-09 14:25:02.530779,Transfer,205257.66,INR,FAILED,Online
T0004985,A000122,2024-11-05 15:43:11.530779,Interest,133100.34,INR,PENDING,Branch
T0004986,A001014,2024-11-26 03:43:24.530779,Deposit,53428.41,INR,FAILED,Online
T0004987,A000733,2026-07-06 04:46:29.530779,Deposit,237623.19,INR,FAILED,ATM
T0004988,A000939,2025-03-19 04:48:23.530779,Payment,227048.13,INR,FAILED,Mobile
T0004989,A001324,2025-08-03 20:22:31.530779,Transfer,190720.25,INR,FAILED,ATM
T0004990,A001380,2025-02-10 15:07:24.530779,Interest,228643.62,INR,SUCCESS,ATM
T0004991,A001023,2025-04-05 09:47:08.530779,Payment,168010.61,INR,FAILED,Online
T0004992,A000031,2024-12-12 14:24:08.530779,Withdrawal,127135.58,INR,PENDING,ATM
T0004993,A001101,2025-04-04 19:26:00.530779,Interest,124683.38,INR,FAILED,Branch
T0004994,A000384,2025-08-10 19:57:20.530779,Deposit,65156.32,INR,SUCCESS,ATM
T0004995,A001085,2025-08-16 05:23:15.530779,Interest,196158.0,INR,SUCCESS,Mobile
T0004996,A000818,2024-11-09 03:01:57.530779,Transfer,182160.74,INR,SUCCESS,Mobile
T0004997,A001236,2026-06-24 04:18:15.530779,Payment,114550.35,INR,FAILED,ATM
T0004998,A000466,2026-07-10 09:53:17.530779,Withdrawal,193948.96,INR,SUCCESS,ATM
T0004999,A001076,2025-09-08 16:03:05.530779,Payment,237180.1,INR,FAILED,ATM
T0005000,A000605,2026-09-14 01:23:15.530779,Payment,235778.61,INR,SUCCESS,ATM
T0005001,A000806,2026-07-03 22:36:06.530779,Interest,68559.53,INR,PENDING,Branch
T0005002,A000433,2025-02-20 17:59:43.530779,Interest,193411.07,INR,SUCCESS,Online
T0005003,A001286,2025-11-13 15:50:16.530779,Interest,217587.47,INR,SUCCESS,Online
T0005004,A000906,2026-05-23 20:15:58.530779,Fee,72964.64,INR,SUCCESS,Mobile
T0005005,A000508,2026-05-05 20:10:45.530779,Deposit,94879.64,INR,FAILED,Mobile
T0005006,A001030,2025-01-22 04:06:50.530779,Withdrawal,105975.39,INR,PENDING,ATM
T0005007,A000104,2026-05-31 16:32:07.530779,Withdrawal,71118.02,INR,PENDING,Online
T0005008,A001318,2024-09-21 11:53:42.530779,Transfer,117446.16,INR,PENDING,Online
T0005009,A000535,2025-09-25 18:40:54.530779,Withdrawal,66198.33,INR,FAILED,Branch
T0005010,A001333,2025-09-13 03:41:17.530779,Withdrawal,248475.68,INR,SUCCESS,ATM
T0005011,A000564,2025-04-17 09:05:10.530779,Deposit,179208.76,INR,FAILED,Online
T0005012,A000849,2026-02-28 00:09:40.530779,Interest,54192.19,INR,PENDING,Mobile
T0005013,A001250,2026-05-18 11:23:58.530779,Interest,73185.62,INR,FAILED,Branch
T0005014,A000552,2026-03-26 23:18:24.530779,Transfer,154882.44,INR,PENDING,Branch
T0005015,A000320,2025-04-22 03:55:33.530779,Fee,40968.16,INR,PENDING,Online
T0005016,A000806,2024-12-02 06:04:24.530779,Transfer,159383.08,INR,SUCCESS,Online
T0005017,A000538,2025-08-13 08:45:03.530779,Payment,243671.86,INR,PENDING,Mobile
T0005018,A000934,2026-01-08 22:34:20.530779,Deposit,121949.5,INR,FAILED,Online
T0005019,A001274,2025-12-18 00:20:39.530779,Transfer,236755.79,INR,PENDING,Online
T0005020,A000267,2026-07-05 14:04:19.530779,Payment,167215.89,INR,SUCCESS,Branch
T0005021,A000523,2025-11-08 05:57:26.530779,Interest,164227.27,INR,SUCCESS,Mobile
T0005022,A000928,2025-12-01 11:36:56.530779,Withdrawal,928.83,INR,FAILED,Online
T0005023,A000083,2025-06-08 17:18:32.530779,Payment,128404.69,INR,PENDING,Mobile
T0005024,A001060,2025-12-15 21:25:47.530779,Payment,123708.53,INR,FAILED,Mobile
T0005025,A000391,2026-09-07 23:09:33.530779,Fee,147270.42,INR,FAILED,Mobile
T0005026,A000223,2025-10-23 20:01:34.530779,Fee,75205.39,INR,FAILED,ATM
T0005027,A001117,2025-01-08 20:46:23.530779,Interest,56210.28,INR,PENDING,ATM
T0005028,A000315,2025-12-27 20:08:05.530779,Fee,41478.06,INR,SUCCESS,Online
T0005029,A000721,2025-01-01 14:41:57.530779,Deposit,78988.31,INR,PENDING,ATM
T0005030,A000582,2025-03-08 16:57:58.530779,Payment,213080.46,INR,PENDING,Branch
T0005031,A001317,2024-12-30 12:34:37.530779,Transfer,183670.15,INR,SUCCESS,Mobile
T0005032,A000914,2024-12-01 23:00:27.530779,Fee,235201.05,INR,SUCCESS,Online
T0005033,A001314,2026-08-02 07:11:24.530779,Transfer,204338.9,INR,FAILED,Branch
T0005034,A000867,2024-11-24 21:51:59.530779,Interest,23782.53,INR,FAILED,Branch
T0005035,A000104,2025-09-24 22:22:59.530779,Withdrawal,28228.62,INR,SUCCESS,Online
T0005036,A001022,2024-11-03 05:40:27.530779,Fee,106095.24,INR,PENDING,ATM
T0005037,A000116,2026-03-08 16:19:30.530779,Deposit,87823.61,INR,PENDING,Mobile
T0005038,A001051,2025-08-19 07:42:18.530779,Interest,13446.45,INR,PENDING,Branch
T0005039,A001258,2025-04-05 02:54:29.530779,Interest,798.83,INR,SUCCESS,Branch
T0005040,A000427,2025-10-17 21:12:16.530779,Withdrawal,182573.12,INR,FAILED,Mobile
T0005041,A000588,2026-09-15 17:33:30.530779,Interest,210651.79,INR,FAILED,Mobile
T0005042,A001056,2025-03-22 13:49:07.530779,Interest,152794.32,INR,FAILED,Mobile
T0005043,A000713,2024-12-19 02:13:19.530779,Withdrawal,167116.59,INR,SUCCESS,Branch
T0005044,A000054,2025-02-04 23:19:31.530779,Payment,81360.38,INR,PENDING,Mobile
T0005045,A001334,2024-12-28 10:44:00.530779,Transfer,62848.85,INR,PENDING,ATM
T0005046,A001447,2025-01-15 21:02:44.530779,Fee,93964.52,INR,FAILED,ATM
T0005047,A001335,2026-08-15 20:21:10.530779,Payment,44035.1,INR,FAILED,Mobile
T0005048,A000013,2026-04-09 09:32:56.530779,Fee,236968.94,INR,PENDING,Mobile
T0005049,A001362,2026-02-06 15:41:42.530779,Deposit,210964.73,INR,FAILED,Mobile
T0005050,A000848,2026-08-02 22:35:28.530779,Fee,82920.17,INR,PENDING,Branch
T0005051,A001381,2024-11-19 11:05:52.530779,Deposit,223935.23,INR,SUCCESS,ATM
T0005052,A000243,2024-12-19 22:57:38.530779,Deposit,234430.97,INR,SUCCESS,Branch
T0005053,A000039,2025-12-27 04:11:00.530779,Payment,88846.55,INR,SUCCESS,ATM
T0005054,A000849,2025-07-01 13:01:12.530779,Payment,237820.99,INR,SUCCESS,Branch
T0005055,A001406,2025-11-06 16:08:42.530779,Payment,199070.56,INR,SUCCESS,ATM
T0005056,A000481,2024-11-14 09:16:16.530779,Transfer,248702.01,INR,SUCCESS,Online
T0005057,A001340,2025-03-28 13:42:32.530779,Transfer,85606.97,INR,FAILED,ATM
T0005058,A000859,2026-01-05 12:54:20.530779,Interest,211513.51,INR,FAILED,ATM
T0005059,A001486,2026-01-01 06:26:26.530779,Withdrawal,147028.58,INR,FAILED,Branch
T0005060,A000121,2025-07-25 02:28:21.530779,Transfer,778.43,INR,PENDING,ATM
T0005061,A001488,2026-06-11 00:11:39.530779,Withdrawal,60401.6,INR,SUCCESS,ATM
T0005062,A000241,2025-11-30 06:11:40.530779,Transfer,175773.13,INR,PENDING,Online
T0005063,A000769,2025-11-22 02:59:07.530779,Transfer,55153.31,INR,FAILED,Mobile
T0005064,A000418,2024-10-02 11:09:07.530779,Transfer,41312.38,INR,PENDING,Online
T0005065,A000144,2026-02-04 18:39:35.530779,Interest,222751.78,INR,FAILED,Mobile
T0005066,A000128,2026-05-05 06:47:53.530779,Fee,200791.19,INR,FAILED,Online
T0005067,A000981,2025-09-15 01:28:26.530779,Deposit,214668.34,INR,SUCCESS,Branch
T0005068,A000814,2025-11-01 03:51:43.530779,Fee,13740.05,INR,FAILED,Branch
T0005069,A001181,2024-11-18 11:30:16.530779,Deposit,67371.64,INR,SUCCESS,Branch
T0005070,A001311,2026-07-24 20:19:56.530779,Interest,117373.4,INR,PENDING,Branch
T0005071,A000213,2026-08-11 06:48:37.530779,Fee,143856.43,INR,FAILED,Branch
T0005072,A001163,2025-12-17 00:36:15.530779,Fee,96871.88,INR,SUCCESS,Branch
T0005073,A000861,2025-06-24 21:51:10.530779,Deposit,215763.06,INR,SUCCESS,Mobile
T0005074,A001372,2024-10-08 18:06:40.530779,Payment,135309.81,INR,FAILED,Branch
T0005075,A001105,2025-12-27 19:56:02.530779,Fee,226590.1,INR,SUCCESS,ATM
T0005076,A000714,2025-04-29 16:00:18.530779,Fee,100876.64,INR,PENDING,Branch
T0005077,A000363,2026-03-24 15:06:51.530779,Payment,246629.56,INR,PENDING,Mobile
T0005078,A000026,2026-09-02 07:57:39.530779,Deposit,142513.12,INR,FAILED,Online
T0005079,A001000,2025-08-18 08:47:55.530779,Transfer,147643.35,INR,FAILED,Online
T0005080,A000443,2025-01-16 06:30:25.530779,Payment,113136.69,INR,SUCCESS,Online
T0005081,A000783,2024-11-26 11:21:14.530779,Payment,191202.93,INR,PENDING,Online
T0005082,A001098,2025-06-30 00:04:33.530779,Withdrawal,226582.88,INR,SUCCESS,ATM
T0005083,A001248,2025-11-09 10:39:51.530779,Interest,207481.2,INR,SUCCESS,Mobile
T0005084,A000861,2025-12-24 02:19:55.530779,Transfer,14078.56,INR,FAILED,Mobile
T0005085,A001354,2026-07-31 07:18:57.530779,Deposit,93487.68,INR,PENDING,Branch
T0005086,A000961,2026-07-06 08:00:53.530779,Fee,21539.57,INR,SUCCESS,Online
T0005087,A000129,2026-07-21 21:41:03.530779,Transfer,26641.4,INR,PENDING,Online
T0005088,A000781,2026-09-16 08:12:53.530779,Fee,200851.95,INR,SUCCESS,ATM
T0005089,A000099,2025-12-14 21:03:40.530779,Transfer,108109.0,INR,FAILED,ATM
T0005090,A000123,2026-05-25 08:57:29.530779,Transfer,170620.24,INR,PENDING,Online
T0005091,A001239,2025-08-22 03:00:21.530779,Withdrawal,154095.2,INR,SUCCESS,Branch
T0005092,A000191,2026-04-16 19:59:12.530779,Interest,156530.81,INR,SUCCESS,Mobile
T0005093,A001222,2025-12-08 18:54:16.530779,Deposit,5375.06,INR,PENDING,Branch
T0005094,A001312,2026-08-15 01:14:56.530779,Payment,206733.59,INR,PENDING,Online
T0005095,A000166,2025-07-15 10:39:14.530779,Payment,224130.32,INR,FAILED,Branch
T0005096,A000977,2024-12-27 03:10:22.530779,Payment,171240.52,INR,PENDING,ATM
T0005097,A000839,2025-03-05 23:30:01.530779,Payment,12633.23,INR,SUCCESS,ATM
T0005098,A001136,2026-03-05 11:58:37.530779,Withdrawal,70104.63,INR,PENDING,Online
T0005099,A001327,2025-06-08 22:06:52.530779,Payment,121183.41,INR,PENDING,ATM
T0005100,A000362,2026-09-08 17:03:25.530779,Transfer,249616.45,INR,SUCCESS,Mobile
T0005101,A000172,2024-11-19 06:36:44.530779,Transfer,16218.57,INR,PENDING,Branch
T0005102,A000712,2024-12-23 15:42:56.530779,Fee,139640.66,INR,FAILED,Mobile
T0005103,A001251,2025-02-22 10:43:12.530779,Transfer,158453.57,INR,FAILED,Branch
T0005104,A000206,2025-06-17 22:55:21.530779,Fee,67693.14,INR,FAILED,Mobile
T0005105,A000155,2025-03-24 12:38:30.530779,Fee,143189.95,INR,SUCCESS,Online
T0005106,A000476,2025-02-06 14:07:14.530779,Withdrawal,65663.13,INR,PENDING,Mobile
T0005107,A000996,2025-02-15 15:33:38.530779,Interest,189971.81,INR,SUCCESS,ATM
T0005108,A001391,2026-05-04 10:34:05.530779,Withdrawal,105718.82,INR,SUCCESS,Mobile
T0005109,A000739,2026-06-13 23:24:44.530779,Interest,92745.67,INR,SUCCESS,ATM
T0005110,A000373,2025-06-09 19:01:29.530779,Deposit,60336.33,INR,PENDING,Online
T0005111,A000642,2025-01-18 03:49:27.530779,Interest,214437.79,INR,FAILED,Branch
T0005112,A000205,2026-05-29 09:29:41.530779,Interest,241408.45,INR,SUCCESS,Mobile
T0005113,A000743,2026-06-19 19:17:46.530779,Transfer,201515.57,INR,SUCCESS,Mobile
T0005114,A000741,2025-04-17 16:33:41.530779,Deposit,126109.63,INR,SUCCESS,Branch
T0005115,A000948,2025-05-26 03:42:13.530779,Transfer,224317.33,INR,FAILED,Mobile
T0005116,A000302,2026-08-18 07:27:08.530779,Transfer,58758.4,INR,PENDING,Mobile
T0005117,A001166,2024-12-27 06:52:31.530779,Transfer,199440.4,INR,FAILED,Branch
T0005118,A000340,2025-08-19 15:20:46.530779,Fee,1721.25,INR,SUCCESS,Mobile
T0005119,A000026,2025-10-07 00:07:16.530779,Payment,177393.46,INR,PENDING,ATM
T0005120,A000091,2025-08-19 18:28:42.530779,Transfer,195503.21,INR,SUCCESS,ATM
T0005121,A001391,2024-11-01 16:45:16.530779,Fee,39893.08,INR,FAILED,Mobile
T0005122,A001069,2025-09-29 12:04:26.530779,Payment,187149.61,INR,PENDING,Mobile
T0005123,A000877,2025-12-26 00:16:38.530779,Withdrawal,157546.13,INR,FAILED,Branch
T0005124,A000040,2025-04-30 13:17:01.530779,Fee,15215.8,INR,FAILED,Mobile
T0005125,A000857,2026-08-13 04:22:35.530779,Withdrawal,188957.55,INR,PENDING,Online
T0005126,A000765,2025-11-12 16:11:02.530779,Deposit,15972.71,INR,FAILED,Mobile
T0005127,A000921,2025-02-05 22:34:55.530779,Interest,6211.38,INR,SUCCESS,ATM
T0005128,A000909,2024-12-26 09:49:38.530779,Payment,231225.83,INR,FAILED,Branch
T0005129,A000184,2025-04-24 17:10:49.530779,Withdrawal,246812.82,INR,PENDING,Branch
T0005130,A000064,2024-09-28 18:32:39.530779,Interest,242775.88,INR,FAILED,Mobile
T0005131,A001106,2026-02-20 06:08:23.530779,Fee,137734.09,INR,SUCCESS,Mobile
T0005132,A001341,2026-09-11 04:53:30.530779,Withdrawal,246114.42,INR,PENDING,Branch
T0005133,A001409,2025-08-24 15:55:07.530779,Interest,91005.43,INR,SUCCESS,Branch
T0005134,A000591,2025-10-23 09:15:12.530779,Transfer,28531.77,INR,PENDING,ATM
T0005135,A000347,2025-10-17 05:03:40.530779,Withdrawal,3104.98,INR,PENDING,Mobile
T0005136,A000526,2025-07-04 14:16:42.530779,Interest,67280.01,INR,SUCCESS,Branch
T0005137,A001061,2025-01-22 07:03:50.530779,Deposit,111947.25,INR,PENDING,Branch
T0005138,A001168,2024-11-04 15:10:36.530779,Fee,199381.7,INR,SUCCESS,ATM
T0005139,A000076,2025-09-03 02:07:55.530779,Payment,164540.02,INR,PENDING,Mobile
T0005140,A001263,2026-03-05 04:57:43.530779,Withdrawal,17743.75,INR,SUCCESS,Branch
T0005141,A001422,2024-10-05 10:34:29.530779,Withdrawal,121237.44,INR,FAILED,Branch
T0005142,A000503,2025-01-06 01:30:46.530779,Payment,162767.02,INR,PENDING,Online
T0005143,A001226,2025-09-23 13:08:27.530779,Transfer,162870.2,INR,PENDING,Branch
T0005144,A001284,2025-03-19 10:56:00.530779,Deposit,171676.48,INR,FAILED,ATM
T0005145,A000439,2024-12-04 04:31:57.530779,Transfer,42111.01,INR,PENDING,Online
T0005146,A001054,2026-08-14 19:23:48.530779,Fee,234001.72,INR,SUCCESS,Online
T0005147,A000943,2024-12-21 23:33:40.530779,Deposit,70657.75,INR,PENDING,Mobile
T0005148,A000053,2025-04-17 14:00:07.530779,Withdrawal,195011.22,INR,FAILED,Online
T0005149,A000684,2026-02-21 23:06:01.530779,Fee,165620.01,INR,FAILED,ATM
T0005150,A001000,2025-06-25 07:03:14.530779,Withdrawal,194914.91,INR,SUCCESS,Mobile
T0005151,A001016,2025-12-05 17:25:40.530779,Payment,53182.23,INR,PENDING,Mobile
T0005152,A000156,2024-12-03 20:48:48.530779,Interest,230566.52,INR,SUCCESS,ATM
T0005153,A000609,2025-05-16 18:05:16.530779,Interest,60248.63,INR,PENDING,Branch
T0005154,A000675,2026-04-26 17:12:15.530779,Payment,128202.16,INR,FAILED,Mobile
T0005155,A000249,2025-01-18 19:38:52.530779,Fee,189834.64,INR,SUCCESS,Online
T0005156,A000572,2026-03-12 16:37:59.530779,Payment,41616.3,INR,SUCCESS,Mobile
T0005157,A000327,2025-01-05 03:54:32.530779,Payment,89265.58,INR,PENDING,Branch
T0005158,A000016,2025-08-02 13:32:34.530779,Withdrawal,14409.74,INR,PENDING,Mobile
T0005159,A000148,2025-01-07 04:16:08.530779,Payment,132003.32,INR,FAILED,Online
T0005160,A001441,2025-08-01 05:54:00.530779,Withdrawal,217178.83,INR,FAILED,ATM
T0005161,A001130,2026-03-12 19:15:06.530779,Deposit,218234.43,INR,PENDING,ATM
T0005162,A000050,2026-06-07 05:30:02.530779,Payment,54739.41,INR,FAILED,Online
T0005163,A000267,2025-10-15 11:57:22.530779,Payment,41949.38,INR,FAILED,Online
T0005164,A000211,2026-04-09 20:03:07.530779,Deposit,143741.25,INR,SUCCESS,Online
T0005165,A000143,2024-11-02 00:06:23.530779,Payment,150531.38,INR,SUCCESS,ATM
T0005166,A000813,2024-11-24 07:38:22.530779,Interest,42557.28,INR,SUCCESS,Online
T0005167,A001357,2024-12-05 07:16:08.530779,Payment,238751.97,INR,SUCCESS,Online
T0005168,A001147,2026-04-22 23:11:32.530779,Deposit,208146.88,INR,FAILED,Online
T0005169,A000795,2024-12-05 09:31:24.530779,Fee,96940.17,INR,PENDING,Mobile
T0005170,A000954,2025-11-06 00:44:04.530779,Payment,35792.13,INR,FAILED,Mobile
T0005171,A000579,2024-10-27 22:28:03.530779,Transfer,12236.53,INR,PENDING,Online
T0005172,A001413,2025-12-08 06:52:55.530779,Interest,221866.1,INR,FAILED,Mobile
T0005173,A000743,2025-05-24 06:57:31.530779,Deposit,28097.54,INR,FAILED,Mobile
T0005174,A000667,2025-11-25 04:14:12.530779,Deposit,9013.27,INR,PENDING,ATM
T0005175,A000994,2025-10-11 03:46:50.530779,Withdrawal,8970.33,INR,FAILED,Online
T0005176,A000424,2025-09-01 03:05:17.530779,Withdrawal,164415.87,INR,SUCCESS,Branch
T0005177,A000113,2025-12-17 06:49:14.530779,Fee,208742.84,INR,SUCCESS,ATM
T0005178,A000634,2024-09-20 16:49:25.530779,Deposit,159467.55,INR,SUCCESS,ATM
T0005179,A001394,2026-04-23 22:25:51.530779,Payment,103776.81,INR,SUCCESS,Mobile
T0005180,A000456,2026-04-19 01:14:43.530779,Payment,56399.42,INR,PENDING,ATM
T0005181,A000411,2026-01-25 09:32:56.530779,Withdrawal,151292.47,INR,PENDING,ATM
T0005182,A001439,2026-02-18 00:08:12.530779,Deposit,7013.36,INR,PENDING,ATM
T0005183,A000291,2025-01-02 13:41:45.530779,Interest,94360.75,INR,FAILED,Online
T0005184,A000882,2024-12-23 10:43:07.530779,Fee,60367.93,INR,SUCCESS,ATM
T0005185,A000012,2025-10-25 12:38:07.530779,Deposit,56364.73,INR,FAILED,ATM
T0005186,A001468,2025-09-24 18:01:45.530779,Interest,181602.17,INR,FAILED,Branch
T0005187,A000331,2025-07-11 22:50:02.530779,Deposit,24510.36,INR,SUCCESS,Online
T0005188,A000347,2025-02-10 07:12:23.530779,Deposit,23821.09,INR,FAILED,Online
T0005189,A001122,2026-05-27 18:26:44.530779,Fee,1840.75,INR,PENDING,Online
T0005190,A000997,2026-05-21 03:30:37.530779,Transfer,8182.7,INR,FAILED,Online
T0005191,A000799,2026-05-05 05:18:35.530779,Payment,118342.78,INR,FAILED,Online
T0005192,A000193,2025-07-04 14:02:16.530779,Payment,161911.0,INR,PENDING,Mobile
T0005193,A001056,2026-08-10 22:38:06.530779,Interest,236483.86,INR,SUCCESS,Branch
T0005194,A001102,2025-09-09 14:54:07.530779,Interest,217611.55,INR,PENDING,Branch
T0005195,A000292,2025-03-06 23:47:56.530779,Deposit,64347.14,INR,PENDING,Branch
T0005196,A000466,2024-12-11 00:31:00.530779,Payment,195770.39,INR,FAILED,Mobile
T0005197,A000772,2025-07-08 17:11:33.530779,Transfer,22188.0,INR,FAILED,Mobile
T0005198,A000236,2026-09-17 16:30:19.530779,Interest,226729.07,INR,FAILED,ATM
T0005199,A000132,2025-08-31 07:21:43.530779,Transfer,90895.66,INR,FAILED,ATM
T0005200,A000105,2024-10-05 19:48:56.530779,Deposit,36372.32,INR,PENDING,Online
T0005201,A000717,2025-11-30 20:38:45.530779,Transfer,117670.69,INR,FAILED,Branch
T0005202,A000920,2025-06-07 04:21:10.530779,Interest,34835.62,INR,FAILED,Mobile
T0005203,A000191,2025-11-16 22:20:13.530779,Deposit,238488.33,INR,PENDING,Online
T0005204,A000327,2026-04-22 18:23:15.530779,Transfer,80918.06,INR,PENDING,Online
T0005205,A001362,2025-06-17 15:06:25.530779,Transfer,110544.05,INR,SUCCESS,Mobile
T0005206,A000901,2025-11-21 23:38:55.530779,Transfer,28175.2,INR,SUCCESS,Branch
T0005207,A000356,2024-10-03 05:31:27.530779,Transfer,42532.95,INR,FAILED,Mobile
T0005208,A000165,2026-07-28 23:24:05.530779,Withdrawal,63725.99,INR,SUCCESS,Branch
T0005209,A000383,2025-11-25 06:13:06.530779,Fee,7138.41,INR,PENDING,ATM
T0005210,A001008,2025-07-23 01:57:03.530779,Transfer,66549.27,INR,SUCCESS,Online
T0005211,A000920,2025-10-22 08:26:02.530779,Fee,9139.42,INR,PENDING,ATM
T0005212,A001134,2026-04-10 05:25:35.530779,Deposit,111458.28,INR,PENDING,Mobile
T0005213,A000832,2025-04-24 21:40:27.530779,Fee,157683.05,INR,SUCCESS,Online
T0005214,A001199,2026-03-30 05:23:12.530779,Payment,162965.72,INR,FAILED,Branch
T0005215,A000125,2025-01-09 04:24:11.530779,Payment,71294.43,INR,FAILED,Branch
T0005216,A000532,2026-01-24 13:07:11.530779,Payment,138795.44,INR,FAILED,Branch
T0005217,A000098,2025-03-12 11:28:35.530779,Fee,65444.7,INR,FAILED,Online
T0005218,A001329,2026-08-17 02:15:36.530779,Transfer,62028.55,INR,PENDING,Mobile
T0005219,A000032,2025-09-19 16:29:13.530779,Fee,144779.97,INR,SUCCESS,Branch
T0005220,A000296,2025-01-19 23:43:50.530779,Fee,86153.39,INR,FAILED,Online
T0005221,A001083,2025-06-03 08:06:34.530779,Interest,214594.61,INR,FAILED,ATM
T0005222,A000505,2025-02-10 23:50:13.530779,Withdrawal,234713.86,INR,PENDING,Branch
T0005223,A000242,2025-08-31 19:58:44.530779,Fee,190662.07,INR,SUCCESS,Online
T0005224,A001086,2025-09-12 06:11:21.530779,Withdrawal,202349.42,INR,SUCCESS,ATM
T0005225,A000887,2025-04-06 23:58:45.530779,Payment,54906.52,INR,SUCCESS,Mobile
T0005226,A001152,2024-11-13 07:41:37.530779,Fee,72448.34,INR,SUCCESS,Branch
T0005227,A000951,2026-07-04 16:42:52.530779,Payment,148158.44,INR,PENDING,Online
T0005228,A000252,2026-05-08 22:58:28.530779,Interest,4442.73,INR,SUCCESS,Branch
T0005229,A000939,2025-01-01 20:29:48.530779,Deposit,150509.01,INR,FAILED,ATM
T0005230,A001448,2025-07-30 12:06:43.530779,Transfer,6222.28,INR,FAILED,Online
T0005231,A001045,2025-08-02 08:25:50.530779,Payment,199640.51,INR,FAILED,Mobile
T0005232,A000626,2026-04-08 22:51:31.530779,Withdrawal,29199.93,INR,PENDING,ATM
T0005233,A001015,2025-10-06 14:28:17.530779,Payment,152110.01,INR,PENDING,Branch
T0005234,A001154,2026-06-21 05:22:55.530779,Payment,45096.1,INR,FAILED,Mobile
T0005235,A000448,2025-03-07 16:45:17.530779,Withdrawal,240826.12,INR,SUCCESS,Branch
T0005236,A001386,2024-11-02 06:22:14.530779,Interest,153988.32,INR,PENDING,Online
T0005237,A000831,2025-08-20 14:19:22.530779,Transfer,170840.96,INR,SUCCESS,ATM
T0005238,A000632,2024-11-23 07:55:59.530779,Withdrawal,5362.2,INR,FAILED,Branch
T0005239,A000473,2026-03-04 23:09:47.530779,Withdrawal,237336.26,INR,PENDING,Branch
T0005240,A000176,2025-10-18 19:21:21.530779,Interest,158302.97,INR,FAILED,Online
T0005241,A000178,2025-09-17 22:16:02.530779,Fee,25908.26,INR,SUCCESS,Mobile
T0005242,A000382,2026-08-18 09:11:15.530779,Withdrawal,106997.22,INR,SUCCESS,Branch
T0005243,A000948,2025-06-03 07:15:28.530779,Withdrawal,133574.78,INR,SUCCESS,Mobile
T0005244,A000539,2024-12-06 18:33:47.530779,Withdrawal,71881.97,INR,SUCCESS,ATM
T0005245,A001466,2026-08-11 16:57:42.530779,Deposit,201217.73,INR,PENDING,Mobile
T0005246,A000134,2025-11-17 03:57:21.530779,Deposit,185137.58,INR,FAILED,Branch
T0005247,A000052,2025-10-15 05:38:22.530779,Payment,51322.68,INR,FAILED,Branch
T0005248,A000640,2025-05-12 11:56:48.530779,Deposit,70214.57,INR,FAILED,ATM
T0005249,A000926,2025-11-21 10:32:43.530779,Withdrawal,16146.34,INR,SUCCESS,Branch
T0005250,A000670,2026-02-26 18:51:50.530779,Fee,44113.24,INR,FAILED,Mobile
T0005251,A001488,2026-01-17 22:37:29.530779,Deposit,3547.17,INR,PENDING,ATM
T0005252,A000399,2025-05-06 19:24:39.530779,Deposit,31231.4,INR,PENDING,ATM
T0005253,A000214,2026-01-18 17:53:31.530779,Payment,93443.23,INR,FAILED,Online
T0005254,A000097,2026-03-05 18:42:29.530779,Interest,198071.57,INR,FAILED,Online
T0005255,A000078,2026-02-22 22:01:57.530779,Interest,32551.84,INR,FAILED,Branch
T0005256,A001080,2025-03-28 19:39:47.530779,Withdrawal,108114.35,INR,FAILED,Mobile
T0005257,A000070,2025-06-15 13:10:29.530779,Fee,114432.12,INR,FAILED,Mobile
T0005258,A001156,2024-12-09 08:57:53.530779,Withdrawal,172417.9,INR,PENDING,Online
T0005259,A000274,2025-04-02 15:51:53.530779,Withdrawal,147409.16,INR,SUCCESS,Online
T0005260,A000014,2025-07-29 11:47:05.530779,Interest,57379.3,INR,PENDING,Mobile
T0005261,A000230,2025-06-30 20:05:52.530779,Interest,20318.82,INR,FAILED,Branch
T0005262,A001190,2025-11-16 08:42:57.530779,Withdrawal,181366.14,INR,SUCCESS,Branch
T0005263,A000417,2026-04-11 02:54:56.530779,Withdrawal,231467.74,INR,FAILED,Mobile
T0005264,A001302,2026-09-05 05:18:15.530779,Payment,202476.77,INR,PENDING,Online
T0005265,A000746,2026-04-14 02:10:00.530779,Transfer,224528.46,INR,PENDING,Mobile
T0005266,A001096,2025-09-28 17:46:26.530779,Withdrawal,8641.16,INR,SUCCESS,Online
T0005267,A000997,2025-04-12 13:54:09.530779,Deposit,102081.45,INR,PENDING,Mobile
T0005268,A000637,2025-05-28 17:46:00.530779,Deposit,228476.02,INR,FAILED,Branch
T0005269,A000317,2025-11-06 23:54:53.530779,Fee,123329.92,INR,PENDING,Online
T0005270,A000848,2026-01-16 05:14:58.530779,Interest,171458.79,INR,PENDING,Online
T0005271,A001424,2024-09-23 11:45:13.530779,Deposit,62120.49,INR,SUCCESS,Branch
T0005272,A000153,2026-01-25 18:58:54.530779,Withdrawal,132818.33,INR,PENDING,Mobile
T0005273,A001298,2025-12-18 21:37:24.530779,Withdrawal,150474.16,INR,PENDING,ATM
T0005274,A000458,2026-07-01 20:05:05.530779,Deposit,194295.79,INR,SUCCESS,Mobile
T0005275,A001059,2025-12-22 22:57:30.530779,Deposit,68546.34,INR,PENDING,ATM
T0005276,A000649,2025-06-02 21:02:24.530779,Withdrawal,206901.04,INR,FAILED,Mobile
T0005277,A000088,2025-05-26 05:46:35.530779,Payment,41931.58,INR,FAILED,Branch
T0005278,A000698,2024-12-30 02:32:31.530779,Payment,199962.6,INR,PENDING,Mobile
T0005279,A001424,2025-05-14 01:19:18.530779,Payment,124624.55,INR,SUCCESS,Online
T0005280,A000573,2026-08-16 20:24:02.530779,Payment,122854.15,INR,SUCCESS,ATM
T0005281,A000309,2026-09-10 02:14:57.530779,Fee,221855.27,INR,SUCCESS,ATM
T0005282,A000216,2025-07-18 15:21:32.530779,Withdrawal,9383.37,INR,PENDING,Mobile
T0005283,A000584,2025-11-23 04:05:43.530779,Fee,111664.11,INR,PENDING,ATM
T0005284,A000439,2025-11-06 06:11:40.530779,Payment,136180.14,INR,PENDING,Branch
T0005285,A000983,2026-09-09 01:59:09.530779,Withdrawal,200765.78,INR,SUCCESS,Branch
T0005286,A000052,2026-01-03 14:15:21.530779,Interest,104062.11,INR,SUCCESS,ATM
T0005287,A001446,2026-07-07 01:50:30.530779,Withdrawal,101969.0,INR,PENDING,Online
T0005288,A000972,2025-11-30 12:31:36.530779,Transfer,18705.81,INR,FAILED,ATM
T0005289,A000851,2026-07-11 07:24:49.530779,Payment,232879.2,INR,SUCCESS,Mobile
T0005290,A000853,2026-01-20 12:57:22.530779,Deposit,226557.72,INR,PENDING,ATM
T0005291,A000702,2025-09-17 07:29:28.530779,Payment,113276.38,INR,PENDING,Branch
T0005292,A001153,2026-03-11 12:36:58.530779,Withdrawal,172029.28,INR,FAILED,ATM
T0005293,A000848,2026-02-19 07:56:18.530779,Deposit,133977.19,INR,PENDING,Mobile
T0005294,A000640,2025-12-14 10:02:50.530779,Fee,219056.45,INR,SUCCESS,Mobile
T0005295,A000077,2026-06-16 13:10:02.530779,Transfer,32718.7,INR,FAILED,ATM
T0005296,A000720,2024-09-24 06:04:14.530779,Payment,124183.31,INR,SUCCESS,Mobile
T0005297,A001059,2025-01-21 16:52:59.530779,Withdrawal,154500.42,INR,PENDING,Online
T0005298,A001482,2025-11-01 03:22:36.530779,Deposit,240637.31,INR,FAILED,Branch
T0005299,A001207,2025-04-21 05:19:18.530779,Transfer,738.24,INR,PENDING,Online
T0005300,A001006,2025-07-28 07:12:57.530779,Transfer,22597.76,INR,SUCCESS,Branch
T0005301,A000020,2026-06-07 19:24:53.530779,Fee,182814.65,INR,FAILED,ATM
T0005302,A001074,2025-01-20 23:58:54.530779,Payment,194197.05,INR,SUCCESS,Branch
T0005303,A001486,2024-09-23 17:29:20.530779,Interest,125659.34,INR,PENDING,Mobile
T0005304,A000482,2026-08-15 02:20:40.530779,Withdrawal,155658.22,INR,SUCCESS,Mobile
T0005305,A000752,2026-08-13 16:34:33.530779,Fee,72803.73,INR,FAILED,Online
T0005306,A000765,2024-11-26 14:07:17.530779,Payment,91173.88,INR,FAILED,Branch
T0005307,A000775,2025-07-25 18:24:49.530779,Withdrawal,158686.98,INR,PENDING,Online
T0005308,A001372,2024-10-01 17:27:59.530779,Interest,188643.64,INR,FAILED,Branch
T0005309,A000645,2024-11-19 11:42:46.530779,Payment,52624.16,INR,PENDING,ATM
T0005310,A001172,2025-01-16 01:16:42.530779,Payment,1756.71,INR,SUCCESS,Branch
T0005311,A000836,2025-10-13 03:40:06.530779,Interest,215386.88,INR,PENDING,ATM
T0005312,A000903,2025-04-06 02:18:57.530779,Payment,101528.16,INR,PENDING,Mobile
T0005313,A001421,2025-07-17 10:03:21.530779,Transfer,94213.39,INR,FAILED,Online
T0005314,A000601,2026-02-24 02:30:36.530779,Withdrawal,57612.78,INR,PENDING,Branch
T0005315,A000673,2026-06-16 15:52:10.530779,Payment,83166.71,INR,FAILED,ATM
T0005316,A000788,2025-10-27 00:02:14.530779,Fee,47715.41,INR,SUCCESS,Branch
T0005317,A000399,2024-10-11 12:59:58.530779,Withdrawal,217781.18,INR,PENDING,Mobile
T0005318,A001246,2026-06-26 10:43:36.530779,Interest,147246.33,INR,FAILED,Branch
T0005319,A001120,2025-10-11 01:15:22.530779,Interest,195370.37,INR,PENDING,Online
T0005320,A000656,2026-02-28 16:24:17.530779,Fee,139037.97,INR,FAILED,Online
T0005321,A000041,2025-07-13 22:42:35.530779,Withdrawal,104817.12,INR,SUCCESS,ATM
T0005322,A000533,2026-03-13 15:37:40.530779,Transfer,26413.99,INR,PENDING,Branch
T0005323,A000494,2025-01-21 19:57:17.530779,Payment,153155.1,INR,SUCCESS,Mobile
T0005324,A000427,2026-07-22 21:32:28.530779,Deposit,150205.07,INR,PENDING,ATM
T0005325,A000144,2025-07-18 07:16:24.530779,Interest,40915.05,INR,SUCCESS,ATM
T0005326,A000901,2025-08-17 11:27:25.530779,Fee,152746.53,INR,SUCCESS,Online
T0005327,A000702,2026-01-19 06:11:03.530779,Payment,96901.67,INR,PENDING,Branch
T0005328,A000118,2025-02-01 08:30:52.530779,Payment,160194.69,INR,FAILED,ATM
T0005329,A000406,2025-12-21 18:36:44.530779,Payment,174478.05,INR,PENDING,ATM
T0005330,A000584,2025-01-09 01:20:40.530779,Deposit,59112.21,INR,FAILED,Branch
T0005331,A000997,2026-01-27 13:15:05.530779,Fee,90381.66,INR,PENDING,Mobile
T0005332,A000556,2025-01-29 04:15:25.530779,Fee,95819.31,INR,SUCCESS,Branch
T0005333,A000864,2024-12-10 20:53:12.530779,Payment,78470.58,INR,FAILED,Online
T0005334,A001239,2025-02-02 00:31:31.530779,Transfer,83687.26,INR,PENDING,Online
T0005335,A001444,2025-03-06 19:01:13.530779,Fee,220862.0,INR,FAILED,ATM
T0005336,A001083,2025-04-16 19:48:41.530779,Withdrawal,94329.22,INR,PENDING,Branch
T0005337,A000572,2025-11-07 20:14:02.530779,Deposit,58963.19,INR,FAILED,Branch
T0005338,A001119,2026-01-31 09:14:33.530779,Fee,106665.76,INR,PENDING,Branch
T0005339,A001064,2026-05-28 23:43:34.530779,Payment,129602.45,INR,SUCCESS,Online
T0005340,A001105,2025-07-21 03:52:42.530779,Interest,59913.49,INR,PENDING,Online
T0005341,A001250,2026-06-20 09:49:00.530779,Deposit,171780.98,INR,FAILED,ATM
T0005342,A000382,2026-01-10 09:34:52.530779,Payment,13418.71,INR,SUCCESS,ATM
T0005343,A000704,2025-07-24 09:21:27.530779,Interest,37725.33,INR,PENDING,Branch
T0005344,A001233,2024-11-24 01:38:48.530779,Transfer,63210.97,INR,PENDING,Mobile
T0005345,A000568,2026-04-05 16:43:57.530779,Deposit,114147.84,INR,SUCCESS,Mobile
T0005346,A000518,2026-06-07 03:56:25.530779,Payment,199481.94,INR,SUCCESS,Branch
T0005347,A001145,2026-04-02 05:33:29.530779,Deposit,57174.09,INR,FAILED,Online
T0005348,A001147,2026-08-13 00:06:23.530779,Interest,161717.55,INR,PENDING,Branch
T0005349,A000001,2026-01-24 16:08:33.530779,Interest,117476.01,INR,SUCCESS,Online
T0005350,A001340,2025-04-03 20:23:25.530779,Interest,156058.78,INR,PENDING,Mobile
T0005351,A000926,2025-08-16 13:45:46.530779,Fee,232589.21,INR,FAILED,ATM
T0005352,A000502,2026-08-13 13:47:21.530779,Deposit,190792.2,INR,FAILED,Branch
T0005353,A000826,2024-11-27 18:19:01.530779,Withdrawal,101642.24,INR,PENDING,Branch
T0005354,A000144,2026-03-14 14:23:56.530779,Payment,225518.94,INR,SUCCESS,Branch
T0005355,A000245,2025-04-20 18:52:35.530779,Withdrawal,2686.64,INR,SUCCESS,Mobile
T0005356,A000621,2025-11-13 04:09:21.530779,Interest,204834.0,INR,PENDING,Branch
T0005357,A001250,2025-07-27 00:25:13.530779,Transfer,100659.77,INR,FAILED,ATM
T0005358,A000927,2026-04-23 17:08:32.530779,Deposit,194455.25,INR,SUCCESS,Branch
T0005359,A000509,2025-07-21 09:13:26.530779,Transfer,241455.48,INR,PENDING,ATM
T0005360,A000271,2025-07-11 03:11:09.530779,Deposit,163223.69,INR,FAILED,Mobile
T0005361,A001336,2024-11-08 19:07:18.530779,Deposit,211976.16,INR,PENDING,Mobile
T0005362,A000512,2026-03-17 21:50:51.530779,Transfer,229480.19,INR,SUCCESS,Online
T0005363,A000334,2024-10-14 20:52:55.530779,Deposit,88902.07,INR,FAILED,ATM
T0005364,A001297,2024-10-16 09:56:43.530779,Transfer,99906.77,INR,FAILED,Branch
T0005365,A000079,2026-05-26 00:51:53.530779,Deposit,150317.27,INR,SUCCESS,Mobile
T0005366,A000273,2024-12-20 10:56:21.530779,Transfer,3743.76,INR,FAILED,Online
T0005367,A000935,2025-08-06 22:37:52.530779,Transfer,128555.92,INR,FAILED,Mobile
T0005368,A001060,2026-01-06 14:50:08.530779,Payment,244017.38,INR,SUCCESS,Mobile
T0005369,A001492,2026-01-24 15:46:44.530779,Fee,185716.24,INR,SUCCESS,Mobile
T0005370,A000674,2025-05-09 08:07:54.530779,Payment,234667.87,INR,PENDING,ATM
T0005371,A000192,2025-02-25 00:09:16.530779,Fee,67010.96,INR,FAILED,Branch
T0005372,A000172,2025-10-28 13:11:57.530779,Payment,217215.0,INR,PENDING,Mobile
T0005373,A000109,2026-05-02 12:40:55.530779,Interest,103663.07,INR,SUCCESS,Online
T0005374,A001095,2025-04-26 02:15:44.530779,Transfer,15842.7,INR,PENDING,Branch
T0005375,A001308,2025-05-29 06:00:16.530779,Payment,92213.61,INR,SUCCESS,Mobile
T0005376,A000877,2025-06-08 22:31:55.530779,Transfer,175314.92,INR,FAILED,ATM
T0005377,A000262,2025-12-03 01:44:34.530779,Interest,200072.11,INR,SUCCESS,ATM
T0005378,A001384,2025-11-15 15:59:37.530779,Withdrawal,108954.75,INR,FAILED,Online
T0005379,A001051,2024-12-06 21:20:49.530779,Fee,43304.0,INR,PENDING,Online
T0005380,A000684,2025-07-24 07:04:50.530779,Withdrawal,84978.65,INR,PENDING,ATM
T0005381,A001290,2025-03-23 11:54:43.530779,Interest,241003.8,INR,FAILED,Mobile
T0005382,A001325,2026-03-19 14:49:26.530779,Deposit,124176.89,INR,PENDING,Online
T0005383,A000582,2025-06-01 17:52:50.530779,Interest,113709.59,INR,FAILED,Online
T0005384,A000089,2025-05-28 08:47:51.530779,Payment,168197.8,INR,PENDING,Online
T0005385,A000038,2026-02-17 10:58:53.530779,Transfer,174730.8,INR,PENDING,Mobile
T0005386,A000107,2026-08-06 08:54:40.530779,Transfer,167937.84,INR,FAILED,ATM
T0005387,A000160,2025-11-21 12:13:13.530779,Withdrawal,14958.16,INR,PENDING,Online
T0005388,A001321,2026-07-29 22:16:10.530779,Payment,27251.53,INR,PENDING,ATM
T0005389,A000448,2026-05-19 15:58:15.530779,Interest,109963.31,INR,FAILED,Mobile
T0005390,A000244,2024-09-21 07:52:38.530779,Transfer,133832.71,INR,FAILED,ATM
T0005391,A000513,2025-05-11 21:07:35.530779,Transfer,223020.2,INR,SUCCESS,Online
T0005392,A000521,2026-08-25 11:05:42.530779,Interest,4314.56,INR,PENDING,Mobile
T0005393,A001178,2025-04-23 03:20:30.530779,Transfer,233528.6,INR,SUCCESS,Branch
T0005394,A000498,2026-04-16 17:30:23.530779,Deposit,220140.91,INR,FAILED,Mobile
T0005395,A000078,2026-05-08 00:24:40.530779,Withdrawal,189775.62,INR,PENDING,Mobile
T0005396,A000326,2025-03-29 22:06:10.530779,Payment,35632.81,INR,FAILED,ATM
T0005397,A001448,2026-09-16 12:48:58.530779,Transfer,234843.51,INR,PENDING,Branch
T0005398,A000618,2025-02-18 17:48:55.530779,Fee,124506.65,INR,FAILED,ATM
T0005399,A001417,2025-12-17 19:19:18.530779,Withdrawal,208591.87,INR,SUCCESS,Mobile
T0005400,A000593,2026-05-29 20:33:45.530779,Withdrawal,18002.88,INR,PENDING,ATM
T0005401,A001034,2024-12-10 19:04:17.530779,Fee,88437.1,INR,FAILED,Branch
T0005402,A001085,2026-03-17 06:13:50.530779,Deposit,169745.36,INR,PENDING,ATM
T0005403,A001487,2026-01-26 05:59:12.530779,Fee,60638.03,INR,FAILED,Mobile
T0005404,A001149,2024-10-02 02:01:15.530779,Fee,140657.37,INR,FAILED,ATM
T0005405,A001417,2025-11-07 22:33:00.530779,Interest,4529.69,INR,FAILED,ATM
T0005406,A000323,2025-09-04 14:42:16.530779,Interest,79913.51,INR,PENDING,Branch
T0005407,A000008,2026-07-07 16:27:34.530779,Withdrawal,228058.93,INR,FAILED,Online
T0005408,A001040,2026-03-21 22:41:22.530779,Payment,89234.58,INR,FAILED,ATM
T0005409,A001131,2024-11-13 20:32:16.530779,Deposit,166166.29,INR,SUCCESS,Branch
T0005410,A000094,2025-09-04 04:02:54.530779,Transfer,100157.2,INR,PENDING,Online
T0005411,A000427,2026-01-06 09:53:52.530779,Fee,5315.33,INR,FAILED,ATM
T0005412,A000984,2026-03-19 08:34:55.530779,Payment,47616.82,INR,SUCCESS,Online
T0005413,A001289,2025-02-19 10:16:27.530779,Transfer,206191.01,INR,FAILED,Online
T0005414,A000483,2026-08-19 16:49:13.530779,Interest,25400.31,INR,FAILED,Online
T0005415,A001279,2026-03-28 23:11:38.530779,Interest,168197.1,INR,SUCCESS,Online
T0005416,A000402,2025-03-24 01:32:17.530779,Payment,122125.48,INR,SUCCESS,Online
T0005417,A001291,2025-10-29 21:56:37.530779,Transfer,231960.11,INR,FAILED,Online
T0005418,A000851,2026-07-05 13:42:45.530779,Interest,105131.94,INR,FAILED,Online
T0005419,A001423,2024-10-19 17:13:21.530779,Fee,55046.77,INR,SUCCESS,Branch
T0005420,A000751,2025-09-04 14:43:54.530779,Withdrawal,247163.05,INR,PENDING,Online
T0005421,A000218,2026-03-30 08:27:26.530779,Interest,225282.27,INR,SUCCESS,Online
T0005422,A000155,2026-07-18 23:37:02.530779,Interest,96625.44,INR,PENDING,Mobile
T0005423,A000677,2025-03-21 02:43:37.530779,Withdrawal,247293.64,INR,SUCCESS,Online
T0005424,A000143,2026-02-06 10:10:38.530779,Interest,95857.88,INR,FAILED,ATM
T0005425,A001127,2025-04-23 00:48:04.530779,Payment,6147.81,INR,FAILED,Mobile
T0005426,A000198,2026-04-12 07:59:25.530779,Payment,122734.74,INR,SUCCESS,Mobile
T0005427,A000517,2025-07-24 13:20:12.530779,Transfer,118601.51,INR,SUCCESS,Branch
T0005428,A000126,2024-11-08 13:45:15.530779,Payment,113609.88,INR,PENDING,Mobile
T0005429,A001083,2026-02-05 15:55:37.530779,Fee,221397.88,INR,SUCCESS,Online
T0005430,A001113,2025-06-08 03:52:48.530779,Deposit,9934.81,INR,FAILED,Mobile
T0005431,A001032,2026-06-04 00:21:17.530779,Interest,64377.76,INR,PENDING,Online
T0005432,A000195,2025-01-05 23:17:16.530779,Payment,15332.23,INR,FAILED,Branch
T0005433,A001307,2025-06-24 16:21:27.530779,Interest,107197.59,INR,FAILED,ATM
T0005434,A000922,2025-12-29 12:42:21.530779,Fee,5419.94,INR,SUCCESS,Mobile
T0005435,A000945,2025-11-02 22:18:34.530779,Interest,80117.98,INR,PENDING,ATM
T0005436,A000171,2026-02-02 21:23:28.530779,Deposit,204603.09,INR,PENDING,Mobile
T0005437,A000579,2026-01-27 18:41:55.530779,Fee,179086.24,INR,FAILED,ATM
T0005438,A000089,2025-03-05 07:20:15.530779,Fee,1214.28,INR,FAILED,Mobile
T0005439,A000435,2025-04-06 09:03:41.530779,Deposit,66008.19,INR,PENDING,Mobile
T0005440,A000067,2024-10-16 16:17:12.530779,Deposit,5961.45,INR,FAILED,Branch
T0005441,A000537,2025-09-12 11:43:08.530779,Payment,86869.66,INR,PENDING,Branch
T0005442,A000870,2025-07-14 02:40:57.530779,Withdrawal,132297.99,INR,FAILED,Online
T0005443,A000289,2025-01-04 16:34:53.530779,Interest,50660.31,INR,SUCCESS,ATM
T0005444,A000184,2026-02-21 05:23:41.530779,Payment,200396.75,INR,SUCCESS,Branch
T0005445,A000060,2025-05-08 08:27:56.530779,Fee,191691.26,INR,SUCCESS,ATM
T0005446,A001307,2026-04-09 22:37:52.530779,Deposit,133863.04,INR,PENDING,Branch
T0005447,A000220,2026-09-01 02:18:29.530779,Withdrawal,192965.99,INR,PENDING,Online
T0005448,A001438,2025-07-26 10:31:02.530779,Withdrawal,15113.26,INR,FAILED,Branch
T0005449,A000190,2026-01-28 04:02:54.530779,Deposit,33471.25,INR,SUCCESS,Branch
T0005450,A000002,2026-03-02 03:16:39.530779,Fee,132747.28,INR,SUCCESS,Branch
T0005451,A000478,2025-11-19 15:02:43.530779,Transfer,32260.99,INR,FAILED,Mobile
T0005452,A000414,2025-11-22 17:03:03.530779,Interest,112954.73,INR,SUCCESS,Online
T0005453,A000809,2025-12-25 23:40:06.530779,Fee,102659.06,INR,PENDING,Branch
T0005454,A000630,2025-06-27 14:41:28.530779,Deposit,72777.12,INR,SUCCESS,ATM
T0005455,A000876,2026-06-03 10:44:50.530779,Fee,142360.99,INR,SUCCESS,Branch
T0005456,A000703,2025-07-15 06:11:29.530779,Withdrawal,79445.36,INR,FAILED,Branch
T0005457,A001167,2026-03-25 20:39:12.530779,Interest,173714.63,INR,PENDING,Branch
T0005458,A000766,2025-05-04 20:16:29.530779,Deposit,97068.51,INR,FAILED,Online
T0005459,A001369,2025-05-07 05:17:38.530779,Interest,62363.64,INR,FAILED,Online
T0005460,A001386,2024-12-31 09:04:44.530779,Interest,4340.39,INR,PENDING,ATM
T0005461,A000127,2026-09-19 22:58:00.530779,Interest,110029.87,INR,PENDING,Online
T0005462,A000200,2025-09-14 22:52:52.530779,Fee,152519.26,INR,FAILED,Mobile
T0005463,A000119,2025-02-11 07:34:12.530779,Interest,76808.49,INR,FAILED,Mobile
T0005464,A000858,2025-08-30 20:56:49.530779,Deposit,175534.36,INR,FAILED,ATM
T0005465,A000471,2026-08-24 22:19:41.530779,Withdrawal,201107.47,INR,PENDING,ATM
T0005466,A000258,2024-12-22 13:45:27.530779,Interest,204098.11,INR,PENDING,Online
T0005467,A001122,2025-12-08 06:10:17.530779,Interest,191009.41,INR,SUCCESS,ATM
T0005468,A000815,2026-09-02 14:18:24.530779,Deposit,165443.69,INR,SUCCESS,Online
T0005469,A000119,2026-05-02 18:54:47.530779,Transfer,235417.49,INR,PENDING,Mobile
T0005470,A000562,2025-06-16 06:42:43.530779,Fee,51287.69,INR,SUCCESS,ATM
T0005471,A000126,2025-12-09 18:37:58.530779,Interest,249062.43,INR,PENDING,Branch
T0005472,A001289,2025-12-17 21:50:25.530779,Withdrawal,71165.19,INR,SUCCESS,ATM
T0005473,A000193,2026-09-08 08:55:00.530779,Interest,106158.65,INR,FAILED,Mobile
T0005474,A001006,2024-12-25 18:58:21.530779,Interest,72628.58,INR,SUCCESS,Branch
T0005475,A000618,2025-07-09 17:37:31.530779,Withdrawal,150716.1,INR,SUCCESS,Mobile
T0005476,A000484,2025-10-25 18:39:46.530779,Interest,75528.58,INR,FAILED,Online
T0005477,A000353,2026-05-31 22:40:20.530779,Fee,212149.02,INR,SUCCESS,Branch
T0005478,A001148,2026-08-09 05:34:28.530779,Interest,147349.13,INR,PENDING,ATM
T0005479,A001078,2025-09-11 09:04:14.530779,Withdrawal,94469.01,INR,FAILED,Branch
T0005480,A000210,2025-04-18 07:33:26.530779,Withdrawal,84470.98,INR,SUCCESS,Mobile
T0005481,A000953,2026-08-07 19:49:57.530779,Payment,245702.57,INR,SUCCESS,ATM
T0005482,A000214,2024-09-27 08:45:13.530779,Fee,110636.76,INR,PENDING,ATM
T0005483,A000872,2025-06-14 16:27:15.530779,Transfer,178785.09,INR,SUCCESS,ATM
T0005484,A000822,2025-11-04 21:40:11.530779,Fee,199589.39,INR,SUCCESS,Branch
T0005485,A000137,2026-05-19 05:54:33.530779,Payment,92739.6,INR,FAILED,Online
T0005486,A001409,2025-05-31 12:57:26.530779,Interest,35981.32,INR,PENDING,ATM
T0005487,A001316,2025-08-21 08:54:55.530779,Payment,7388.38,INR,PENDING,ATM
T0005488,A000048,2024-09-27 22:12:25.530779,Transfer,201413.61,INR,FAILED,ATM
T0005489,A001453,2026-08-20 11:32:09.530779,Fee,238753.82,INR,FAILED,Branch
T0005490,A001096,2025-11-23 10:48:12.530779,Payment,129462.5,INR,SUCCESS,Mobile
T0005491,A000244,2026-04-01 08:31:16.530779,Withdrawal,114088.66,INR,SUCCESS,Branch
T0005492,A000403,2026-03-22 07:58:50.530779,Transfer,151701.25,INR,PENDING,Mobile
T0005493,A000525,2026-07-04 04:04:22.530779,Transfer,31786.76,INR,PENDING,Online
T0005494,A001359,2025-10-20 23:59:32.530779,Withdrawal,220001.51,INR,SUCCESS,ATM
T0005495,A000869,2025-01-08 17:10:03.530779,Interest,207447.62,INR,FAILED,Branch
T0005496,A000203,2025-01-07 08:58:12.530779,Deposit,161217.96,INR,PENDING,Online
T0005497,A000205,2024-10-23 23:14:42.530779,Transfer,168428.35,INR,FAILED,Mobile
T0005498,A001353,2026-04-24 22:45:46.530779,Interest,221706.09,INR,PENDING,Mobile
T0005499,A001336,2026-05-03 17:52:05.530779,Withdrawal,235169.56,INR,FAILED,ATM
T0005500,A001455,2025-07-05 19:49:12.530779,Deposit,168582.73,INR,SUCCESS,Branch
T0005501,A000278,2026-01-19 02:06:16.530779,Payment,244913.63,INR,PENDING,Online
T0005502,A001326,2025-08-15 13:27:10.530779,Fee,248899.9,INR,SUCCESS,Online
T0005503,A001395,2026-05-17 02:55:42.530779,Payment,70517.84,INR,FAILED,ATM
T0005504,A000005,2024-10-04 18:35:09.530779,Interest,48155.55,INR,PENDING,Mobile
T0005505,A001301,2025-03-09 20:02:34.530779,Deposit,215567.21,INR,FAILED,Online
T0005506,A000797,2026-06-01 21:55:10.530779,Transfer,139006.53,INR,FAILED,Online
T0005507,A000502,2025-02-25 20:00:06.530779,Payment,105253.4,INR,FAILED,Mobile
T0005508,A000654,2025-11-19 22:43:45.530779,Fee,113221.12,INR,SUCCESS,Online
T0005509,A001127,2025-03-11 08:05:40.530779,Payment,80129.66,INR,SUCCESS,Branch
T0005510,A001136,2024-11-02 23:54:58.530779,Deposit,91327.45,INR,PENDING,Online
T0005511,A001077,2026-08-06 03:48:09.530779,Fee,127913.24,INR,SUCCESS,Mobile
T0005512,A000681,2024-09-19 23:26:45.530779,Withdrawal,114070.55,INR,SUCCESS,Branch
T0005513,A001290,2026-03-10 16:52:16.530779,Withdrawal,196515.56,INR,PENDING,Mobile
T0005514,A000021,2024-11-11 06:22:11.530779,Payment,17723.1,INR,PENDING,Online
T0005515,A000349,2025-11-28 20:13:20.530779,Withdrawal,51346.62,INR,PENDING,Branch
T0005516,A000802,2025-10-12 23:00:19.530779,Withdrawal,28300.83,INR,FAILED,Online
T0005517,A001185,2025-09-11 01:53:46.530779,Fee,14971.33,INR,SUCCESS,Mobile
T0005518,A001270,2025-12-29 04:18:40.530779,Interest,41749.14,INR,PENDING,ATM
T0005519,A000838,2025-02-25 19:46:02.530779,Withdrawal,83099.93,INR,SUCCESS,ATM
T0005520,A001441,2026-05-10 05:31:38.530779,Payment,50138.27,INR,PENDING,Branch
T0005521,A000552,2026-07-12 23:16:38.530779,Fee,81018.82,INR,PENDING,Online
T0005522,A000289,2024-11-13 21:36:57.530779,Interest,57502.28,INR,SUCCESS,ATM
T0005523,A001033,2025-09-26 18:31:28.530779,Transfer,113939.26,INR,SUCCESS,Mobile
T0005524,A001342,2025-06-15 13:59:34.530779,Withdrawal,161945.08,INR,PENDING,Online
T0005525,A001358,2025-12-09 02:24:06.530779,Fee,6783.43,INR,FAILED,Branch
T0005526,A000038,2025-09-29 07:00:02.530779,Interest,159097.69,INR,PENDING,Branch
T0005527,A001474,2024-12-17 09:19:40.530779,Fee,150402.71,INR,SUCCESS,ATM
T0005528,A000959,2024-11-25 15:02:01.530779,Fee,82003.76,INR,PENDING,Mobile
T0005529,A000384,2026-07-19 00:57:49.530779,Payment,148990.04,INR,PENDING,Online
T0005530,A000540,2025-06-28 11:22:55.530779,Fee,20311.22,INR,SUCCESS,Online
T0005531,A000332,2026-01-17 22:13:59.530779,Fee,69962.72,INR,PENDING,ATM
T0005532,A000554,2026-03-22 17:02:17.530779,Fee,64440.13,INR,SUCCESS,Mobile
T0005533,A001132,2025-11-24 06:07:22.530779,Fee,242542.54,INR,FAILED,Online
T0005534,A000380,2026-02-07 23:20:31.530779,Deposit,207075.44,INR,PENDING,Online
T0005535,A000043,2025-09-19 16:03:42.530779,Deposit,142504.29,INR,FAILED,ATM
T0005536,A001361,2025-04-23 23:22:17.530779,Transfer,111646.23,INR,PENDING,Mobile
T0005537,A000264,2026-07-25 21:53:24.530779,Transfer,86026.47,INR,PENDING,ATM
T0005538,A001025,2026-07-03 14:46:53.530779,Deposit,175580.42,INR,PENDING,ATM
T0005539,A001493,2025-11-28 21:16:00.530779,Deposit,458.89,INR,FAILED,Online
T0005540,A000779,2025-01-28 07:06:49.530779,Withdrawal,68372.31,INR,SUCCESS,ATM
T0005541,A001400,2026-06-17 22:55:54.530779,Transfer,196202.04,INR,PENDING,Online
T0005542,A000707,2024-09-24 04:21:34.530779,Deposit,143080.93,INR,SUCCESS,Branch
T0005543,A000285,2026-07-18 15:45:27.530779,Transfer,173633.37,INR,FAILED,Online
T0005544,A000969,2026-06-18 12:31:10.530779,Interest,121199.29,INR,SUCCESS,ATM
T0005545,A000993,2026-03-19 16:52:35.530779,Transfer,114573.85,INR,SUCCESS,Online
T0005546,A000436,2026-08-23 18:46:40.530779,Transfer,109923.34,INR,PENDING,Online
T0005547,A001382,2026-06-14 02:52:10.530779,Deposit,9334.69,INR,PENDING,Branch
T0005548,A001313,2025-06-02 09:09:05.530779,Payment,76917.9,INR,PENDING,Online
T0005549,A000541,2026-02-18 23:57:07.530779,Withdrawal,11485.47,INR,SUCCESS,Mobile
T0005550,A000648,2025-04-06 23:59:24.530779,Fee,119235.54,INR,FAILED,Branch
T0005551,A000887,2025-06-02 07:14:59.530779,Fee,193680.82,INR,SUCCESS,Branch
T0005552,A000921,2025-10-12 11:57:42.530779,Transfer,181944.21,INR,FAILED,Mobile
T0005553,A000848,2025-08-25 17:57:30.530779,Fee,81010.99,INR,FAILED,ATM
T0005554,A000788,2024-10-15 14:56:47.530779,Transfer,246441.76,INR,PENDING,Branch
T0005555,A001348,2026-03-11 05:32:19.530779,Payment,77538.98,INR,PENDING,Branch
T0005556,A000093,2025-01-12 07:35:26.530779,Deposit,13532.32,INR,FAILED,ATM
T0005557,A001313,2025-06-14 14:10:56.530779,Transfer,85208.92,INR,SUCCESS,Mobile
T0005558,A001274,2025-07-09 15:37:15.530779,Fee,87345.59,INR,PENDING,ATM
T0005559,A001042,2026-07-02 22:14:44.530779,Transfer,72028.18,INR,SUCCESS,ATM
T0005560,A000762,2025-01-19 10:45:56.530779,Deposit,82302.29,INR,PENDING,Branch
T0005561,A000988,2025-04-25 06:33:32.530779,Deposit,106907.07,INR,FAILED,Online
T0005562,A000214,2024-11-26 18:27:19.530779,Fee,98535.99,INR,SUCCESS,Mobile
T0005563,A000903,2026-03-21 22:54:38.530779,Transfer,163773.28,INR,FAILED,ATM
T0005564,A000335,2026-04-20 09:36:07.530779,Withdrawal,143759.13,INR,SUCCESS,Mobile
T0005565,A000311,2025-05-30 23:00:38.530779,Transfer,19231.59,INR,PENDING,Branch
T0005566,A000166,2026-01-06 02:36:04.530779,Fee,1551.59,INR,SUCCESS,Branch
T0005567,A000604,2025-12-16 16:12:20.530779,Withdrawal,94816.78,INR,FAILED,Online
T0005568,A000680,2026-05-20 18:21:11.530779,Fee,38897.08,INR,SUCCESS,ATM
T0005569,A001175,2025-05-06 14:33:41.530779,Transfer,117635.18,INR,PENDING,Mobile
T0005570,A000983,2026-07-03 10:33:42.530779,Payment,174340.89,INR,PENDING,Mobile
T0005571,A000167,2026-02-19 14:38:41.530779,Payment,158000.15,INR,SUCCESS,Branch
T0005572,A000629,2026-01-03 13:22:38.530779,Interest,79165.86,INR,PENDING,Online
T0005573,A000388,2026-03-26 10:05:37.530779,Deposit,197374.86,INR,FAILED,ATM
T0005574,A001422,2025-03-05 01:52:51.530779,Payment,209323.17,INR,PENDING,Online
T0005575,A000658,2026-07-07 00:26:15.530779,Withdrawal,165846.59,INR,SUCCESS,Branch
T0005576,A000653,2024-10-10 12:55:08.530779,Interest,211489.25,INR,FAILED,Online
T0005577,A001089,2025-02-10 22:18:06.530779,Transfer,231616.7,INR,PENDING,ATM
T0005578,A000868,2026-03-24 15:30:55.530779,Fee,80317.07,INR,PENDING,Online
T0005579,A000852,2026-07-07 05:38:21.530779,Fee,22707.83,INR,SUCCESS,Branch
T0005580,A000924,2026-03-04 08:13:54.530779,Withdrawal,27387.99,INR,PENDING,Mobile
T0005581,A000629,2025-09-11 20:36:06.530779,Deposit,42845.22,INR,SUCCESS,ATM
T0005582,A001469,2025-08-21 20:39:20.530779,Withdrawal,50535.0,INR,FAILED,Online
T0005583,A000712,2025-03-24 09:57:01.530779,Transfer,209190.09,INR,SUCCESS,Online
T0005584,A001433,2025-10-17 05:57:05.530779,Payment,67570.77,INR,SUCCESS,ATM
T0005585,A001223,2025-01-03 09:43:57.530779,Withdrawal,128629.6,INR,FAILED,Mobile
T0005586,A001436,2025-02-04 17:28:52.530779,Deposit,38549.26,INR,SUCCESS,Branch
T0005587,A000069,2025-06-09 22:30:37.530779,Withdrawal,131213.41,INR,SUCCESS,Online
T0005588,A001293,2025-10-13 23:32:02.530779,Payment,97028.75,INR,FAILED,ATM
T0005589,A000574,2025-04-20 06:59:19.530779,Interest,103838.17,INR,SUCCESS,Branch
T0005590,A001484,2025-04-21 08:22:21.530779,Transfer,99580.04,INR,SUCCESS,Branch
T0005591,A001214,2026-07-05 05:57:16.530779,Fee,166026.03,INR,FAILED,Online
T0005592,A000309,2025-03-14 11:28:20.530779,Deposit,90060.66,INR,PENDING,Online
T0005593,A001490,2025-06-22 22:43:28.530779,Withdrawal,236782.43,INR,SUCCESS,Branch
T0005594,A000406,2025-01-31 23:04:52.530779,Interest,95393.55,INR,PENDING,ATM
T0005595,A001496,2024-11-03 09:00:48.530779,Interest,198591.63,INR,FAILED,ATM
T0005596,A000106,2025-03-12 13:34:21.530779,Interest,220917.55,INR,SUCCESS,Mobile
T0005597,A001342,2025-08-27 09:53:22.530779,Payment,38525.91,INR,SUCCESS,ATM
T0005598,A001484,2024-10-26 11:03:49.530779,Transfer,200711.33,INR,SUCCESS,Online
T0005599,A000238,2025-11-09 02:13:39.530779,Withdrawal,153240.65,INR,SUCCESS,ATM
T0005600,A001088,2025-09-29 23:18:51.530779,Fee,33887.62,INR,FAILED,Mobile
T0005601,A000106,2025-04-09 09:11:06.530779,Fee,123004.5,INR,FAILED,Branch
T0005602,A000449,2026-04-18 07:38:17.530779,Transfer,91559.18,INR,FAILED,Branch
T0005603,A000760,2025-05-23 17:57:56.530779,Fee,138748.2,INR,PENDING,Mobile
T0005604,A000430,2026-04-12 08:55:06.530779,Fee,141001.07,INR,FAILED,ATM
T0005605,A001188,2026-03-16 13:36:43.530779,Fee,10681.54,INR,FAILED,ATM
T0005606,A000415,2026-02-02 07:01:13.530779,Fee,924.14,INR,PENDING,Mobile
T0005607,A000796,2025-11-09 22:21:16.530779,Deposit,144543.46,INR,FAILED,Online
T0005608,A000934,2025-07-28 08:35:57.530779,Transfer,6653.94,INR,FAILED,ATM
T0005609,A000845,2024-10-05 11:33:31.530779,Interest,209709.62,INR,FAILED,ATM
T0005610,A001254,2026-03-02 21:06:06.530779,Interest,241603.84,INR,SUCCESS,Branch
T0005611,A000813,2025-08-16 18:54:16.530779,Fee,124259.59,INR,PENDING,Mobile
T0005612,A000347,2025-03-06 06:46:55.530779,Transfer,45502.22,INR,FAILED,Mobile
T0005613,A000818,2024-10-08 01:39:34.530779,Withdrawal,172581.11,INR,PENDING,Online
T0005614,A001155,2024-10-28 15:04:11.530779,Payment,209548.16,INR,SUCCESS,Mobile
T0005615,A000697,2025-10-15 08:14:47.530779,Fee,19725.65,INR,PENDING,Online
T0005616,A000102,2025-07-25 04:46:50.530779,Withdrawal,136942.0,INR,SUCCESS,Mobile
T0005617,A000324,2025-02-14 07:18:15.530779,Fee,102848.28,INR,SUCCESS,ATM
T0005618,A001303,2024-09-22 04:13:14.530779,Transfer,232480.17,INR,FAILED,Mobile
T0005619,A001218,2025-02-16 08:56:27.530779,Withdrawal,42785.29,INR,SUCCESS,Online
T0005620,A001416,2025-02-19 07:51:20.530779,Withdrawal,193522.02,INR,SUCCESS,Online
T0005621,A000391,2024-10-17 02:56:34.530779,Withdrawal,111952.8,INR,PENDING,Mobile
T0005622,A000543,2026-03-31 05:17:42.530779,Interest,59025.18,INR,SUCCESS,Branch
T0005623,A001463,2026-04-23 02:55:12.530779,Withdrawal,83979.08,INR,SUCCESS,ATM
T0005624,A001303,2025-10-14 03:40:24.530779,Payment,249355.62,INR,SUCCESS,ATM
T0005625,A000563,2026-09-03 18:20:29.530779,Payment,183839.66,INR,FAILED,ATM
T0005626,A001221,2024-11-16 18:59:37.530779,Payment,114647.16,INR,FAILED,Mobile
T0005627,A000564,2025-10-09 01:56:44.530779,Deposit,138001.59,INR,SUCCESS,Branch
T0005628,A000111,2024-10-30 21:10:49.530779,Payment,61571.36,INR,SUCCESS,Branch
T0005629,A000994,2024-11-15 04:07:14.530779,Withdrawal,227483.29,INR,PENDING,ATM
T0005630,A001483,2025-11-27 16:32:13.530779,Withdrawal,105407.06,INR,FAILED,Mobile
T0005631,A001204,2025-12-03 06:14:17.530779,Withdrawal,72940.58,INR,PENDING,Branch
T0005632,A000932,2026-09-14 15:49:49.530779,Withdrawal,136018.45,INR,PENDING,Mobile
T0005633,A000398,2026-08-28 10:22:41.530779,Fee,39134.32,INR,FAILED,Branch
T0005634,A000328,2025-03-09 21:03:22.530779,Withdrawal,46599.69,INR,SUCCESS,Mobile
T0005635,A001477,2025-04-09 18:26:10.530779,Deposit,49292.43,INR,FAILED,Mobile
T0005636,A000692,2025-03-06 07:20:49.530779,Fee,248598.41,INR,FAILED,Mobile
T0005637,A001190,2026-01-29 00:25:37.530779,Interest,72887.93,INR,SUCCESS,Online
T0005638,A000153,2025-07-01 10:19:34.530779,Withdrawal,77943.72,INR,SUCCESS,Mobile
T0005639,A000516,2026-05-17 05:04:00.530779,Transfer,97028.84,INR,PENDING,Online
T0005640,A001162,2026-03-08 22:54:49.530779,Withdrawal,143862.98,INR,SUCCESS,ATM
T0005641,A000850,2024-10-25 09:36:25.530779,Withdrawal,173565.04,INR,PENDING,Mobile
T0005642,A000941,2025-04-09 22:49:47.530779,Transfer,28322.94,INR,SUCCESS,ATM
T0005643,A000425,2026-04-09 07:57:33.530779,Interest,130619.72,INR,PENDING,ATM
T0005644,A001498,2026-06-21 02:19:49.530779,Fee,5505.76,INR,SUCCESS,Online
T0005645,A000549,2026-05-06 22:41:41.530779,Transfer,140392.07,INR,FAILED,ATM
T0005646,A001433,2024-11-19 17:57:10.530779,Withdrawal,86406.37,INR,FAILED,Mobile
T0005647,A001430,2025-05-08 06:03:07.530779,Interest,47852.97,INR,SUCCESS,Branch
T0005648,A000863,2024-09-24 19:48:07.530779,Deposit,139432.57,INR,PENDING,ATM
T0005649,A000807,2026-02-17 10:16:41.530779,Interest,114149.56,INR,FAILED,ATM
T0005650,A000201,2025-03-11 21:59:39.530779,Transfer,136973.3,INR,PENDING,ATM
T0005651,A000744,2026-07-13 13:17:40.530779,Deposit,139044.09,INR,FAILED,Mobile
T0005652,A000939,2026-08-01 04:30:16.530779,Interest,268.87,INR,SUCCESS,ATM
T0005653,A001301,2025-01-31 12:51:48.530779,Interest,176726.91,INR,PENDING,Online
T0005654,A000754,2025-01-11 01:41:24.530779,Transfer,184742.2,INR,SUCCESS,ATM
T0005655,A000866,2024-12-02 04:37:46.530779,Interest,102098.45,INR,FAILED,Online
T0005656,A000544,2026-07-14 20:10:04.530779,Deposit,184768.22,INR,PENDING,Branch
T0005657,A000073,2025-07-26 17:02:47.530779,Withdrawal,50174.7,INR,FAILED,Mobile
T0005658,A000407,2025-07-12 11:15:31.530779,Interest,39055.09,INR,FAILED,ATM
T0005659,A000288,2025-06-24 07:37:05.530779,Payment,158517.03,INR,FAILED,Mobile
T0005660,A001425,2025-07-22 01:33:53.530779,Interest,226430.36,INR,SUCCESS,Branch
T0005661,A000306,2024-12-01 11:59:54.530779,Interest,66696.22,INR,SUCCESS,Online
T0005662,A000687,2026-06-05 01:47:39.530779,Interest,210843.66,INR,FAILED,Mobile
T0005663,A001268,2026-07-18 00:31:38.530779,Interest,91352.59,INR,PENDING,Online
T0005664,A000745,2025-03-29 05:22:59.530779,Withdrawal,184433.14,INR,FAILED,ATM
T0005665,A000577,2026-05-13 15:36:09.530779,Payment,137301.0,INR,SUCCESS,Branch
T0005666,A001283,2025-12-12 23:06:50.530779,Interest,95395.84,INR,FAILED,Mobile
T0005667,A001285,2026-02-20 14:29:13.530779,Withdrawal,9349.75,INR,PENDING,Online
T0005668,A000163,2026-01-04 18:30:53.530779,Interest,10044.31,INR,SUCCESS,Online
T0005669,A000603,2025-01-09 04:21:06.530779,Transfer,130975.47,INR,SUCCESS,ATM
T0005670,A001312,2025-10-26 21:29:34.530779,Transfer,235616.92,INR,SUCCESS,Online
T0005671,A000630,2026-02-23 16:59:29.530779,Interest,146644.38,INR,SUCCESS,Online
T0005672,A001197,2025-07-03 08:45:22.530779,Deposit,206673.85,INR,PENDING,Online
T0005673,A001431,2025-12-13 05:36:08.530779,Withdrawal,171959.61,INR,PENDING,ATM
T0005674,A000064,2026-04-26 05:43:38.530779,Transfer,142153.18,INR,SUCCESS,Online
T0005675,A000116,2025-11-18 09:57:26.530779,Transfer,21491.07,INR,SUCCESS,Online
T0005676,A001375,2026-01-02 00:53:21.530779,Transfer,171295.98,INR,SUCCESS,Online
T0005677,A000759,2024-10-19 12:06:00.530779,Deposit,54335.01,INR,FAILED,Branch
T0005678,A000080,2026-04-05 10:57:08.530779,Payment,103872.53,INR,FAILED,Branch
T0005679,A000238,2025-09-21 23:00:11.530779,Transfer,29092.33,INR,PENDING,Mobile
T0005680,A000681,2025-09-08 02:02:58.530779,Payment,5352.79,INR,FAILED,Online
T0005681,A000938,2025-06-19 04:13:12.530779,Payment,13032.43,INR,SUCCESS,Online
T0005682,A001106,2025-09-05 07:48:55.530779,Payment,28803.08,INR,FAILED,Online
T0005683,A001453,2025-01-18 02:18:55.530779,Payment,43624.07,INR,PENDING,Branch
T0005684,A000426,2024-12-27 08:45:06.530779,Transfer,154122.57,INR,FAILED,Online
T0005685,A000216,2024-10-26 13:44:01.530779,Interest,214266.14,INR,FAILED,Online
T0005686,A001429,2026-06-28 08:42:16.530779,Payment,46775.05,INR,FAILED,ATM
T0005687,A001432,2025-04-28 03:51:08.530779,Deposit,124244.76,INR,FAILED,Online
T0005688,A000015,2025-03-30 04:43:52.530779,Payment,36343.38,INR,PENDING,Online
T0005689,A000628,2026-04-01 23:01:13.530779,Transfer,203439.73,INR,PENDING,Mobile
T0005690,A001124,2025-07-24 00:09:26.530779,Fee,109295.23,INR,SUCCESS,Branch
T0005691,A000263,2026-08-11 21:01:08.530779,Transfer,191461.27,INR,SUCCESS,Mobile
T0005692,A000204,2025-11-11 00:50:53.530779,Interest,3832.12,INR,PENDING,Mobile
T0005693,A000202,2024-12-05 20:56:19.530779,Interest,209349.1,INR,SUCCESS,Online
T0005694,A001399,2026-05-22 21:40:50.530779,Fee,28654.51,INR,PENDING,Branch
T0005695,A001203,2026-09-14 03:27:21.530779,Withdrawal,165475.24,INR,PENDING,Mobile
T0005696,A000917,2026-03-02 18:23:25.530779,Transfer,183272.15,INR,FAILED,ATM
T0005697,A000729,2026-06-19 04:53:28.530779,Transfer,159017.1,INR,FAILED,ATM
T0005698,A000830,2024-11-04 04:50:28.530779,Payment,65223.66,INR,SUCCESS,Branch
T0005699,A001454,2025-05-26 18:49:06.530779,Payment,156375.33,INR,FAILED,Branch
T0005700,A000129,2025-07-02 19:24:24.530779,Deposit,9477.65,INR,SUCCESS,Mobile
T0005701,A001495,2026-04-22 22:45:02.530779,Withdrawal,174739.84,INR,FAILED,Mobile
T0005702,A000040,2025-06-24 06:18:40.530779,Interest,106574.13,INR,FAILED,Branch
T0005703,A000479,2026-06-14 18:14:23.530779,Interest,96414.9,INR,FAILED,Online
T0005704,A000007,2024-10-01 17:23:05.530779,Fee,172822.33,INR,SUCCESS,ATM
T0005705,A001249,2024-11-14 17:45:15.530779,Withdrawal,158300.09,INR,SUCCESS,Mobile
T0005706,A000728,2025-04-03 02:57:50.530779,Payment,144125.69,INR,SUCCESS,Mobile
T0005707,A000886,2026-08-08 08:29:35.530779,Payment,21065.77,INR,PENDING,Branch
T0005708,A000034,2026-07-10 05:23:57.530779,Deposit,111609.54,INR,SUCCESS,ATM
T0005709,A000782,2025-01-17 04:32:30.530779,Interest,210679.64,INR,FAILED,Online
T0005710,A000858,2026-08-19 19:54:00.530779,Fee,105875.17,INR,SUCCESS,Online
T0005711,A000555,2024-10-10 19:37:27.530779,Deposit,168384.69,INR,PENDING,Online
T0005712,A001349,2026-04-24 06:00:07.530779,Interest,167935.18,INR,FAILED,Branch
T0005713,A000844,2026-01-28 07:18:22.530779,Deposit,193654.04,INR,FAILED,Mobile
T0005714,A001195,2025-04-19 07:23:09.530779,Fee,162077.97,INR,FAILED,Online
T0005715,A001439,2025-10-25 13:39:59.530779,Payment,160727.62,INR,FAILED,Branch
T0005716,A000726,2024-09-28 11:49:17.530779,Deposit,131578.88,INR,SUCCESS,Online
T0005717,A001391,2025-09-02 01:12:03.530779,Fee,13429.44,INR,SUCCESS,Online
T0005718,A001274,2025-11-20 22:12:41.530779,Withdrawal,90240.71,INR,PENDING,Online
T0005719,A000883,2025-09-14 12:55:42.530779,Transfer,77976.18,INR,SUCCESS,ATM
T0005720,A000536,2024-11-28 04:02:45.530779,Withdrawal,104503.25,INR,FAILED,Online
T0005721,A001432,2025-10-04 23:53:49.530779,Withdrawal,149096.82,INR,PENDING,Online
T0005722,A000189,2025-12-14 13:57:13.530779,Fee,29500.92,INR,PENDING,Online
T0005723,A001099,2025-08-03 21:41:09.530779,Withdrawal,103323.0,INR,PENDING,ATM
T0005724,A000486,2026-06-05 23:57:05.530779,Withdrawal,209412.57,INR,SUCCESS,Branch
T0005725,A001155,2025-12-17 09:35:24.530779,Interest,23484.54,INR,SUCCESS,Branch
T0005726,A000682,2025-12-09 15:24:30.530779,Transfer,5920.33,INR,PENDING,Online
T0005727,A001012,2025-07-02 06:17:02.530779,Transfer,160457.31,INR,SUCCESS,Online
T0005728,A000726,2025-08-26 15:39:33.530779,Interest,234919.68,INR,SUCCESS,Mobile
T0005729,A000108,2026-06-17 11:09:41.530779,Interest,134641.21,INR,PENDING,Branch
T0005730,A001195,2024-10-26 06:37:55.530779,Deposit,53305.86,INR,FAILED,ATM
T0005731,A000906,2026-04-11 15:03:40.530779,Transfer,220634.1,INR,FAILED,ATM
T0005732,A000154,2025-04-16 11:15:42.530779,Transfer,62158.41,INR,PENDING,Branch
T0005733,A001226,2025-07-08 06:46:53.530779,Withdrawal,124167.57,INR,PENDING,Online
T0005734,A000939,2025-03-13 01:29:39.530779,Fee,11286.74,INR,PENDING,Online
T0005735,A001106,2025-04-20 17:21:48.530779,Deposit,214076.1,INR,SUCCESS,Online
T0005736,A000294,2025-06-02 22:30:46.530779,Deposit,125744.23,INR,SUCCESS,ATM
T0005737,A000020,2024-12-28 14:10:31.530779,Fee,171371.44,INR,SUCCESS,Branch
T0005738,A001443,2025-09-10 17:14:07.530779,Fee,133738.68,INR,FAILED,Online
T0005739,A000173,2025-11-04 13:56:28.530779,Fee,4717.23,INR,FAILED,ATM
T0005740,A001228,2025-08-05 09:06:31.530779,Deposit,70246.05,INR,PENDING,ATM
T0005741,A001470,2026-08-08 13:56:40.530779,Deposit,108599.15,INR,PENDING,Mobile
T0005742,A000955,2025-01-26 05:34:43.530779,Interest,210032.11,INR,FAILED,Mobile
T0005743,A000039,2025-12-05 03:14:22.530779,Transfer,67214.99,INR,PENDING,Online
T0005744,A000040,2025-03-12 13:19:17.530779,Interest,212344.83,INR,PENDING,ATM
T0005745,A001477,2025-11-16 12:22:47.530779,Transfer,146222.78,INR,SUCCESS,ATM
T0005746,A001039,2025-10-17 19:07:25.530779,Payment,225816.15,INR,PENDING,Mobile
T0005747,A000922,2025-04-04 20:43:40.530779,Transfer,88134.07,INR,PENDING,Online
T0005748,A000361,2026-03-19 00:58:55.530779,Withdrawal,135319.78,INR,PENDING,Branch
T0005749,A001309,2025-11-14 02:29:48.530779,Transfer,75984.88,INR,SUCCESS,Mobile
T0005750,A000475,2026-08-06 15:29:29.530779,Payment,192807.13,INR,PENDING,Online
T0005751,A001049,2026-06-17 01:41:03.530779,Transfer,109645.32,INR,SUCCESS,Branch
T0005752,A000907,2026-05-30 10:34:07.530779,Payment,188463.06,INR,SUCCESS,Mobile
T0005753,A000369,2026-07-21 08:42:38.530779,Interest,143149.25,INR,SUCCESS,Mobile
T0005754,A000340,2025-07-09 21:02:34.530779,Interest,121851.76,INR,FAILED,Mobile
T0005755,A000819,2025-04-15 10:11:04.530779,Interest,237631.75,INR,SUCCESS,ATM
T0005756,A000229,2024-11-30 05:14:30.530779,Payment,123035.62,INR,PENDING,Online
T0005757,A000838,2026-03-09 21:35:06.530779,Deposit,22247.27,INR,FAILED,Branch
T0005758,A001274,2025-08-10 17:50:24.530779,Payment,125559.11,INR,SUCCESS,ATM
T0005759,A000864,2025-01-30 12:52:58.530779,Transfer,138135.85,INR,PENDING,Mobile
T0005760,A000514,2026-04-13 11:25:52.530779,Interest,159690.6,INR,SUCCESS,ATM
T0005761,A000690,2025-07-18 22:13:16.530779,Deposit,172385.69,INR,PENDING,Branch
T0005762,A000407,2025-04-06 18:37:00.530779,Interest,63514.9,INR,FAILED,Online
T0005763,A000528,2026-03-09 03:47:27.530779,Transfer,151829.16,INR,FAILED,Online
T0005764,A001457,2025-02-07 21:27:26.530779,Payment,198434.58,INR,SUCCESS,Mobile
T0005765,A001454,2026-08-24 19:40:07.530779,Withdrawal,216460.34,INR,FAILED,Mobile
T0005766,A000035,2024-10-12 16:52:57.530779,Payment,223018.07,INR,SUCCESS,Online
T0005767,A001426,2025-07-15 18:36:41.530779,Payment,129144.82,INR,SUCCESS,Online
T0005768,A001056,2025-09-22 01:41:26.530779,Interest,191310.37,INR,SUCCESS,Mobile
T0005769,A000145,2025-06-30 11:02:01.530779,Withdrawal,151584.13,INR,SUCCESS,ATM
T0005770,A000179,2025-09-10 09:22:56.530779,Fee,52262.95,INR,FAILED,Online
T0005771,A001007,2025-07-28 23:07:01.530779,Interest,76960.71,INR,FAILED,Online
T0005772,A000456,2026-01-01 10:39:42.530779,Fee,211055.6,INR,SUCCESS,Mobile
T0005773,A001379,2026-05-22 12:22:27.530779,Deposit,162626.23,INR,SUCCESS,Branch
T0005774,A000916,2026-02-22 15:00:18.530779,Payment,216804.17,INR,FAILED,Online
T0005775,A000390,2024-10-25 11:06:39.530779,Interest,79739.19,INR,PENDING,Branch
T0005776,A000451,2024-11-20 23:10:44.530779,Payment,214671.24,INR,SUCCESS,Mobile
T0005777,A000552,2025-10-23 01:54:12.530779,Withdrawal,243027.18,INR,FAILED,ATM
T0005778,A000191,2024-12-15 12:24:04.530779,Payment,183672.6,INR,SUCCESS,ATM
T0005779,A001452,2025-12-11 14:33:57.530779,Deposit,160352.04,INR,PENDING,Mobile
T0005780,A001337,2026-09-06 09:03:23.530779,Withdrawal,104202.21,INR,PENDING,ATM
T0005781,A001081,2024-12-05 15:34:50.530779,Withdrawal,173877.24,INR,PENDING,ATM
T0005782,A000416,2026-02-09 16:41:22.530779,Deposit,190641.92,INR,SUCCESS,ATM
T0005783,A000164,2025-10-25 00:30:09.530779,Payment,167457.76,INR,SUCCESS,Branch
T0005784,A001487,2025-07-30 00:21:47.530779,Deposit,15444.38,INR,PENDING,Mobile
T0005785,A001386,2025-08-21 14:26:28.530779,Fee,197538.76,INR,PENDING,ATM
T0005786,A000874,2026-05-27 23:16:07.530779,Withdrawal,111582.67,INR,SUCCESS,Branch
T0005787,A000784,2026-01-22 16:51:08.530779,Transfer,65250.87,INR,SUCCESS,Mobile
T0005788,A000249,2025-07-21 16:34:52.530779,Transfer,86203.12,INR,SUCCESS,Branch
T0005789,A000014,2025-06-26 23:24:41.530779,Withdrawal,132972.44,INR,SUCCESS,Branch
T0005790,A000884,2025-09-19 22:54:29.530779,Transfer,45291.75,INR,SUCCESS,Branch
T0005791,A000796,2026-01-23 12:36:25.530779,Withdrawal,113623.4,INR,FAILED,ATM
T0005792,A000029,2026-08-11 08:50:21.530779,Withdrawal,194792.41,INR,PENDING,Mobile
T0005793,A000740,2026-06-01 15:46:28.530779,Fee,89571.92,INR,SUCCESS,Branch
T0005794,A001287,2026-07-24 10:17:36.530779,Withdrawal,45382.62,INR,SUCCESS,ATM
T0005795,A000680,2025-12-12 00:39:12.530779,Transfer,221371.41,INR,FAILED,Branch
T0005796,A001452,2025-09-21 17:47:28.530779,Interest,50301.72,INR,PENDING,Online
T0005797,A001493,2024-11-28 19:53:53.530779,Interest,117178.94,INR,PENDING,Mobile
T0005798,A000559,2025-12-20 01:42:08.530779,Withdrawal,127909.48,INR,FAILED,Mobile
T0005799,A000129,2026-03-05 15:50:24.530779,Transfer,192350.59,INR,PENDING,Mobile
T0005800,A001329,2025-06-24 23:08:50.530779,Transfer,56255.07,INR,SUCCESS,Branch
T0005801,A000652,2025-05-23 19:25:18.530779,Transfer,67652.16,INR,SUCCESS,ATM
T0005802,A001261,2024-11-21 05:06:10.530779,Transfer,205050.59,INR,PENDING,Online
T0005803,A001056,2025-07-25 14:52:40.530779,Fee,96370.39,INR,PENDING,Online
T0005804,A000821,2026-03-26 15:51:48.530779,Withdrawal,222105.72,INR,FAILED,Mobile
T0005805,A000630,2026-02-01 05:27:24.530779,Payment,201323.45,INR,SUCCESS,Online
T0005806,A001127,2025-09-14 15:38:48.530779,Payment,48462.85,INR,PENDING,Online
T0005807,A000252,2025-09-04 14:14:03.530779,Payment,39299.26,INR,PENDING,Branch
T0005808,A000971,2025-04-24 13:11:41.530779,Deposit,58713.27,INR,PENDING,Branch
T0005809,A000598,2025-04-10 01:43:29.530779,Deposit,174704.72,INR,SUCCESS,Online
T0005810,A000815,2026-04-25 03:42:08.530779,Payment,103906.29,INR,PENDING,Online
T0005811,A000637,2025-11-28 05:36:16.530779,Interest,168615.04,INR,FAILED,Branch
T0005812,A000353,2026-01-24 13:44:53.530779,Interest,19091.56,INR,SUCCESS,Mobile
T0005813,A001167,2025-08-05 16:20:20.530779,Interest,157536.03,INR,SUCCESS,ATM
T0005814,A001336,2026-02-07 14:10:05.530779,Fee,105959.59,INR,SUCCESS,Branch
T0005815,A000908,2025-01-02 13:43:00.530779,Deposit,159502.51,INR,PENDING,ATM
T0005816,A000289,2026-01-04 21:37:37.530779,Transfer,114080.45,INR,FAILED,Mobile
T0005817,A000310,2025-04-04 10:54:51.530779,Fee,125738.56,INR,SUCCESS,Mobile
T0005818,A000457,2025-07-16 01:59:03.530779,Payment,59870.31,INR,FAILED,ATM
T0005819,A000980,2025-01-29 09:50:25.530779,Deposit,241021.24,INR,FAILED,ATM
T0005820,A000371,2026-03-04 06:11:23.530779,Deposit,139387.16,INR,PENDING,ATM
T0005821,A000189,2024-12-15 15:37:01.530779,Fee,241990.43,INR,FAILED,Online
T0005822,A000967,2025-12-09 16:02:21.530779,Interest,106916.79,INR,PENDING,Mobile
T0005823,A000200,2025-01-17 07:03:28.530779,Payment,225445.69,INR,FAILED,ATM
T0005824,A000403,2025-05-27 19:34:58.530779,Withdrawal,100121.89,INR,FAILED,Mobile
T0005825,A000017,2025-09-12 11:10:01.530779,Withdrawal,240253.23,INR,SUCCESS,Mobile
T0005826,A000182,2026-09-01 05:47:40.530779,Deposit,25148.08,INR,FAILED,ATM
T0005827,A000924,2026-09-04 14:07:12.530779,Transfer,192339.66,INR,PENDING,Online
T0005828,A001206,2025-07-16 20:31:18.530779,Interest,151365.27,INR,PENDING,Branch
T0005829,A000477,2026-01-15 00:58:06.530779,Deposit,175750.19,INR,FAILED,Online
T0005830,A001092,2025-09-24 15:02:01.530779,Interest,181415.25,INR,FAILED,Mobile
T0005831,A000138,2025-03-30 00:55:33.530779,Transfer,200422.88,INR,SUCCESS,ATM
T0005832,A000796,2025-07-30 12:55:59.530779,Withdrawal,196422.08,INR,FAILED,Mobile
T0005833,A000888,2025-12-11 17:39:13.530779,Withdrawal,104897.24,INR,FAILED,ATM
T0005834,A001040,2025-08-02 20:31:47.530779,Deposit,7686.48,INR,FAILED,Mobile
T0005835,A000919,2025-02-02 14:26:53.530779,Withdrawal,141177.84,INR,PENDING,Online
T0005836,A000563,2025-10-11 00:16:02.530779,Withdrawal,216900.35,INR,PENDING,ATM
T0005837,A001249,2025-02-17 21:51:24.530779,Withdrawal,189111.22,INR,SUCCESS,Mobile
T0005838,A000538,2025-06-19 15:42:00.530779,Withdrawal,160609.84,INR,PENDING,ATM
T0005839,A001234,2024-11-10 15:06:59.530779,Interest,120880.35,INR,SUCCESS,Online
T0005840,A000425,2026-05-02 20:30:39.530779,Fee,120084.71,INR,SUCCESS,Online
T0005841,A000442,2025-02-08 00:06:12.530779,Fee,37840.93,INR,PENDING,Mobile
T0005842,A000084,2026-05-14 21:07:19.530779,Deposit,92333.33,INR,SUCCESS,ATM
T0005843,A000611,2026-06-18 12:08:58.530779,Payment,246066.71,INR,SUCCESS,Branch
T0005844,A001481,2026-04-15 01:38:48.530779,Interest,244266.17,INR,PENDING,Online
T0005845,A000636,2025-05-21 00:49:01.530779,Interest,241733.84,INR,SUCCESS,Online
T0005846,A000861,2025-08-20 09:15:46.530779,Fee,4334.6,INR,PENDING,Mobile
T0005847,A000433,2025-01-19 09:24:45.530779,Withdrawal,104130.17,INR,FAILED,Branch
T0005848,A000381,2025-06-15 06:33:59.530779,Deposit,183868.25,INR,SUCCESS,Online
T0005849,A001177,2025-09-07 09:06:58.530779,Transfer,154900.51,INR,PENDING,Mobile
T0005850,A001400,2026-05-04 02:24:53.530779,Payment,148849.2,INR,SUCCESS,Branch
T0005851,A000097,2026-06-18 23:23:03.530779,Fee,216084.55,INR,SUCCESS,Branch
T0005852,A001004,2025-07-16 01:49:24.530779,Interest,104132.72,INR,PENDING,Mobile
T0005853,A001176,2024-10-08 12:51:00.530779,Transfer,135554.11,INR,SUCCESS,Branch
T0005854,A000056,2024-10-15 20:10:58.530779,Deposit,105194.33,INR,PENDING,Online
T0005855,A000697,2025-01-07 02:25:10.530779,Interest,54250.59,INR,PENDING,Branch
T0005856,A000789,2024-10-08 22:09:02.530779,Transfer,52632.0,INR,FAILED,ATM
T0005857,A001342,2026-06-28 06:33:04.530779,Transfer,223725.39,INR,FAILED,Mobile
T0005858,A000007,2025-01-27 01:34:14.530779,Fee,103571.88,INR,SUCCESS,ATM
T0005859,A000413,2025-04-09 11:37:03.530779,Interest,246118.19,INR,SUCCESS,ATM
T0005860,A000705,2025-05-03 05:56:55.530779,Payment,186280.2,INR,FAILED,Online
T0005861,A001015,2025-07-24 21:07:35.530779,Deposit,66255.68,INR,FAILED,ATM
T0005862,A000200,2025-08-16 12:24:02.530779,Interest,101190.06,INR,PENDING,Mobile
T0005863,A000065,2025-03-05 09:43:34.530779,Transfer,223075.84,INR,PENDING,Branch
T0005864,A000205,2026-08-09 09:57:31.530779,Deposit,227923.84,INR,PENDING,Mobile
T0005865,A001161,2025-10-03 06:40:31.530779,Deposit,156729.07,INR,SUCCESS,Online
T0005866,A000820,2026-08-31 13:51:48.530779,Payment,110208.06,INR,SUCCESS,ATM
T0005867,A001040,2025-02-25 02:04:08.530779,Transfer,169145.18,INR,FAILED,Online
T0005868,A001242,2025-06-14 06:18:55.530779,Transfer,36186.53,INR,SUCCESS,Online
T0005869,A001203,2026-03-01 18:45:55.530779,Withdrawal,81707.91,INR,PENDING,ATM
T0005870,A000410,2026-01-28 18:08:25.530779,Fee,178792.11,INR,PENDING,Online
T0005871,A000049,2025-04-04 16:50:31.530779,Withdrawal,113103.57,INR,SUCCESS,Online
T0005872,A000755,2025-02-24 01:18:47.530779,Fee,197548.74,INR,FAILED,ATM
T0005873,A000421,2026-03-05 12:20:46.530779,Interest,15481.33,INR,FAILED,Branch
T0005874,A000387,2026-04-07 02:15:21.530779,Transfer,243766.14,INR,PENDING,ATM
T0005875,A000241,2026-08-28 23:14:03.530779,Transfer,3662.98,INR,SUCCESS,Online
T0005876,A000498,2026-04-09 03:06:20.530779,Interest,211140.25,INR,FAILED,Online
T0005877,A000005,2026-02-08 00:38:53.530779,Deposit,242088.49,INR,PENDING,ATM
T0005878,A000224,2025-07-28 23:21:21.530779,Interest,212597.69,INR,PENDING,Mobile
T0005879,A001363,2026-08-19 06:25:50.530779,Transfer,126633.46,INR,SUCCESS,Online
T0005880,A001390,2026-05-09 09:47:04.530779,Transfer,41436.84,INR,FAILED,Mobile
T0005881,A000789,2026-09-06 20:15:42.530779,Withdrawal,80865.49,INR,FAILED,Branch
T0005882,A000551,2024-12-09 09:18:59.530779,Deposit,234198.27,INR,PENDING,Branch
T0005883,A000120,2024-11-21 01:42:38.530779,Fee,47769.94,INR,SUCCESS,Online
T0005884,A001206,2025-08-27 04:43:55.530779,Transfer,27057.18,INR,FAILED,Online
T0005885,A000631,2025-01-11 02:55:59.530779,Fee,242383.53,INR,SUCCESS,ATM
T0005886,A001227,2026-09-10 00:48:17.530779,Payment,187389.29,INR,SUCCESS,Branch
T0005887,A000253,2024-12-07 04:13:29.530779,Payment,204469.52,INR,FAILED,ATM
T0005888,A001440,2026-03-02 02:38:04.530779,Interest,15180.93,INR,SUCCESS,Online
T0005889,A000450,2025-03-07 06:58:01.530779,Interest,5830.49,INR,FAILED,Branch
T0005890,A000691,2026-05-06 13:19:14.530779,Transfer,156448.79,INR,FAILED,Branch
T0005891,A000454,2025-05-29 06:13:43.530779,Fee,181772.19,INR,SUCCESS,Branch
T0005892,A000204,2026-02-19 10:37:20.530779,Transfer,60287.14,INR,FAILED,Branch
T0005893,A001035,2025-03-12 05:48:30.530779,Deposit,187516.74,INR,FAILED,Online
T0005894,A001050,2025-08-07 06:42:01.530779,Interest,248950.59,INR,PENDING,Online
T0005895,A000753,2025-09-05 21:46:28.530779,Deposit,153728.7,INR,PENDING,ATM
T0005896,A001313,2025-03-04 18:31:59.530779,Deposit,109054.7,INR,SUCCESS,Branch
T0005897,A000913,2025-02-23 11:29:36.530779,Payment,44863.98,INR,SUCCESS,Branch
T0005898,A000588,2025-03-28 16:25:37.530779,Deposit,238360.92,INR,FAILED,Online
T0005899,A001173,2025-09-13 16:11:52.530779,Fee,186953.7,INR,PENDING,Online
T0005900,A000689,2025-10-07 11:47:33.530779,Deposit,137997.24,INR,PENDING,ATM
T0005901,A001276,2025-10-01 05:31:35.530779,Payment,64070.76,INR,PENDING,ATM
T0005902,A000197,2025-02-10 04:26:37.530779,Payment,49642.34,INR,PENDING,ATM
T0005903,A001075,2025-02-11 09:03:32.530779,Payment,231553.23,INR,PENDING,Mobile
T0005904,A000123,2026-04-23 18:53:54.530779,Interest,40609.71,INR,SUCCESS,Online
T0005905,A000353,2026-07-10 16:08:21.530779,Payment,78658.24,INR,SUCCESS,Mobile
T0005906,A000068,2025-06-16 04:43:50.530779,Transfer,156317.49,INR,FAILED,Online
T0005907,A000596,2025-05-28 03:18:49.530779,Transfer,239705.45,INR,FAILED,Mobile
T0005908,A000125,2025-10-06 07:41:56.530779,Withdrawal,15209.59,INR,SUCCESS,ATM
T0005909,A000033,2024-11-25 07:25:29.530779,Deposit,28980.42,INR,SUCCESS,Online
T0005910,A000620,2025-07-05 14:52:37.530779,Transfer,46309.93,INR,FAILED,Mobile
T0005911,A000980,2026-01-09 22:48:38.530779,Fee,169504.34,INR,PENDING,Online
T0005912,A001360,2025-10-05 11:39:21.530779,Fee,34609.49,INR,SUCCESS,Branch
T0005913,A001353,2026-01-18 00:17:10.530779,Withdrawal,106912.69,INR,PENDING,ATM
T0005914,A000819,2026-04-19 16:24:34.530779,Fee,233764.43,INR,FAILED,Branch
T0005915,A000720,2026-09-02 06:07:20.530779,Payment,167996.85,INR,FAILED,ATM
T0005916,A000434,2024-12-08 01:44:46.530779,Transfer,3952.84,INR,FAILED,Branch
T0005917,A001276,2025-07-13 21:56:04.530779,Payment,112979.86,INR,PENDING,Branch
T0005918,A000390,2026-09-13 14:05:51.530779,Withdrawal,141227.75,INR,PENDING,Online
T0005919,A000232,2024-10-31 15:33:15.530779,Deposit,154027.43,INR,FAILED,Branch
T0005920,A001348,2025-08-07 01:10:00.530779,Transfer,158785.95,INR,SUCCESS,Online
T0005921,A000295,2024-12-26 01:50:02.530779,Payment,203658.46,INR,SUCCESS,ATM
T0005922,A001433,2025-02-12 04:06:39.530779,Transfer,232990.71,INR,PENDING,Mobile
T0005923,A001470,2025-05-19 23:03:23.530779,Withdrawal,52636.12,INR,PENDING,Online
T0005924,A000435,2025-07-28 07:53:12.530779,Deposit,101629.78,INR,SUCCESS,Branch
T0005925,A001361,2025-11-09 22:03:20.530779,Payment,76919.87,INR,FAILED,Branch
T0005926,A000082,2026-05-09 17:08:39.530779,Payment,28707.34,INR,PENDING,ATM
T0005927,A000242,2024-11-28 03:25:55.530779,Transfer,123572.57,INR,FAILED,Mobile
T0005928,A000123,2025-05-23 20:39:06.530779,Withdrawal,123730.32,INR,FAILED,ATM
T0005929,A000022,2026-03-02 14:00:59.530779,Withdrawal,100645.64,INR,SUCCESS,Mobile
T0005930,A001483,2025-11-06 05:54:02.530779,Transfer,84795.67,INR,PENDING,ATM
T0005931,A001190,2026-09-18 13:07:50.530779,Withdrawal,111550.4,INR,FAILED,Branch
T0005932,A001018,2026-07-14 19:30:21.530779,Transfer,216092.26,INR,PENDING,Online
T0005933,A001421,2025-09-20 22:57:15.530779,Payment,156805.35,INR,SUCCESS,Branch
T0005934,A001295,2026-03-15 08:49:43.530779,Transfer,69845.45,INR,SUCCESS,Mobile
T0005935,A001043,2026-02-01 08:54:41.530779,Fee,63946.68,INR,FAILED,ATM
T0005936,A001245,2025-05-14 15:30:21.530779,Withdrawal,101562.85,INR,FAILED,Online
T0005937,A001104,2025-07-10 10:41:59.530779,Payment,196475.54,INR,PENDING,Branch
T0005938,A001103,2025-01-17 03:46:51.530779,Fee,19097.71,INR,SUCCESS,Mobile
T0005939,A001321,2026-02-03 15:28:06.530779,Withdrawal,74032.29,INR,FAILED,Branch
T0005940,A000856,2025-07-12 20:50:31.530779,Payment,243098.72,INR,PENDING,ATM
T0005941,A000948,2025-10-08 03:59:44.530779,Withdrawal,172933.91,INR,SUCCESS,Online
T0005942,A001065,2026-07-07 18:14:01.530779,Deposit,79480.14,INR,FAILED,ATM
T0005943,A000438,2025-07-08 03:49:52.530779,Transfer,69393.69,INR,PENDING,ATM
T0005944,A001224,2025-09-06 15:22:58.530779,Payment,159229.85,INR,SUCCESS,Branch
T0005945,A000976,2026-05-28 01:39:04.530779,Payment,160519.7,INR,FAILED,ATM
T0005946,A000055,2025-08-31 07:05:32.530779,Deposit,17901.92,INR,SUCCESS,Online
T0005947,A000310,2025-06-15 03:13:39.530779,Payment,43104.9,INR,FAILED,Mobile
T0005948,A000376,2025-01-09 22:40:10.530779,Fee,156626.59,INR,FAILED,Branch
T0005949,A000530,2025-12-22 04:03:34.530779,Deposit,91745.47,INR,FAILED,Mobile
T0005950,A001021,2025-08-20 03:14:15.530779,Payment,72250.55,INR,PENDING,ATM
T0005951,A000320,2025-12-05 11:06:22.530779,Interest,100948.25,INR,SUCCESS,ATM
T0005952,A000631,2025-04-29 15:22:03.530779,Withdrawal,126370.97,INR,SUCCESS,Mobile
T0005953,A000261,2024-10-14 06:09:31.530779,Deposit,68872.69,INR,SUCCESS,Branch
T0005954,A000832,2025-07-16 20:12:45.530779,Deposit,114456.59,INR,FAILED,ATM
T0005955,A001407,2025-02-27 01:40:32.530779,Deposit,181072.62,INR,PENDING,Branch
T0005956,A001276,2025-11-23 01:08:38.530779,Payment,112908.85,INR,SUCCESS,Branch
T0005957,A000069,2025-03-13 13:02:37.530779,Deposit,143437.07,INR,SUCCESS,Online
T0005958,A000799,2026-04-29 11:53:53.530779,Interest,209880.83,INR,PENDING,Mobile
T0005959,A000767,2025-03-22 01:35:05.530779,Interest,367.34,INR,PENDING,ATM
T0005960,A001164,2024-11-01 13:52:55.530779,Payment,227609.09,INR,SUCCESS,ATM
T0005961,A000520,2026-03-27 18:21:21.530779,Transfer,167393.55,INR,SUCCESS,Mobile
T0005962,A001189,2025-10-31 08:31:58.530779,Transfer,18140.3,INR,PENDING,Online
T0005963,A000068,2024-10-24 05:38:31.530779,Fee,142474.82,INR,FAILED,Branch
T0005964,A000120,2024-10-24 10:15:35.530779,Payment,36031.29,INR,SUCCESS,Online
T0005965,A001427,2025-09-26 03:47:29.530779,Payment,78829.85,INR,PENDING,Branch
T0005966,A000367,2026-01-17 20:55:09.530779,Fee,101995.31,INR,FAILED,Branch
T0005967,A000166,2025-09-17 07:57:42.530779,Transfer,169718.22,INR,SUCCESS,ATM
T0005968,A000068,2025-03-21 05:57:51.530779,Payment,206719.47,INR,FAILED,Mobile
T0005969,A000933,2024-12-09 01:04:36.530779,Payment,42176.24,INR,SUCCESS,Branch
T0005970,A001224,2025-06-06 21:55:34.530779,Transfer,228142.48,INR,PENDING,Mobile
T0005971,A000601,2025-11-03 17:08:49.530779,Withdrawal,135230.21,INR,FAILED,Online
T0005972,A000803,2024-12-13 17:07:45.530779,Interest,160322.64,INR,PENDING,Branch
T0005973,A001057,2025-04-26 17:43:49.530779,Deposit,29609.29,INR,SUCCESS,Mobile
T0005974,A000717,2024-10-23 23:12:03.530779,Withdrawal,171791.23,INR,PENDING,Mobile
T0005975,A000456,2025-04-20 18:42:44.530779,Transfer,230964.84,INR,SUCCESS,Mobile
T0005976,A001012,2025-04-23 16:22:33.530779,Transfer,11154.56,INR,FAILED,Online
T0005977,A000496,2025-11-01 23:12:13.530779,Interest,46860.2,INR,FAILED,Branch
T0005978,A000840,2026-04-05 08:32:38.530779,Deposit,69757.11,INR,SUCCESS,Mobile
T0005979,A000812,2025-11-22 03:14:45.530779,Interest,185919.13,INR,FAILED,ATM
T0005980,A001200,2025-01-30 16:26:06.530779,Withdrawal,49177.28,INR,PENDING,Branch
T0005981,A000248,2024-11-16 04:14:42.530779,Transfer,167617.59,INR,SUCCESS,Branch
T0005982,A000639,2026-06-09 00:41:45.530779,Payment,167381.19,INR,SUCCESS,Online
T0005983,A000876,2025-02-19 21:39:52.530779,Interest,189484.99,INR,PENDING,ATM
T0005984,A000170,2025-06-16 10:07:27.530779,Fee,187082.9,INR,FAILED,Mobile
T0005985,A000068,2026-02-03 16:21:22.530779,Withdrawal,154524.45,INR,FAILED,Branch
T0005986,A000022,2024-10-23 11:26:58.530779,Withdrawal,80414.55,INR,SUCCESS,Mobile
T0005987,A000562,2025-12-25 06:13:55.530779,Payment,166920.26,INR,FAILED,Branch
T0005988,A001101,2024-09-29 10:08:14.530779,Transfer,218093.9,INR,SUCCESS,Online
T0005989,A000805,2025-11-08 11:05:17.530779,Interest,58906.33,INR,SUCCESS,Branch
T0005990,A000146,2026-01-29 21:27:50.530779,Deposit,19326.39,INR,FAILED,ATM
T0005991,A000712,2025-01-14 05:58:19.530779,Fee,177884.74,INR,PENDING,Branch
T0005992,A000159,2025-03-21 20:36:32.530779,Payment,149253.89,INR,SUCCESS,Mobile
T0005993,A000291,2025-01-31 21:31:36.530779,Transfer,61765.92,INR,FAILED,Online
T0005994,A000677,2026-04-08 15:33:40.530779,Payment,241664.93,INR,FAILED,Online
T0005995,A000767,2026-02-03 14:10:57.530779,Interest,121192.3,INR,SUCCESS,ATM
T0005996,A001066,2025-09-27 18:23:27.530779,Withdrawal,109055.77,INR,SUCCESS,Branch
T0005997,A000443,2026-05-12 19:48:16.530779,Withdrawal,249270.43,INR,FAILED,Online
T0005998,A000399,2026-02-28 06:44:53.530779,Payment,127860.04,INR,FAILED,Online
T0005999,A001181,2025-09-15 22:31:52.530779,Withdrawal,212989.69,INR,FAILED,Branch
T0006000,A001061,2025-10-16 22:53:34.530779,Deposit,135569.37,INR,SUCCESS,Branch
T0006001,A000855,2026-05-15 12:52:19.530779,Transfer,59721.55,INR,SUCCESS,Online
T0006002,A000993,2025-03-29 04:38:24.530779,Transfer,3478.78,INR,SUCCESS,Branch
T0006003,A000576,2026-07-26 00:00:10.530779,Payment,218443.74,INR,PENDING,Mobile
T0006004,A000481,2026-04-16 00:43:38.530779,Withdrawal,113205.72,INR,SUCCESS,ATM
T0006005,A000443,2025-02-12 03:29:14.530779,Payment,72242.13,INR,SUCCESS,Branch
T0006006,A001186,2026-04-25 07:43:06.530779,Withdrawal,157751.79,INR,PENDING,Branch
T0006007,A001275,2026-09-10 17:45:13.530779,Transfer,218521.3,INR,FAILED,ATM
T0006008,A000854,2025-02-28 17:35:16.530779,Interest,219011.43,INR,PENDING,Mobile
T0006009,A001498,2025-05-30 13:49:07.530779,Fee,218051.14,INR,PENDING,Mobile
T0006010,A000061,2025-02-11 10:41:35.530779,Interest,117885.11,INR,PENDING,Online
T0006011,A001253,2026-06-13 12:00:46.530779,Fee,26293.71,INR,PENDING,Branch
T0006012,A000053,2024-12-06 17:40:35.530779,Fee,199876.87,INR,SUCCESS,Online
T0006013,A001280,2025-06-16 00:08:09.530779,Withdrawal,57858.03,INR,PENDING,Mobile
T0006014,A000551,2025-12-12 04:45:59.530779,Transfer,82394.48,INR,SUCCESS,Mobile
T0006015,A001234,2026-01-28 12:30:51.530779,Transfer,34107.82,INR,FAILED,Mobile
T0006016,A000368,2025-02-04 17:03:52.530779,Withdrawal,223923.16,INR,SUCCESS,ATM
T0006017,A000300,2025-09-11 08:05:54.530779,Transfer,12641.13,INR,SUCCESS,Branch
T0006018,A000385,2026-06-15 20:29:26.530779,Withdrawal,141717.89,INR,FAILED,ATM
T0006019,A000175,2025-09-25 02:56:46.530779,Interest,166308.92,INR,FAILED,Online
T0006020,A001120,2025-11-25 23:34:57.530779,Payment,43455.22,INR,FAILED,ATM
T0006021,A000409,2025-01-06 07:36:41.530779,Fee,106365.56,INR,PENDING,Online
T0006022,A000663,2025-09-04 16:20:00.530779,Withdrawal,160387.92,INR,FAILED,Branch
T0006023,A000135,2025-07-29 16:51:55.530779,Interest,23466.11,INR,SUCCESS,Mobile
T0006024,A000008,2025-02-04 23:23:56.530779,Payment,38845.35,INR,PENDING,Online
T0006025,A001101,2026-05-09 02:36:23.530779,Transfer,243346.8,INR,FAILED,ATM
T0006026,A000446,2024-11-14 14:23:08.530779,Payment,145116.61,INR,PENDING,ATM
T0006027,A000939,2024-11-23 13:11:58.530779,Interest,217541.68,INR,PENDING,ATM
T0006028,A001268,2025-09-18 22:00:16.530779,Fee,18899.42,INR,PENDING,Branch
T0006029,A000907,2025-11-16 20:44:21.530779,Payment,15454.37,INR,SUCCESS,Mobile
T0006030,A000563,2025-04-10 13:12:01.530779,Transfer,143067.99,INR,PENDING,ATM
T0006031,A000593,2026-08-23 03:13:14.530779,Withdrawal,112633.06,INR,SUCCESS,ATM
T0006032,A000318,2025-04-09 08:36:07.530779,Transfer,151813.74,INR,FAILED,Mobile
T0006033,A000246,2025-12-04 06:37:15.530779,Payment,117032.71,INR,FAILED,ATM
T0006034,A000298,2025-02-18 06:01:22.530779,Deposit,214475.69,INR,PENDING,ATM
T0006035,A000221,2025-02-01 22:56:19.530779,Interest,198510.24,INR,FAILED,Mobile
T0006036,A001369,2026-02-27 02:48:08.530779,Interest,218481.44,INR,PENDING,Online
T0006037,A000909,2025-05-16 08:47:59.530779,Withdrawal,26078.85,INR,FAILED,Online
T0006038,A001211,2024-10-22 05:51:39.530779,Transfer,135158.23,INR,PENDING,ATM
T0006039,A000422,2024-10-05 17:51:22.530779,Withdrawal,42156.07,INR,SUCCESS,Online
T0006040,A000425,2025-07-22 10:51:51.530779,Interest,238998.35,INR,SUCCESS,Mobile
T0006041,A000874,2025-08-11 23:06:06.530779,Interest,50519.0,INR,PENDING,ATM
T0006042,A001427,2025-05-08 01:48:42.530779,Payment,240763.16,INR,PENDING,Online
T0006043,A000401,2025-10-14 07:48:42.530779,Transfer,65371.86,INR,PENDING,Online
T0006044,A000534,2026-09-08 12:28:56.530779,Withdrawal,60852.71,INR,PENDING,Mobile
T0006045,A000221,2025-08-17 10:26:59.530779,Payment,200222.99,INR,PENDING,Mobile
T0006046,A000067,2026-08-26 04:47:07.530779,Payment,230769.02,INR,SUCCESS,ATM
T0006047,A001409,2025-09-04 19:29:33.530779,Deposit,43513.68,INR,PENDING,ATM
T0006048,A000243,2025-09-09 16:12:31.530779,Interest,139208.39,INR,PENDING,Online
T0006049,A001054,2026-04-20 22:53:28.530779,Deposit,106862.33,INR,SUCCESS,ATM
T0006050,A001240,2025-07-17 21:09:44.530779,Withdrawal,26783.91,INR,FAILED,ATM
T0006051,A000694,2025-06-01 14:39:23.530779,Deposit,50157.06,INR,PENDING,Branch
T0006052,A000849,2025-01-11 07:32:58.530779,Payment,173113.73,INR,FAILED,Online
T0006053,A000880,2025-12-05 03:05:13.530779,Deposit,79747.47,INR,SUCCESS,Mobile
T0006054,A000992,2025-12-27 00:09:05.530779,Interest,198341.86,INR,SUCCESS,Branch
T0006055,A000261,2026-01-13 02:16:38.530779,Payment,175228.69,INR,FAILED,Online
T0006056,A000768,2025-11-21 21:28:25.530779,Withdrawal,201166.5,INR,SUCCESS,Online
T0006057,A001219,2025-12-28 18:40:35.530779,Transfer,214080.55,INR,PENDING,Branch
T0006058,A000288,2026-06-18 15:51:05.530779,Fee,106603.4,INR,SUCCESS,Online
T0006059,A001136,2025-06-26 02:40:19.530779,Payment,42508.85,INR,SUCCESS,Online
T0006060,A001321,2026-06-12 03:16:41.530779,Payment,222228.37,INR,PENDING,Branch
T0006061,A000789,2025-08-07 19:45:09.530779,Interest,64535.91,INR,FAILED,Online
T0006062,A000295,2025-01-17 21:32:55.530779,Interest,90969.18,INR,SUCCESS,Online
T0006063,A000669,2025-12-27 11:37:17.530779,Deposit,65198.13,INR,SUCCESS,Branch
T0006064,A001446,2025-01-12 10:10:06.530779,Withdrawal,135421.35,INR,PENDING,ATM
T0006065,A001235,2024-11-09 07:40:58.530779,Payment,31512.51,INR,FAILED,Branch
T0006066,A000708,2025-08-30 09:40:21.530779,Payment,104599.5,INR,PENDING,Online
T0006067,A000183,2026-05-08 10:08:35.530779,Transfer,32469.24,INR,PENDING,Online
T0006068,A000804,2026-06-13 12:16:05.530779,Withdrawal,102230.51,INR,PENDING,Online
T0006069,A000677,2025-05-01 17:58:39.530779,Interest,80599.83,INR,PENDING,Mobile
T0006070,A000431,2025-04-02 03:38:54.530779,Withdrawal,154473.76,INR,FAILED,Branch
T0006071,A000633,2026-02-26 07:18:00.530779,Withdrawal,233375.83,INR,PENDING,ATM
T0006072,A000222,2026-06-14 20:30:29.530779,Fee,115864.11,INR,FAILED,Branch
T0006073,A000742,2025-05-31 18:04:46.530779,Fee,232800.01,INR,PENDING,Mobile
T0006074,A001460,2025-02-12 11:35:36.530779,Interest,174441.68,INR,FAILED,Mobile
T0006075,A000402,2026-02-01 14:14:49.530779,Payment,101370.99,INR,PENDING,Branch
T0006076,A000946,2024-12-28 02:13:34.530779,Deposit,241271.11,INR,FAILED,ATM
T0006077,A000702,2025-04-25 22:37:07.530779,Fee,189370.16,INR,FAILED,Mobile
T0006078,A000757,2026-06-02 09:14:08.530779,Deposit,106305.31,INR,PENDING,ATM
T0006079,A000264,2026-02-16 23:21:41.530779,Fee,65990.95,INR,FAILED,Mobile
T0006080,A001176,2024-11-21 21:31:11.530779,Interest,115483.2,INR,SUCCESS,ATM
T0006081,A000567,2025-08-19 22:17:21.530779,Deposit,111723.82,INR,SUCCESS,ATM
T0006082,A000640,2025-05-02 02:31:45.530779,Fee,176232.94,INR,FAILED,Mobile
T0006083,A000517,2024-12-01 12:23:55.530779,Transfer,180580.35,INR,SUCCESS,Branch
T0006084,A000302,2026-01-06 13:36:21.530779,Transfer,227454.01,INR,PENDING,ATM
T0006085,A000068,2026-02-08 08:57:26.530779,Transfer,5745.27,INR,FAILED,Mobile
T0006086,A001304,2026-08-06 17:04:59.530779,Interest,116364.01,INR,SUCCESS,Mobile
T0006087,A000946,2025-10-02 08:35:07.530779,Payment,95151.88,INR,SUCCESS,Online
T0006088,A000905,2025-12-27 23:25:08.530779,Fee,203001.06,INR,FAILED,ATM
T0006089,A000001,2024-12-07 22:54:15.530779,Fee,7136.93,INR,PENDING,ATM
T0006090,A000580,2024-12-29 22:03:20.530779,Deposit,121967.65,INR,SUCCESS,ATM
T0006091,A000743,2025-11-11 03:09:45.530779,Interest,10534.65,INR,SUCCESS,Online
T0006092,A001052,2026-02-13 01:14:41.530779,Withdrawal,140941.04,INR,SUCCESS,Online
T0006093,A000651,2026-05-14 04:39:18.530779,Deposit,189290.05,INR,SUCCESS,Online
T0006094,A001199,2024-09-24 05:57:31.530779,Interest,89038.49,INR,SUCCESS,Online
T0006095,A000526,2025-07-28 15:29:34.530779,Interest,207259.22,INR,FAILED,Mobile
T0006096,A000113,2026-06-13 20:15:43.530779,Interest,86924.08,INR,FAILED,ATM
T0006097,A000987,2025-01-27 08:11:25.530779,Fee,47028.51,INR,PENDING,Online
T0006098,A001013,2025-06-05 21:45:17.530779,Transfer,120074.28,INR,FAILED,ATM
T0006099,A000580,2025-10-10 19:14:32.530779,Transfer,34187.04,INR,FAILED,Mobile
T0006100,A000504,2025-04-08 07:06:06.530779,Interest,139569.91,INR,FAILED,Branch
T0006101,A001169,2025-09-05 01:50:23.530779,Deposit,51873.41,INR,FAILED,Mobile
T0006102,A000283,2024-11-13 19:47:14.530779,Transfer,22389.99,INR,SUCCESS,Online
T0006103,A000831,2025-11-26 01:12:52.530779,Interest,192762.29,INR,FAILED,ATM
T0006104,A000413,2026-05-08 00:55:21.530779,Transfer,159741.89,INR,PENDING,Mobile
T0006105,A000994,2025-07-14 03:45:10.530779,Interest,121059.33,INR,PENDING,Mobile
T0006106,A001472,2025-04-16 09:47:41.530779,Interest,162886.97,INR,PENDING,Online
T0006107,A000228,2026-09-10 15:57:16.530779,Fee,179955.86,INR,SUCCESS,Online
T0006108,A000327,2026-06-22 18:46:25.530779,Deposit,200230.05,INR,PENDING,Online
T0006109,A001166,2025-12-08 06:17:12.530779,Withdrawal,240399.55,INR,SUCCESS,Branch
T0006110,A001364,2026-01-05 22:32:25.530779,Fee,28461.47,INR,SUCCESS,Online
T0006111,A000316,2026-03-31 01:38:27.530779,Withdrawal,229609.33,INR,PENDING,Mobile
T0006112,A001393,2025-11-02 20:26:38.530779,Payment,227467.61,INR,PENDING,Mobile
T0006113,A000922,2026-08-07 12:23:10.530779,Fee,220699.78,INR,SUCCESS,ATM
T0006114,A000554,2025-11-27 10:42:06.530779,Interest,16052.64,INR,SUCCESS,Mobile
T0006115,A000925,2025-09-12 10:03:35.530779,Interest,46285.69,INR,FAILED,Mobile
T0006116,A001437,2026-05-19 20:01:14.530779,Payment,40719.01,INR,SUCCESS,Mobile
T0006117,A001439,2025-05-15 17:42:49.530779,Transfer,241963.81,INR,SUCCESS,Online
T0006118,A000973,2025-05-08 01:59:21.530779,Interest,86316.5,INR,SUCCESS,ATM
T0006119,A001244,2025-08-13 23:47:38.530779,Deposit,150416.44,INR,SUCCESS,Mobile
T0006120,A000982,2026-06-19 12:43:34.530779,Withdrawal,130346.01,INR,FAILED,Mobile
T0006121,A000483,2026-06-11 11:48:28.530779,Fee,237697.05,INR,SUCCESS,Online
T0006122,A000464,2025-10-17 16:56:08.530779,Withdrawal,53346.32,INR,PENDING,Mobile
T0006123,A000656,2025-12-19 13:24:36.530779,Withdrawal,237014.19,INR,FAILED,Online
T0006124,A001181,2025-03-21 10:20:59.530779,Payment,97863.44,INR,PENDING,Mobile
T0006125,A000742,2025-05-19 19:43:16.530779,Fee,86337.87,INR,FAILED,Mobile
T0006126,A000004,2024-10-17 02:06:09.530779,Interest,230715.09,INR,PENDING,ATM
T0006127,A000621,2026-08-15 10:43:10.530779,Transfer,137687.04,INR,FAILED,Branch
T0006128,A000009,2026-05-21 04:34:12.530779,Payment,67829.21,INR,FAILED,Online
T0006129,A000955,2026-08-28 19:25:51.530779,Deposit,243380.09,INR,PENDING,Mobile
T0006130,A001480,2025-03-13 03:10:03.530779,Interest,113070.85,INR,FAILED,Online
T0006131,A000515,2025-02-04 11:58:05.530779,Interest,224231.59,INR,PENDING,Mobile
T0006132,A000054,2026-04-30 02:08:21.530779,Withdrawal,44069.0,INR,PENDING,ATM
T0006133,A000471,2025-01-06 01:19:51.530779,Interest,121747.58,INR,PENDING,Online
T0006134,A001224,2024-11-15 04:53:49.530779,Payment,43163.45,INR,FAILED,Branch
T0006135,A000235,2025-08-20 12:26:03.530779,Withdrawal,107886.46,INR,FAILED,Online
T0006136,A001012,2026-07-11 01:27:35.530779,Fee,106644.4,INR,PENDING,Mobile
T0006137,A000371,2025-04-20 00:16:12.530779,Withdrawal,87302.76,INR,FAILED,Branch
T0006138,A001091,2025-12-03 15:20:11.530779,Fee,152828.22,INR,SUCCESS,Mobile
T0006139,A000856,2026-02-02 09:49:48.530779,Withdrawal,24753.63,INR,SUCCESS,Mobile
T0006140,A001182,2025-07-27 12:41:50.530779,Interest,86970.27,INR,SUCCESS,ATM
T0006141,A000815,2025-11-01 12:11:20.530779,Withdrawal,16076.54,INR,SUCCESS,ATM
T0006142,A001195,2026-05-25 00:37:34.530779,Interest,141748.42,INR,FAILED,Online
T0006143,A000747,2025-07-22 17:34:38.530779,Withdrawal,190274.88,INR,FAILED,Mobile
T0006144,A001455,2025-12-26 19:39:33.530779,Withdrawal,87277.7,INR,FAILED,ATM
T0006145,A001113,2026-02-22 12:18:50.530779,Payment,227445.66,INR,FAILED,Branch
T0006146,A000734,2025-11-21 20:40:32.530779,Interest,80882.24,INR,FAILED,Branch
T0006147,A000241,2024-09-24 11:08:12.530779,Fee,101767.7,INR,FAILED,Online
T0006148,A001227,2025-10-30 16:19:17.530779,Interest,193547.32,INR,FAILED,ATM
T0006149,A000204,2025-08-31 01:51:17.530779,Transfer,146515.81,INR,SUCCESS,ATM
T0006150,A000679,2026-06-13 04:25:47.530779,Payment,125819.57,INR,SUCCESS,ATM
T0006151,A000538,2025-03-08 14:53:37.530779,Payment,239361.12,INR,FAILED,ATM
T0006152,A000097,2024-11-06 19:17:19.530779,Transfer,172191.57,INR,FAILED,Online
T0006153,A000799,2026-08-30 22:17:47.530779,Withdrawal,126853.8,INR,SUCCESS,ATM
T0006154,A000210,2024-10-22 10:11:49.530779,Payment,35640.65,INR,FAILED,ATM
T0006155,A001310,2024-09-20 22:21:13.530779,Withdrawal,6997.94,INR,PENDING,Mobile
T0006156,A000358,2025-03-23 11:36:45.530779,Deposit,46192.22,INR,SUCCESS,Online
T0006157,A001377,2025-03-17 20:34:38.530779,Interest,70498.68,INR,PENDING,Branch
T0006158,A000775,2025-02-04 17:21:52.530779,Withdrawal,81113.05,INR,PENDING,Online
T0006159,A000951,2025-07-17 18:03:07.530779,Transfer,147568.84,INR,FAILED,Online
T0006160,A000270,2025-08-08 02:58:50.530779,Interest,149383.46,INR,FAILED,ATM
T0006161,A001226,2025-10-03 19:49:45.530779,Withdrawal,182558.76,INR,PENDING,ATM
T0006162,A000465,2025-05-06 22:26:31.530779,Transfer,125105.71,INR,PENDING,ATM
T0006163,A001285,2026-04-27 21:36:21.530779,Fee,170659.08,INR,SUCCESS,Branch
T0006164,A000457,2026-05-17 12:04:45.530779,Transfer,230569.85,INR,PENDING,ATM
T0006165,A001127,2025-02-13 04:17:19.530779,Interest,118422.91,INR,PENDING,ATM
T0006166,A000015,2024-12-10 04:09:11.530779,Fee,173281.62,INR,SUCCESS,Online
T0006167,A001178,2026-02-10 10:25:19.530779,Payment,62432.06,INR,SUCCESS,Online
T0006168,A001244,2024-12-10 09:52:59.530779,Payment,59780.25,INR,FAILED,Online
T0006169,A001250,2026-04-21 19:11:28.530779,Interest,24165.07,INR,SUCCESS,ATM
T0006170,A000578,2026-08-05 23:32:08.530779,Interest,248824.12,INR,FAILED,Branch
T0006171,A001267,2026-07-02 03:08:33.530779,Interest,113125.81,INR,PENDING,ATM
T0006172,A001444,2024-11-22 00:26:54.530779,Transfer,154290.19,INR,FAILED,Mobile
T0006173,A000733,2025-06-15 10:01:08.530779,Fee,183876.62,INR,SUCCESS,Online
T0006174,A000334,2024-10-06 10:20:25.530779,Deposit,169009.15,INR,FAILED,Online
T0006175,A001117,2026-02-28 06:14:11.530779,Interest,231562.09,INR,FAILED,ATM
T0006176,A000074,2025-06-24 20:11:31.530779,Payment,136842.73,INR,SUCCESS,ATM
T0006177,A001447,2025-08-22 00:41:50.530779,Transfer,77776.99,INR,FAILED,Online
T0006178,A001176,2026-06-02 01:10:56.530779,Withdrawal,114556.1,INR,FAILED,Branch
T0006179,A001187,2024-09-22 15:33:05.530779,Payment,164376.39,INR,SUCCESS,Branch
T0006180,A001203,2024-12-23 14:51:28.530779,Transfer,28275.05,INR,FAILED,Online
T0006181,A000538,2025-03-14 19:09:42.530779,Fee,51324.42,INR,PENDING,ATM
T0006182,A000747,2025-09-23 20:50:11.530779,Fee,242353.36,INR,FAILED,Branch
T0006183,A001195,2024-11-22 14:19:43.530779,Fee,211650.2,INR,SUCCESS,Branch
T0006184,A000227,2026-05-26 23:19:25.530779,Transfer,97226.95,INR,PENDING,ATM
T0006185,A000891,2026-05-25 00:28:16.530779,Deposit,212744.96,INR,PENDING,Mobile
T0006186,A000255,2026-02-11 14:53:33.530779,Deposit,2791.24,INR,PENDING,Mobile
T0006187,A001348,2025-09-17 02:13:51.530779,Withdrawal,6878.62,INR,PENDING,ATM
T0006188,A001451,2025-09-29 20:46:39.530779,Payment,145926.02,INR,FAILED,Branch
T0006189,A001231,2025-04-18 08:55:44.530779,Transfer,220214.58,INR,PENDING,ATM
T0006190,A000411,2026-07-02 14:50:04.530779,Withdrawal,119216.26,INR,PENDING,ATM
T0006191,A000498,2026-05-19 02:31:29.530779,Interest,135198.95,INR,FAILED,Branch
T0006192,A001150,2024-09-22 03:32:35.530779,Fee,22232.94,INR,PENDING,Online
T0006193,A000479,2025-01-20 07:49:14.530779,Payment,152565.21,INR,PENDING,Mobile
T0006194,A000193,2025-04-21 06:47:06.530779,Transfer,58858.64,INR,FAILED,Online
T0006195,A000026,2026-06-26 15:31:41.530779,Interest,116381.37,INR,SUCCESS,Mobile
T0006196,A000994,2026-02-03 17:45:03.530779,Fee,104123.31,INR,SUCCESS,Branch
T0006197,A000084,2026-06-13 22:56:41.530779,Fee,181191.28,INR,SUCCESS,Mobile
T0006198,A001040,2025-03-15 01:16:05.530779,Withdrawal,45344.24,INR,SUCCESS,ATM
T0006199,A000602,2025-07-05 18:19:39.530779,Interest,203548.74,INR,SUCCESS,ATM
T0006200,A001006,2025-01-12 21:24:36.530779,Fee,194099.34,INR,PENDING,Online
T0006201,A001201,2025-11-19 08:43:42.530779,Transfer,119005.15,INR,SUCCESS,ATM
T0006202,A001275,2025-02-11 11:50:02.530779,Fee,4362.63,INR,PENDING,Mobile
T0006203,A000337,2026-02-25 10:09:26.530779,Withdrawal,68820.86,INR,SUCCESS,Branch
T0006204,A001105,2024-11-03 03:57:30.530779,Interest,207309.81,INR,SUCCESS,Online
T0006205,A001009,2025-05-22 17:25:50.530779,Interest,69015.01,INR,FAILED,Online
T0006206,A000700,2025-05-07 01:35:14.530779,Interest,166925.58,INR,PENDING,Mobile
T0006207,A000187,2025-08-26 22:41:55.530779,Payment,55885.45,INR,SUCCESS,ATM
T0006208,A000477,2026-03-07 03:37:26.530779,Payment,125258.29,INR,SUCCESS,Online
T0006209,A000686,2024-12-12 22:18:00.530779,Withdrawal,153338.42,INR,PENDING,Branch
T0006210,A001133,2026-06-13 14:39:52.530779,Transfer,249822.38,INR,FAILED,Mobile
T0006211,A000790,2024-12-12 02:47:37.530779,Payment,2272.02,INR,SUCCESS,Branch
T0006212,A001053,2025-03-07 01:00:54.530779,Withdrawal,236257.97,INR,SUCCESS,ATM
T0006213,A001345,2024-09-30 16:04:12.530779,Payment,108233.65,INR,PENDING,ATM
T0006214,A000797,2026-08-04 07:11:14.530779,Withdrawal,207049.8,INR,SUCCESS,Online
T0006215,A001483,2026-09-02 08:21:28.530779,Transfer,11052.44,INR,SUCCESS,Online
T0006216,A000525,2025-05-23 09:17:27.530779,Fee,94306.37,INR,PENDING,ATM
T0006217,A000272,2024-10-17 20:54:24.530779,Fee,20746.65,INR,PENDING,ATM
T0006218,A001216,2026-02-22 20:44:41.530779,Transfer,89057.3,INR,PENDING,ATM
T0006219,A000289,2026-05-21 15:25:08.530779,Transfer,73756.3,INR,SUCCESS,Online
T0006220,A000514,2025-07-12 17:15:04.530779,Transfer,247908.39,INR,PENDING,Online
T0006221,A000844,2025-12-22 12:33:45.530779,Withdrawal,142294.95,INR,PENDING,Online
T0006222,A000667,2025-06-16 13:25:12.530779,Deposit,218261.52,INR,FAILED,ATM
T0006223,A001421,2025-07-29 14:44:39.530779,Transfer,121299.17,INR,PENDING,Online
T0006224,A000328,2025-07-16 11:00:52.530779,Transfer,33744.17,INR,PENDING,Branch
T0006225,A000652,2025-07-22 13:13:29.530779,Deposit,221206.25,INR,PENDING,Mobile
T0006226,A000488,2024-10-15 08:31:53.530779,Deposit,118967.26,INR,PENDING,ATM
T0006227,A000487,2025-02-25 02:12:44.530779,Fee,24569.64,INR,FAILED,Branch
T0006228,A001080,2025-09-03 08:55:06.530779,Withdrawal,153850.13,INR,FAILED,Branch
T0006229,A000904,2026-01-28 04:15:12.530779,Interest,30583.28,INR,FAILED,ATM
T0006230,A000528,2025-02-22 05:22:19.530779,Deposit,41125.6,INR,FAILED,Online
T0006231,A001388,2025-04-16 18:37:07.530779,Withdrawal,68836.1,INR,SUCCESS,Mobile
T0006232,A000282,2025-07-11 16:42:58.530779,Withdrawal,57472.52,INR,FAILED,Mobile
T0006233,A000610,2024-11-03 15:36:52.530779,Deposit,149839.85,INR,FAILED,Mobile
T0006234,A001382,2026-01-21 01:13:26.530779,Deposit,213988.97,INR,SUCCESS,Mobile
T0006235,A001238,2025-05-18 21:07:12.530779,Fee,166044.0,INR,PENDING,Branch
T0006236,A000464,2025-12-30 07:03:55.530779,Transfer,39908.97,INR,SUCCESS,ATM
T0006237,A001312,2026-03-16 06:19:02.530779,Payment,91489.99,INR,PENDING,Mobile
T0006238,A000326,2025-11-19 07:40:15.530779,Deposit,131909.22,INR,FAILED,ATM
T0006239,A001141,2024-12-31 01:38:52.530779,Fee,86731.68,INR,PENDING,Online
T0006240,A000205,2026-03-14 03:53:16.530779,Fee,155126.66,INR,SUCCESS,Online
T0006241,A000482,2026-02-10 19:49:42.530779,Transfer,33812.28,INR,PENDING,Online
T0006242,A000389,2025-11-15 08:43:15.530779,Withdrawal,164539.96,INR,PENDING,ATM
T0006243,A000633,2025-09-02 06:16:36.530779,Withdrawal,46977.97,INR,PENDING,Branch
T0006244,A001221,2026-09-19 03:01:33.530779,Payment,31991.8,INR,SUCCESS,ATM
T0006245,A001383,2024-11-10 20:00:14.530779,Withdrawal,46392.45,INR,SUCCESS,ATM
T0006246,A000066,2025-04-08 22:14:40.530779,Deposit,153265.89,INR,SUCCESS,Branch
T0006247,A000771,2025-05-08 03:29:31.530779,Withdrawal,55465.38,INR,FAILED,Mobile
T0006248,A001057,2024-09-23 23:22:25.530779,Interest,199107.54,INR,FAILED,Mobile
T0006249,A000984,2025-07-30 08:41:41.530779,Fee,59855.35,INR,PENDING,Online
T0006250,A000278,2026-01-30 03:45:20.530779,Deposit,227687.43,INR,SUCCESS,ATM
T0006251,A001106,2026-02-09 21:58:54.530779,Fee,107975.4,INR,PENDING,Online
T0006252,A000622,2024-11-10 04:45:45.530779,Deposit,142268.53,INR,PENDING,Mobile
T0006253,A000576,2026-01-15 05:21:28.530779,Transfer,162897.65,INR,FAILED,Mobile
T0006254,A000787,2024-10-28 15:28:22.530779,Fee,145768.46,INR,SUCCESS,ATM
T0006255,A000432,2025-02-13 19:06:20.530779,Deposit,22597.03,INR,PENDING,Branch
T0006256,A001181,2026-02-06 17:52:43.530779,Transfer,26774.61,INR,FAILED,ATM
T0006257,A001096,2024-11-16 03:18:35.530779,Deposit,13254.97,INR,FAILED,ATM
T0006258,A000956,2024-10-11 04:40:09.530779,Payment,97524.12,INR,SUCCESS,Mobile
T0006259,A000797,2025-05-05 02:58:18.530779,Withdrawal,84942.28,INR,FAILED,ATM
T0006260,A000069,2024-12-23 00:19:16.530779,Deposit,53980.1,INR,FAILED,ATM
T0006261,A000490,2026-01-15 10:47:52.530779,Fee,194704.05,INR,FAILED,Mobile
T0006262,A000924,2026-04-04 09:15:51.530779,Interest,204278.93,INR,SUCCESS,ATM
T0006263,A000153,2025-09-29 17:44:23.530779,Payment,56795.2,INR,SUCCESS,Mobile
T0006264,A001213,2025-01-07 05:45:56.530779,Deposit,134035.02,INR,SUCCESS,Branch
T0006265,A000275,2025-04-06 16:42:29.530779,Transfer,206362.0,INR,SUCCESS,Mobile
T0006266,A000065,2026-05-23 18:24:32.530779,Interest,217635.9,INR,PENDING,Online
T0006267,A000780,2024-11-12 05:02:40.530779,Withdrawal,58195.53,INR,SUCCESS,ATM
T0006268,A000931,2024-10-27 13:23:43.530779,Interest,73775.8,INR,PENDING,Mobile
T0006269,A000328,2026-08-13 12:11:16.530779,Withdrawal,143982.09,INR,FAILED,ATM
T0006270,A001442,2025-10-27 11:41:12.530779,Interest,69714.73,INR,FAILED,Mobile
T0006271,A001233,2024-12-07 15:10:33.530779,Deposit,74294.0,INR,FAILED,Online
T0006272,A000693,2025-04-19 13:26:31.530779,Withdrawal,88814.4,INR,PENDING,ATM
T0006273,A000904,2025-03-01 06:51:26.530779,Withdrawal,247043.6,INR,FAILED,Branch
T0006274,A000787,2025-11-28 15:52:55.530779,Interest,211268.83,INR,SUCCESS,Branch
T0006275,A000799,2026-09-04 16:58:20.530779,Deposit,123303.39,INR,PENDING,Branch
T0006276,A000569,2026-05-14 23:51:40.530779,Transfer,248760.21,INR,FAILED,Mobile
T0006277,A001483,2025-02-13 10:08:32.530779,Withdrawal,173051.8,INR,FAILED,Branch
T0006278,A000751,2025-06-13 04:47:34.530779,Transfer,151111.67,INR,PENDING,Online
T0006279,A000470,2025-10-09 09:19:32.530779,Payment,20868.33,INR,PENDING,Branch
T0006280,A000388,2024-10-30 22:58:43.530779,Transfer,212633.31,INR,PENDING,Branch
T0006281,A000223,2025-05-05 01:56:41.530779,Payment,11692.21,INR,FAILED,Branch
T0006282,A001160,2025-09-06 07:58:08.530779,Fee,92693.26,INR,SUCCESS,Online
T0006283,A000574,2026-07-06 11:00:19.530779,Withdrawal,63841.43,INR,SUCCESS,ATM
T0006284,A000438,2024-10-13 08:56:09.530779,Interest,116381.13,INR,SUCCESS,Branch
T0006285,A001088,2026-04-04 00:24:11.530779,Fee,60316.26,INR,PENDING,ATM
T0006286,A001321,2025-09-15 17:43:49.530779,Withdrawal,106846.95,INR,FAILED,ATM
T0006287,A000919,2026-06-30 19:53:06.530779,Transfer,191405.46,INR,FAILED,Branch
T0006288,A000716,2025-06-13 04:16:15.530779,Interest,73182.86,INR,SUCCESS,Online
T0006289,A000788,2025-07-27 07:11:02.530779,Fee,41977.32,INR,FAILED,ATM
T0006290,A000524,2025-11-07 18:11:04.530779,Fee,244889.82,INR,PENDING,ATM
T0006291,A001071,2024-11-22 15:55:36.530779,Interest,218513.26,INR,FAILED,Mobile
T0006292,A000117,2025-08-11 07:53:48.530779,Fee,26837.39,INR,PENDING,Online
T0006293,A000900,2026-03-30 14:08:25.530779,Fee,168698.41,INR,PENDING,ATM
T0006294,A000221,2025-10-07 03:22:21.530779,Fee,225757.89,INR,PENDING,Mobile
T0006295,A000988,2025-07-07 14:27:22.530779,Deposit,161461.95,INR,PENDING,Mobile
T0006296,A000351,2026-01-08 11:40:11.530779,Withdrawal,109832.21,INR,SUCCESS,Online
T0006297,A001492,2024-09-28 04:46:38.530779,Fee,240339.51,INR,FAILED,Branch
T0006298,A000152,2025-04-03 11:00:47.530779,Fee,211829.9,INR,FAILED,Branch
T0006299,A000418,2024-11-15 12:45:48.530779,Withdrawal,10485.84,INR,PENDING,Mobile
T0006300,A000454,2025-10-10 02:12:26.530779,Interest,157838.89,INR,SUCCESS,ATM
T0006301,A000561,2025-08-05 14:15:37.530779,Deposit,155482.36,INR,FAILED,Mobile
T0006302,A001345,2026-09-17 19:58:40.530779,Transfer,17838.17,INR,SUCCESS,Mobile
T0006303,A000672,2025-12-01 17:22:52.530779,Fee,238244.99,INR,FAILED,Mobile
T0006304,A001212,2025-02-24 18:31:07.530779,Transfer,10046.66,INR,SUCCESS,Branch
T0006305,A000070,2024-12-08 06:19:56.530779,Withdrawal,237406.96,INR,FAILED,Online
T0006306,A000208,2026-06-15 16:10:25.530779,Fee,66193.23,INR,FAILED,Online
T0006307,A000976,2026-04-08 16:22:07.530779,Interest,58608.6,INR,SUCCESS,Online
T0006308,A000294,2025-11-20 20:13:22.530779,Payment,86324.57,INR,SUCCESS,Branch
T0006309,A000097,2025-08-02 14:29:39.530779,Deposit,10879.31,INR,FAILED,Branch
T0006310,A000106,2026-01-14 10:03:45.530779,Deposit,148641.54,INR,FAILED,Online
T0006311,A000442,2024-11-23 18:07:48.530779,Withdrawal,92661.36,INR,PENDING,Branch
T0006312,A001115,2025-10-15 02:01:36.530779,Deposit,94544.08,INR,SUCCESS,ATM
T0006313,A000084,2025-05-27 15:57:01.530779,Deposit,124956.85,INR,SUCCESS,Online
T0006314,A000288,2024-09-26 04:52:42.530779,Withdrawal,181252.91,INR,SUCCESS,Branch
T0006315,A001258,2026-04-16 07:22:21.530779,Deposit,79725.89,INR,PENDING,Online
T0006316,A001119,2025-01-22 02:13:12.530779,Deposit,183511.23,INR,PENDING,Mobile
T0006317,A000230,2025-06-22 20:50:18.530779,Deposit,195746.42,INR,FAILED,Branch
T0006318,A000977,2026-06-12 18:17:41.530779,Deposit,10012.56,INR,SUCCESS,ATM
T0006319,A000163,2026-06-10 10:31:50.530779,Deposit,197891.36,INR,FAILED,Mobile
T0006320,A000307,2025-03-22 19:46:07.530779,Interest,38037.01,INR,SUCCESS,Branch
T0006321,A001209,2025-06-10 04:20:55.530779,Transfer,126766.69,INR,FAILED,Online
T0006322,A000299,2025-12-07 15:40:11.530779,Deposit,15822.01,INR,FAILED,Online
T0006323,A000519,2025-02-26 11:19:34.530779,Transfer,196694.68,INR,PENDING,Branch
T0006324,A000074,2025-08-09 11:19:44.530779,Withdrawal,176556.71,INR,PENDING,Mobile
T0006325,A001359,2024-12-14 18:17:53.530779,Withdrawal,228991.96,INR,FAILED,Online
T0006326,A000708,2025-08-25 16:25:03.530779,Fee,209297.54,INR,FAILED,Online
T0006327,A000291,2025-03-13 10:08:52.530779,Transfer,162746.98,INR,SUCCESS,Branch
T0006328,A000768,2025-04-28 08:21:11.530779,Withdrawal,56863.61,INR,PENDING,Branch
T0006329,A000589,2026-06-26 11:05:33.530779,Fee,110713.75,INR,SUCCESS,Mobile
T0006330,A000317,2025-02-23 23:30:57.530779,Deposit,100214.92,INR,PENDING,Mobile
T0006331,A000267,2026-06-12 22:38:33.530779,Deposit,58852.94,INR,PENDING,Branch
T0006332,A001500,2025-12-24 14:54:51.530779,Payment,70090.64,INR,PENDING,Mobile
T0006333,A001002,2025-03-21 18:00:28.530779,Fee,2818.29,INR,SUCCESS,Online
T0006334,A001254,2024-11-03 10:19:32.530779,Payment,57674.78,INR,PENDING,Branch
T0006335,A000920,2025-11-21 13:40:47.530779,Payment,43741.21,INR,FAILED,Online
T0006336,A001453,2026-06-29 05:07:58.530779,Fee,212264.73,INR,PENDING,ATM
T0006337,A000144,2026-06-06 21:12:34.530779,Interest,10486.68,INR,PENDING,Branch
T0006338,A000610,2025-01-23 14:32:23.530779,Fee,81978.57,INR,FAILED,ATM
T0006339,A000543,2026-07-05 17:42:40.530779,Interest,76240.54,INR,FAILED,ATM
T0006340,A001469,2026-01-12 16:14:36.530779,Deposit,61354.83,INR,PENDING,Branch
T0006341,A000405,2025-01-11 11:58:28.530779,Transfer,41911.32,INR,PENDING,Mobile
T0006342,A001068,2026-07-02 05:46:58.530779,Payment,192461.3,INR,SUCCESS,Mobile
T0006343,A000873,2026-01-12 13:10:40.530779,Transfer,64338.95,INR,PENDING,ATM
T0006344,A000625,2025-01-29 17:37:11.530779,Fee,192633.96,INR,FAILED,Branch
T0006345,A000702,2026-08-26 10:32:48.530779,Interest,68856.76,INR,SUCCESS,Mobile
T0006346,A000319,2024-10-20 00:26:43.530779,Interest,25121.28,INR,FAILED,Mobile
T0006347,A000669,2025-10-18 14:33:53.530779,Fee,73541.99,INR,SUCCESS,Mobile
T0006348,A000510,2025-04-28 04:23:49.530779,Transfer,197386.69,INR,FAILED,Mobile
T0006349,A000794,2025-05-01 12:08:23.530779,Payment,128722.31,INR,SUCCESS,Mobile
T0006350,A000851,2026-03-10 21:13:33.530779,Transfer,192614.22,INR,PENDING,ATM
T0006351,A001300,2025-07-27 21:26:56.530779,Withdrawal,166168.29,INR,SUCCESS,Online
T0006352,A000477,2025-01-13 06:46:39.530779,Interest,116734.85,INR,FAILED,Online
T0006353,A000749,2026-06-08 02:16:07.530779,Interest,114287.45,INR,SUCCESS,Online
T0006354,A000236,2025-08-04 02:40:29.530779,Deposit,89098.26,INR,PENDING,Online
T0006355,A000315,2026-07-03 13:16:51.530779,Withdrawal,17376.48,INR,SUCCESS,ATM
T0006356,A000151,2025-03-03 19:24:39.530779,Deposit,89611.56,INR,FAILED,Branch
T0006357,A001182,2025-08-31 00:51:03.530779,Deposit,94155.58,INR,PENDING,Branch
T0006358,A000047,2026-07-04 12:41:33.530779,Transfer,221757.1,INR,PENDING,Mobile
T0006359,A000132,2025-01-21 12:55:25.530779,Deposit,163918.63,INR,PENDING,Online
T0006360,A001320,2024-11-22 00:32:13.530779,Fee,213754.24,INR,FAILED,Mobile
T0006361,A000285,2024-10-05 00:43:17.530779,Payment,122081.65,INR,SUCCESS,Online
T0006362,A000688,2026-08-14 13:05:06.530779,Payment,141508.42,INR,SUCCESS,Branch
T0006363,A001288,2026-07-10 14:28:06.530779,Withdrawal,138446.86,INR,PENDING,Mobile
T0006364,A000338,2025-10-16 06:37:34.530779,Payment,202482.12,INR,FAILED,Mobile
T0006365,A000206,2026-09-01 22:46:47.530779,Deposit,77418.03,INR,SUCCESS,Online
T0006366,A000469,2026-01-02 11:47:50.530779,Fee,125784.43,INR,FAILED,Online
T0006367,A000546,2025-06-29 03:23:22.530779,Withdrawal,108025.32,INR,FAILED,Mobile
T0006368,A000063,2026-05-19 07:27:57.530779,Payment,167598.68,INR,FAILED,Branch
T0006369,A000408,2025-01-12 09:40:13.530779,Fee,183452.3,INR,PENDING,Online
T0006370,A000616,2025-11-16 17:31:56.530779,Interest,181080.84,INR,PENDING,ATM
T0006371,A000729,2025-08-04 01:17:24.530779,Fee,71168.09,INR,FAILED,ATM
T0006372,A001196,2025-05-30 19:43:56.530779,Transfer,122193.47,INR,FAILED,Mobile
T0006373,A000992,2026-02-22 20:53:23.530779,Withdrawal,162957.48,INR,FAILED,Branch
T0006374,A001208,2026-04-20 19:40:01.530779,Fee,44709.12,INR,FAILED,ATM
T0006375,A000055,2025-09-08 10:10:24.530779,Interest,162842.1,INR,FAILED,Mobile
T0006376,A000020,2025-01-23 00:12:20.530779,Deposit,75121.66,INR,PENDING,Branch
T0006377,A000970,2025-01-19 03:24:59.530779,Payment,131733.81,INR,FAILED,ATM
T0006378,A001329,2025-04-21 20:01:54.530779,Deposit,180352.7,INR,FAILED,Branch
T0006379,A000883,2025-10-18 04:05:29.530779,Fee,44263.88,INR,SUCCESS,Mobile
T0006380,A000495,2026-04-23 11:45:00.530779,Interest,208776.47,INR,SUCCESS,Mobile
T0006381,A000720,2026-07-22 12:02:29.530779,Withdrawal,148752.08,INR,PENDING,Mobile
T0006382,A000820,2026-07-06 12:52:21.530779,Interest,51615.66,INR,FAILED,Mobile
T0006383,A000735,2025-01-06 05:49:35.530779,Withdrawal,77932.62,INR,PENDING,Branch
T0006384,A000453,2024-10-22 03:54:28.530779,Deposit,184548.6,INR,SUCCESS,Online
T0006385,A000250,2025-12-19 12:12:38.530779,Payment,59480.24,INR,SUCCESS,ATM
T0006386,A000843,2026-04-13 06:34:10.530779,Withdrawal,222914.19,INR,PENDING,Mobile
T0006387,A000178,2025-01-25 11:41:43.530779,Transfer,107242.18,INR,FAILED,ATM
T0006388,A001015,2025-05-03 19:34:13.530779,Fee,118951.69,INR,FAILED,Online
T0006389,A001402,2025-05-14 11:12:47.530779,Fee,54016.28,INR,PENDING,Online
T0006390,A000571,2024-11-16 12:09:55.530779,Fee,224161.16,INR,SUCCESS,ATM
T0006391,A001478,2025-12-07 05:13:11.530779,Payment,53309.86,INR,FAILED,ATM
T0006392,A000256,2025-04-11 06:47:14.530779,Payment,20703.24,INR,SUCCESS,Online
T0006393,A001263,2026-07-11 21:15:18.530779,Withdrawal,233340.72,INR,FAILED,Branch
T0006394,A000314,2026-04-14 10:06:23.530779,Interest,173691.3,INR,FAILED,ATM
T0006395,A000456,2025-01-03 10:52:45.530779,Payment,164361.7,INR,SUCCESS,Online
T0006396,A000901,2026-08-30 20:54:27.530779,Interest,236217.08,INR,SUCCESS,Branch
T0006397,A001215,2025-10-09 21:51:19.530779,Deposit,171048.48,INR,PENDING,Mobile
T0006398,A000811,2026-04-02 10:51:06.530779,Fee,82474.57,INR,FAILED,ATM
T0006399,A000585,2024-12-09 14:44:03.530779,Fee,59219.63,INR,SUCCESS,Online
T0006400,A000782,2024-12-18 11:04:27.530779,Interest,176907.25,INR,FAILED,ATM
T0006401,A000793,2024-10-19 05:37:26.530779,Interest,210773.52,INR,SUCCESS,Online
T0006402,A000021,2025-10-27 23:19:31.530779,Interest,61457.61,INR,FAILED,Mobile
T0006403,A001403,2025-03-12 07:50:08.530779,Transfer,184951.87,INR,PENDING,ATM
T0006404,A001218,2025-03-14 04:41:39.530779,Interest,22332.85,INR,FAILED,Branch
T0006405,A001424,2024-12-24 06:41:03.530779,Deposit,209146.26,INR,PENDING,Mobile
T0006406,A000897,2026-06-17 18:12:00.530779,Deposit,162031.49,INR,FAILED,ATM
T0006407,A000555,2026-08-18 11:07:40.530779,Transfer,230943.26,INR,SUCCESS,Online
T0006408,A001323,2024-09-24 16:19:49.530779,Transfer,195662.73,INR,PENDING,Branch
T0006409,A000596,2026-02-02 16:30:01.530779,Deposit,162098.37,INR,FAILED,Branch
T0006410,A001027,2025-09-09 03:04:48.530779,Withdrawal,24363.16,INR,SUCCESS,Mobile
T0006411,A000455,2025-03-18 12:47:13.530779,Withdrawal,176477.03,INR,SUCCESS,Online
T0006412,A000724,2025-08-26 16:03:33.530779,Payment,171906.55,INR,FAILED,Branch
T0006413,A000120,2024-11-16 15:55:48.530779,Withdrawal,206839.84,INR,FAILED,Online
T0006414,A000876,2025-12-31 13:19:47.530779,Payment,11248.28,INR,FAILED,ATM
T0006415,A000740,2024-10-09 18:12:06.530779,Interest,37080.92,INR,SUCCESS,Online
T0006416,A001263,2025-11-24 18:06:11.530779,Payment,93175.81,INR,PENDING,Mobile
T0006417,A000522,2025-02-06 13:27:52.530779,Payment,67858.69,INR,SUCCESS,ATM
T0006418,A001378,2024-11-24 06:00:21.530779,Transfer,3598.63,INR,FAILED,Mobile
T0006419,A001066,2026-04-25 15:18:06.530779,Transfer,128747.84,INR,SUCCESS,ATM
T0006420,A000103,2026-05-10 13:32:51.530779,Deposit,1435.89,INR,SUCCESS,Mobile
T0006421,A001000,2024-09-27 18:07:49.530779,Deposit,96930.66,INR,SUCCESS,Online
T0006422,A001456,2026-05-19 07:16:34.530779,Interest,145473.22,INR,PENDING,Mobile
T0006423,A001160,2026-01-21 02:23:11.530779,Deposit,126537.74,INR,PENDING,Mobile
T0006424,A001251,2026-04-15 03:16:50.530779,Fee,119520.91,INR,PENDING,Mobile
T0006425,A000681,2024-12-27 14:28:39.530779,Deposit,24421.95,INR,PENDING,Online
T0006426,A000936,2026-01-09 12:36:38.530779,Payment,186142.42,INR,SUCCESS,Online
T0006427,A001460,2026-03-06 15:07:22.530779,Payment,170950.24,INR,FAILED,Mobile
T0006428,A000269,2025-01-27 14:24:40.530779,Transfer,149315.68,INR,SUCCESS,ATM
T0006429,A001259,2025-01-29 18:18:03.530779,Withdrawal,42097.01,INR,SUCCESS,Branch
T0006430,A000165,2025-12-10 11:41:55.530779,Payment,237035.41,INR,SUCCESS,Online
T0006431,A001259,2025-04-19 02:28:02.530779,Payment,225227.6,INR,PENDING,Mobile
T0006432,A000668,2025-01-16 08:08:29.530779,Withdrawal,178326.92,INR,PENDING,Branch
T0006433,A000374,2026-08-13 14:57:56.530779,Transfer,85737.42,INR,SUCCESS,Branch
T0006434,A000129,2025-11-27 12:53:47.530779,Deposit,215355.55,INR,SUCCESS,ATM
T0006435,A001283,2025-12-11 14:51:41.530779,Transfer,27651.6,INR,SUCCESS,Online
T0006436,A000961,2025-12-30 05:36:02.530779,Deposit,191840.15,INR,FAILED,Mobile
T0006437,A001096,2025-11-17 05:41:49.530779,Deposit,217125.13,INR,SUCCESS,ATM
T0006438,A000684,2025-01-22 07:57:31.530779,Deposit,47038.59,INR,FAILED,Branch
T0006439,A000638,2024-10-02 16:39:53.530779,Fee,104012.92,INR,PENDING,Branch
T0006440,A000618,2025-08-19 15:39:43.530779,Interest,186250.86,INR,FAILED,ATM
T0006441,A001104,2025-07-28 08:38:19.530779,Withdrawal,28813.6,INR,FAILED,Mobile
T0006442,A001351,2026-06-11 19:44:07.530779,Withdrawal,26522.49,INR,SUCCESS,ATM
T0006443,A001113,2025-08-19 18:00:05.530779,Payment,239605.04,INR,FAILED,Online
T0006444,A000447,2025-09-14 01:32:38.530779,Deposit,85176.36,INR,SUCCESS,ATM
T0006445,A000765,2026-08-02 13:14:13.530779,Deposit,136410.9,INR,PENDING,Branch
T0006446,A001270,2025-08-16 14:39:09.530779,Fee,229946.94,INR,PENDING,Mobile
T0006447,A000546,2026-04-01 17:17:01.530779,Transfer,119881.9,INR,FAILED,Online
T0006448,A000178,2025-05-11 10:38:25.530779,Withdrawal,84931.99,INR,SUCCESS,Mobile
T0006449,A000053,2025-06-16 02:36:23.530779,Payment,92224.2,INR,FAILED,Mobile
T0006450,A000913,2026-06-07 22:01:50.530779,Payment,209734.6,INR,FAILED,Branch
T0006451,A000863,2025-02-27 00:58:52.530779,Payment,157980.12,INR,SUCCESS,Mobile
T0006452,A000903,2025-04-27 13:06:49.530779,Interest,121799.55,INR,FAILED,ATM
T0006453,A001401,2024-12-26 00:38:52.530779,Fee,63056.54,INR,PENDING,Branch
T0006454,A001065,2025-01-22 03:30:21.530779,Withdrawal,246564.11,INR,SUCCESS,Online
T0006455,A000073,2025-05-01 09:27:17.530779,Fee,183961.0,INR,FAILED,Mobile
T0006456,A000995,2026-01-21 03:33:22.530779,Withdrawal,171901.79,INR,SUCCESS,Online
T0006457,A001361,2025-04-24 02:19:55.530779,Deposit,109341.96,INR,FAILED,ATM
T0006458,A000198,2025-12-10 12:31:23.530779,Fee,233030.59,INR,FAILED,Branch
T0006459,A000957,2026-07-09 22:04:56.530779,Fee,137321.97,INR,FAILED,ATM
T0006460,A001443,2026-02-14 22:12:40.530779,Interest,122950.98,INR,PENDING,ATM
T0006461,A000978,2026-01-09 20:34:54.530779,Deposit,24828.5,INR,PENDING,Online
T0006462,A000602,2026-01-02 21:20:00.530779,Payment,16852.39,INR,PENDING,Online
T0006463,A001451,2025-10-09 20:52:14.530779,Withdrawal,199999.6,INR,PENDING,ATM
T0006464,A001104,2024-12-27 00:11:04.530779,Interest,240689.52,INR,PENDING,Mobile
T0006465,A001374,2025-02-03 17:23:06.530779,Fee,240543.59,INR,FAILED,Branch
T0006466,A001171,2026-03-29 21:30:32.530779,Fee,75487.39,INR,SUCCESS,Online
T0006467,A000790,2025-05-12 06:14:52.530779,Transfer,15211.59,INR,SUCCESS,Online
T0006468,A000536,2025-08-10 04:31:10.530779,Deposit,24250.37,INR,SUCCESS,Online
T0006469,A000766,2025-12-17 14:14:51.530779,Deposit,249613.5,INR,SUCCESS,Mobile
T0006470,A001153,2025-08-31 05:54:07.530779,Transfer,150087.23,INR,FAILED,Branch
T0006471,A001459,2024-11-13 08:29:03.530779,Interest,188307.6,INR,FAILED,Online
T0006472,A000554,2024-10-21 19:05:16.530779,Interest,169959.73,INR,SUCCESS,Branch
T0006473,A000650,2024-11-14 10:23:20.530779,Withdrawal,130424.93,INR,FAILED,Branch
T0006474,A000294,2025-11-01 01:58:21.530779,Interest,187787.45,INR,FAILED,Branch
T0006475,A000312,2026-02-04 13:08:46.530779,Deposit,237463.98,INR,SUCCESS,ATM
T0006476,A000658,2025-07-24 22:24:14.530779,Payment,187679.48,INR,FAILED,Mobile
T0006477,A000405,2025-01-21 11:58:12.530779,Interest,229041.46,INR,PENDING,Mobile
T0006478,A001144,2026-08-21 10:30:13.530779,Interest,144137.73,INR,PENDING,ATM
T0006479,A000366,2025-05-28 01:50:46.530779,Deposit,8068.32,INR,FAILED,Online
T0006480,A000061,2025-08-05 01:10:01.530779,Withdrawal,69988.84,INR,PENDING,Branch
T0006481,A000829,2024-10-22 07:15:15.530779,Interest,62956.95,INR,SUCCESS,Branch
T0006482,A000159,2025-06-01 07:21:23.530779,Withdrawal,74805.25,INR,PENDING,Mobile
T0006483,A000599,2025-08-04 01:42:30.530779,Interest,110012.96,INR,PENDING,Branch
T0006484,A000154,2025-10-27 05:20:37.530779,Payment,195937.69,INR,FAILED,ATM
T0006485,A001249,2025-02-11 22:47:45.530779,Withdrawal,24726.68,INR,SUCCESS,Branch
T0006486,A000548,2025-02-06 17:28:41.530779,Fee,191761.46,INR,SUCCESS,ATM
T0006487,A000691,2024-12-17 16:54:38.530779,Deposit,183036.89,INR,FAILED,Branch
T0006488,A000461,2025-05-19 02:20:54.530779,Withdrawal,68537.41,INR,SUCCESS,ATM
T0006489,A000165,2026-05-13 13:36:35.530779,Fee,225093.64,INR,PENDING,ATM
T0006490,A000812,2024-12-23 21:39:02.530779,Payment,43007.82,INR,SUCCESS,ATM
T0006491,A000106,2025-09-14 17:03:34.530779,Payment,79171.85,INR,PENDING,Branch
T0006492,A000334,2026-02-21 15:17:56.530779,Withdrawal,110480.91,INR,FAILED,Branch
T0006493,A001385,2026-01-06 02:56:37.530779,Payment,30832.25,INR,SUCCESS,Mobile
T0006494,A001240,2026-08-31 23:18:13.530779,Deposit,123214.3,INR,PENDING,Branch
T0006495,A001305,2024-09-21 17:14:59.530779,Deposit,460.91,INR,SUCCESS,Branch
T0006496,A000330,2026-05-04 14:51:45.530779,Interest,69234.37,INR,FAILED,Mobile
T0006497,A000595,2025-12-17 17:50:37.530779,Withdrawal,119.48,INR,SUCCESS,Mobile
T0006498,A001018,2026-06-02 19:16:32.530779,Fee,159318.0,INR,SUCCESS,Branch
T0006499,A000698,2025-07-10 14:51:11.530779,Fee,76948.44,INR,PENDING,Online
T0006500,A000850,2026-07-26 19:06:31.530779,Fee,161419.0,INR,FAILED,Branch
T0006501,A001234,2026-09-03 09:19:22.530779,Interest,48433.26,INR,SUCCESS,Online
T0006502,A000290,2025-04-22 20:35:38.530779,Withdrawal,94584.17,INR,FAILED,Branch
T0006503,A001403,2024-10-16 23:01:42.530779,Withdrawal,117662.33,INR,FAILED,Branch
T0006504,A000588,2026-03-18 12:49:44.530779,Transfer,121079.46,INR,PENDING,Branch
T0006505,A000009,2025-08-18 07:14:02.530779,Fee,35913.61,INR,PENDING,Branch
T0006506,A000037,2025-07-11 06:53:50.530779,Fee,27994.99,INR,SUCCESS,Mobile
T0006507,A000944,2025-03-16 12:01:37.530779,Transfer,4862.81,INR,SUCCESS,Mobile
T0006508,A000806,2025-03-06 14:46:40.530779,Transfer,188140.9,INR,PENDING,ATM
T0006509,A000576,2024-09-23 20:15:17.530779,Transfer,92530.06,INR,PENDING,Branch
T0006510,A000587,2025-05-15 02:59:55.530779,Fee,37757.92,INR,FAILED,Branch
T0006511,A001347,2025-03-20 04:43:34.530779,Transfer,122878.91,INR,FAILED,Online
T0006512,A000312,2025-04-14 19:39:06.530779,Interest,241698.77,INR,SUCCESS,Branch
T0006513,A000101,2024-11-30 01:38:42.530779,Withdrawal,63841.42,INR,PENDING,Branch
T0006514,A001289,2025-06-26 03:33:03.530779,Payment,163845.13,INR,SUCCESS,Branch
T0006515,A001236,2026-06-09 16:50:41.530779,Withdrawal,164543.58,INR,PENDING,Mobile
T0006516,A000504,2026-06-09 06:49:21.530779,Fee,49003.33,INR,SUCCESS,Branch
T0006517,A001050,2025-12-03 19:35:47.530779,Withdrawal,137969.88,INR,FAILED,Mobile
T0006518,A000252,2025-09-08 18:05:48.530779,Payment,52677.36,INR,PENDING,Branch
T0006519,A000776,2026-03-25 03:09:39.530779,Transfer,45216.38,INR,SUCCESS,Mobile
T0006520,A001006,2025-08-26 00:46:53.530779,Interest,150842.2,INR,PENDING,Mobile
T0006521,A001005,2026-01-24 19:12:52.530779,Withdrawal,183215.42,INR,FAILED,Mobile
T0006522,A001237,2025-01-14 20:32:15.530779,Fee,6363.89,INR,PENDING,ATM
T0006523,A000063,2026-05-24 14:08:01.530779,Interest,49322.92,INR,SUCCESS,ATM
T0006524,A001264,2025-03-19 21:03:55.530779,Interest,87782.13,INR,PENDING,Branch
T0006525,A001474,2026-01-07 05:02:05.530779,Withdrawal,102140.58,INR,PENDING,Branch
T0006526,A000181,2025-03-28 18:53:36.530779,Deposit,112435.89,INR,FAILED,Branch
T0006527,A000847,2025-12-18 19:01:40.530779,Payment,167705.1,INR,SUCCESS,Branch
T0006528,A000139,2024-12-06 18:49:36.530779,Fee,11447.19,INR,PENDING,Branch
T0006529,A001027,2025-06-18 15:05:32.530779,Fee,223685.19,INR,SUCCESS,Mobile
T0006530,A000442,2024-10-23 12:35:34.530779,Interest,121528.32,INR,SUCCESS,Branch
T0006531,A000288,2025-02-28 08:45:37.530779,Payment,29425.43,INR,PENDING,Mobile
T0006532,A000573,2025-05-25 04:56:32.530779,Fee,173261.22,INR,FAILED,Mobile
T0006533,A000223,2025-10-23 12:10:44.530779,Fee,134182.84,INR,PENDING,Online
T0006534,A000838,2026-06-10 18:57:47.530779,Payment,20357.39,INR,SUCCESS,ATM
T0006535,A000488,2024-10-11 14:00:02.530779,Transfer,242938.85,INR,SUCCESS,ATM
T0006536,A000418,2026-01-11 14:06:01.530779,Fee,137728.05,INR,FAILED,Mobile
T0006537,A000662,2025-10-31 18:29:07.530779,Deposit,2910.19,INR,SUCCESS,ATM
T0006538,A001328,2025-05-10 17:55:45.530779,Interest,173670.56,INR,PENDING,Online
T0006539,A001274,2024-10-17 20:30:28.530779,Fee,228250.72,INR,FAILED,Branch
T0006540,A000330,2026-08-24 20:07:32.530779,Interest,243982.63,INR,PENDING,ATM
T0006541,A000670,2026-08-27 00:01:36.530779,Deposit,217821.23,INR,PENDING,Online
T0006542,A000957,2025-08-03 17:45:03.530779,Interest,55949.84,INR,PENDING,Branch
T0006543,A000463,2025-10-08 09:22:36.530779,Transfer,237832.51,INR,FAILED,Mobile
T0006544,A001267,2025-10-15 10:07:17.530779,Fee,97998.65,INR,PENDING,Online
T0006545,A001478,2026-02-01 17:36:51.530779,Fee,151339.67,INR,FAILED,Branch
T0006546,A000330,2025-02-12 04:52:20.530779,Withdrawal,174438.71,INR,FAILED,Branch
T0006547,A000664,2026-08-12 02:30:30.530779,Withdrawal,59311.98,INR,SUCCESS,Online
T0006548,A000023,2025-02-18 17:30:58.530779,Withdrawal,115107.58,INR,FAILED,Online
T0006549,A001253,2026-01-20 14:42:06.530779,Payment,191019.74,INR,PENDING,Branch
T0006550,A000499,2026-08-31 19:55:38.530779,Fee,173000.74,INR,FAILED,Online
T0006551,A000493,2025-06-05 12:28:34.530779,Fee,94397.09,INR,PENDING,Online
T0006552,A001057,2025-01-17 15:15:40.530779,Deposit,38820.54,INR,SUCCESS,Branch
T0006553,A000112,2025-09-04 23:39:43.530779,Deposit,100695.51,INR,PENDING,Online
T0006554,A001085,2025-09-11 12:45:10.530779,Transfer,231992.69,INR,SUCCESS,Mobile
T0006555,A000525,2025-02-14 08:50:09.530779,Transfer,89044.9,INR,FAILED,ATM
T0006556,A000372,2025-03-26 07:09:08.530779,Withdrawal,24069.54,INR,PENDING,ATM
T0006557,A000389,2025-07-03 02:29:04.530779,Fee,200443.97,INR,PENDING,ATM
T0006558,A000916,2026-07-23 02:32:17.530779,Payment,141045.8,INR,SUCCESS,Mobile
T0006559,A001130,2024-11-12 08:06:41.530779,Deposit,79276.18,INR,PENDING,ATM
T0006560,A000987,2026-05-14 00:56:36.530779,Deposit,87371.75,INR,PENDING,Branch
T0006561,A001451,2026-05-25 12:52:34.530779,Deposit,3353.44,INR,FAILED,Mobile
T0006562,A001333,2025-11-15 03:30:21.530779,Deposit,201976.49,INR,PENDING,Branch
T0006563,A001444,2025-07-15 00:55:23.530779,Fee,162067.07,INR,SUCCESS,Branch
T0006564,A001407,2025-04-03 00:20:04.530779,Payment,144518.86,INR,PENDING,Mobile
T0006565,A000142,2026-03-17 04:43:05.530779,Transfer,78561.09,INR,PENDING,Branch
T0006566,A001234,2026-03-05 20:39:20.530779,Fee,222210.41,INR,FAILED,Mobile
T0006567,A000481,2026-02-19 20:24:39.530779,Deposit,195225.27,INR,SUCCESS,ATM
T0006568,A000296,2024-11-16 12:33:31.530779,Deposit,125664.37,INR,SUCCESS,ATM
T0006569,A001147,2025-10-17 01:19:45.530779,Withdrawal,186037.39,INR,PENDING,Online
T0006570,A000837,2025-02-20 23:11:24.530779,Deposit,65742.18,INR,PENDING,ATM
T0006571,A000863,2026-03-14 20:04:56.530779,Transfer,65934.78,INR,PENDING,Online
T0006572,A000558,2026-04-04 09:19:33.530779,Deposit,148599.56,INR,SUCCESS,Branch
T0006573,A000941,2025-09-16 10:38:15.530779,Deposit,155589.21,INR,SUCCESS,Branch
T0006574,A001408,2026-07-08 01:18:07.530779,Transfer,63446.57,INR,FAILED,ATM
T0006575,A000076,2026-03-16 16:36:41.530779,Transfer,99837.74,INR,SUCCESS,Mobile
T0006576,A000761,2024-10-18 01:09:04.530779,Payment,249147.41,INR,PENDING,ATM
T0006577,A000802,2025-06-25 22:13:35.530779,Deposit,90241.78,INR,SUCCESS,Mobile
T0006578,A000686,2026-08-09 07:28:54.530779,Deposit,104320.76,INR,PENDING,ATM
T0006579,A000114,2025-10-10 15:11:08.530779,Transfer,7370.53,INR,FAILED,Online
T0006580,A001319,2026-02-25 12:33:52.530779,Transfer,174088.72,INR,FAILED,ATM
T0006581,A001177,2026-01-29 19:00:39.530779,Withdrawal,206537.39,INR,FAILED,Mobile
T0006582,A001233,2026-05-10 02:55:56.530779,Transfer,121929.71,INR,SUCCESS,Branch
T0006583,A001216,2025-02-22 20:04:16.530779,Deposit,176264.93,INR,FAILED,Mobile
T0006584,A001499,2024-12-13 20:03:20.530779,Payment,202026.02,INR,SUCCESS,Online
T0006585,A000934,2024-10-17 04:27:24.530779,Payment,226639.0,INR,FAILED,Branch
T0006586,A000384,2024-12-01 10:39:38.530779,Transfer,168926.52,INR,SUCCESS,Mobile
T0006587,A000153,2024-12-11 03:05:45.530779,Interest,145263.72,INR,SUCCESS,Branch
T0006588,A001380,2026-07-15 14:35:40.530779,Withdrawal,58715.03,INR,FAILED,Mobile
T0006589,A000224,2026-06-29 19:32:04.530779,Withdrawal,237099.36,INR,SUCCESS,Online
T0006590,A000499,2026-06-08 18:59:22.530779,Deposit,249175.49,INR,FAILED,Mobile
T0006591,A001094,2025-06-02 17:17:51.530779,Deposit,51900.56,INR,FAILED,Mobile
T0006592,A001055,2025-04-08 06:00:26.530779,Payment,66140.87,INR,SUCCESS,ATM
T0006593,A000827,2025-11-20 11:04:33.530779,Fee,98232.24,INR,PENDING,Online
T0006594,A001135,2026-07-26 11:34:38.530779,Deposit,7940.47,INR,PENDING,ATM
T0006595,A001347,2026-04-12 20:23:32.530779,Transfer,230194.23,INR,PENDING,Mobile
T0006596,A000671,2026-03-31 03:38:48.530779,Payment,208060.08,INR,SUCCESS,Online
T0006597,A000453,2025-08-07 09:14:36.530779,Interest,135920.26,INR,PENDING,ATM
T0006598,A000219,2025-12-28 19:06:23.530779,Fee,158962.8,INR,FAILED,Branch
T0006599,A001269,2026-06-17 09:23:44.530779,Interest,229944.28,INR,FAILED,Online
T0006600,A000234,2025-09-10 22:32:03.530779,Transfer,67847.86,INR,FAILED,Online
T0006601,A001217,2026-05-23 23:22:46.530779,Transfer,63208.97,INR,FAILED,Online
T0006602,A000833,2024-10-25 23:33:53.530779,Transfer,103814.99,INR,SUCCESS,Branch
T0006603,A001099,2025-10-25 15:01:09.530779,Fee,90572.72,INR,FAILED,ATM
T0006604,A001403,2025-05-18 22:30:17.530779,Payment,55036.01,INR,FAILED,Branch
T0006605,A001238,2025-12-07 12:33:26.530779,Fee,222373.67,INR,PENDING,Online
T0006606,A000565,2025-03-11 07:45:12.530779,Transfer,230695.95,INR,SUCCESS,Mobile
T0006607,A000877,2026-04-17 03:09:11.530779,Withdrawal,46218.82,INR,FAILED,ATM
T0006608,A001258,2026-02-24 10:42:21.530779,Interest,27018.56,INR,PENDING,Branch
T0006609,A000789,2024-12-28 10:47:26.530779,Withdrawal,137211.9,INR,SUCCESS,Branch
T0006610,A001101,2025-05-01 11:37:53.530779,Deposit,164835.77,INR,SUCCESS,Mobile
T0006611,A000739,2024-12-17 23:23:44.530779,Deposit,157524.06,INR,SUCCESS,Mobile
T0006612,A000233,2025-09-08 15:07:13.530779,Deposit,236565.52,INR,SUCCESS,Mobile
T0006613,A000593,2026-01-29 17:52:46.530779,Payment,46996.15,INR,FAILED,Branch
T0006614,A000913,2026-05-04 06:23:56.530779,Withdrawal,187061.81,INR,SUCCESS,Online
T0006615,A000156,2026-01-27 13:16:26.530779,Fee,174763.59,INR,FAILED,Mobile
T0006616,A001070,2025-03-13 12:02:07.530779,Fee,85347.17,INR,PENDING,ATM
T0006617,A000247,2026-07-29 06:36:09.530779,Withdrawal,158683.98,INR,FAILED,Branch
T0006618,A001081,2025-07-27 23:58:45.530779,Payment,76930.48,INR,FAILED,Online
T0006619,A001250,2025-12-26 06:32:24.530779,Payment,37955.41,INR,PENDING,Branch
T0006620,A000712,2025-01-04 17:09:50.530779,Payment,85453.07,INR,FAILED,Online
T0006621,A001038,2025-10-19 03:58:10.530779,Withdrawal,185219.47,INR,FAILED,Mobile
T0006622,A000177,2025-08-22 03:57:20.530779,Fee,9491.41,INR,FAILED,ATM
T0006623,A000160,2025-08-27 10:50:00.530779,Fee,224485.59,INR,PENDING,Mobile
T0006624,A000756,2025-07-13 03:13:58.530779,Withdrawal,128516.59,INR,FAILED,Mobile
T0006625,A000515,2025-08-04 19:21:01.530779,Deposit,16761.52,INR,FAILED,Online
T0006626,A000099,2026-08-07 15:51:53.530779,Interest,166908.18,INR,FAILED,Online
T0006627,A000667,2025-07-28 10:34:04.530779,Withdrawal,249832.7,INR,FAILED,ATM
T0006628,A000198,2025-03-22 00:09:35.530779,Transfer,95354.36,INR,SUCCESS,ATM
T0006629,A000778,2025-12-09 03:24:14.530779,Interest,236280.73,INR,SUCCESS,ATM
T0006630,A000385,2026-01-18 07:43:36.530779,Payment,106422.27,INR,PENDING,ATM
T0006631,A000182,2024-09-27 21:58:10.530779,Withdrawal,66855.72,INR,PENDING,Branch
T0006632,A000032,2026-02-20 01:56:02.530779,Fee,1541.06,INR,SUCCESS,ATM
T0006633,A000210,2026-01-26 22:48:59.530779,Interest,239268.08,INR,FAILED,Online
T0006634,A000735,2025-08-05 20:39:03.530779,Deposit,70015.49,INR,PENDING,ATM
T0006635,A000388,2025-08-20 18:48:23.530779,Fee,121635.48,INR,SUCCESS,Branch
T0006636,A000957,2026-04-05 00:45:00.530779,Withdrawal,148732.31,INR,FAILED,Online
T0006637,A001096,2026-03-03 01:14:07.530779,Transfer,60386.81,INR,PENDING,Online
T0006638,A000637,2025-10-16 19:07:19.530779,Fee,35066.22,INR,FAILED,Mobile
T0006639,A000048,2025-04-08 23:10:22.530779,Fee,151074.96,INR,FAILED,Online
T0006640,A000565,2025-08-05 13:27:09.530779,Transfer,85162.26,INR,SUCCESS,Online
T0006641,A000774,2026-07-29 23:40:43.530779,Interest,744.85,INR,FAILED,Online
T0006642,A001259,2026-08-11 21:38:46.530779,Deposit,127955.38,INR,PENDING,Branch
T0006643,A000109,2025-05-14 07:06:41.530779,Deposit,44419.83,INR,PENDING,Branch
T0006644,A000936,2025-05-22 04:28:45.530779,Withdrawal,41665.27,INR,FAILED,Mobile
T0006645,A000664,2025-11-30 21:45:06.530779,Deposit,65503.79,INR,SUCCESS,Mobile
T0006646,A000092,2026-07-16 13:28:37.530779,Transfer,146325.95,INR,FAILED,Branch
T0006647,A000432,2025-05-17 12:24:50.530779,Transfer,210853.88,INR,SUCCESS,Branch
T0006648,A000533,2026-07-24 12:45:24.530779,Fee,51587.13,INR,FAILED,Mobile
T0006649,A000389,2026-04-19 16:28:37.530779,Transfer,210882.9,INR,SUCCESS,Mobile
T0006650,A000711,2026-08-14 23:24:27.530779,Fee,146892.67,INR,FAILED,Mobile
T0006651,A001298,2025-11-24 01:35:09.530779,Payment,206009.77,INR,PENDING,Online
T0006652,A001275,2026-06-06 19:52:43.530779,Interest,114652.06,INR,FAILED,ATM
T0006653,A000184,2024-10-01 10:52:15.530779,Transfer,163715.82,INR,SUCCESS,Online
T0006654,A000187,2025-10-21 10:01:21.530779,Deposit,152041.86,INR,SUCCESS,Mobile
T0006655,A000860,2025-12-08 12:47:52.530779,Transfer,179324.63,INR,PENDING,Mobile
T0006656,A000591,2026-09-04 12:33:43.530779,Withdrawal,107061.61,INR,SUCCESS,Branch
T0006657,A001323,2025-01-28 19:05:26.530779,Fee,164755.96,INR,SUCCESS,Mobile
T0006658,A000418,2026-03-07 08:53:11.530779,Transfer,212749.09,INR,PENDING,Mobile
T0006659,A001223,2026-03-24 22:57:33.530779,Transfer,230956.25,INR,FAILED,ATM
T0006660,A000343,2026-04-18 20:00:31.530779,Withdrawal,81577.08,INR,PENDING,Branch
T0006661,A000660,2025-07-02 17:07:44.530779,Withdrawal,149162.07,INR,PENDING,Branch
T0006662,A000816,2026-01-02 12:22:03.530779,Transfer,78739.69,INR,SUCCESS,ATM
T0006663,A001098,2025-12-10 06:46:41.530779,Withdrawal,107096.64,INR,FAILED,Branch
T0006664,A000120,2025-09-10 15:57:40.530779,Withdrawal,20163.06,INR,SUCCESS,Online
T0006665,A001285,2025-03-10 04:04:32.530779,Deposit,61422.6,INR,PENDING,Branch
T0006666,A001313,2025-09-19 07:04:58.530779,Interest,196312.65,INR,SUCCESS,Online
T0006667,A001048,2025-07-25 09:53:14.530779,Withdrawal,206149.1,INR,FAILED,ATM
T0006668,A000930,2026-08-13 11:30:01.530779,Transfer,141018.1,INR,PENDING,Mobile
T0006669,A001066,2026-06-15 14:54:03.530779,Withdrawal,140525.75,INR,SUCCESS,ATM
T0006670,A000587,2025-02-21 12:57:37.530779,Withdrawal,9075.88,INR,SUCCESS,ATM
T0006671,A000696,2026-08-26 08:29:28.530779,Withdrawal,241121.7,INR,FAILED,Online
T0006672,A001394,2026-02-03 06:33:14.530779,Transfer,197459.39,INR,FAILED,Online
T0006673,A001483,2025-12-06 18:49:10.530779,Fee,160116.06,INR,PENDING,Mobile
T0006674,A000209,2025-06-08 16:32:57.530779,Transfer,119008.53,INR,FAILED,Branch
T0006675,A001118,2025-01-05 00:03:17.530779,Deposit,166149.24,INR,SUCCESS,Online
T0006676,A000333,2025-04-26 00:10:00.530779,Withdrawal,222549.68,INR,PENDING,Mobile
T0006677,A000693,2025-04-22 20:37:25.530779,Transfer,26741.71,INR,SUCCESS,Branch
T0006678,A000460,2026-05-23 18:04:17.530779,Withdrawal,47838.35,INR,PENDING,ATM
T0006679,A000537,2025-06-12 03:01:24.530779,Withdrawal,233876.19,INR,FAILED,Mobile
T0006680,A000845,2026-06-24 04:16:25.530779,Interest,249784.48,INR,SUCCESS,Online
T0006681,A000655,2025-07-19 09:02:38.530779,Withdrawal,227133.53,INR,SUCCESS,ATM
T0006682,A000547,2026-07-13 00:45:09.530779,Transfer,31246.6,INR,PENDING,Branch
T0006683,A000903,2026-02-02 19:13:10.530779,Payment,137657.19,INR,SUCCESS,Online
T0006684,A001309,2026-08-16 03:58:04.530779,Transfer,190412.77,INR,SUCCESS,Mobile
T0006685,A001100,2025-03-21 14:49:11.530779,Transfer,46632.12,INR,SUCCESS,Branch
T0006686,A000728,2025-04-02 11:43:27.530779,Transfer,103688.79,INR,PENDING,Online
T0006687,A001469,2025-04-20 06:25:44.530779,Payment,205629.94,INR,PENDING,Mobile
T0006688,A000699,2024-12-17 00:42:25.530779,Payment,20807.82,INR,FAILED,Mobile
T0006689,A001441,2025-03-19 06:43:12.530779,Fee,25139.16,INR,FAILED,ATM
T0006690,A000930,2025-09-01 04:26:26.530779,Fee,182422.04,INR,FAILED,Mobile
T0006691,A000014,2026-06-27 13:17:57.530779,Withdrawal,219722.66,INR,FAILED,Branch
T0006692,A001385,2025-07-08 00:13:35.530779,Fee,58257.52,INR,PENDING,Branch
T0006693,A000161,2026-02-23 21:31:50.530779,Fee,181092.29,INR,SUCCESS,Branch
T0006694,A000895,2026-09-02 19:50:34.530779,Payment,234504.08,INR,FAILED,Mobile
T0006695,A000222,2026-08-04 18:31:46.530779,Fee,249547.61,INR,SUCCESS,ATM
T0006696,A000559,2026-04-18 16:10:54.530779,Payment,29515.69,INR,SUCCESS,Online
T0006697,A000074,2026-05-24 23:44:55.530779,Withdrawal,72339.29,INR,FAILED,ATM
T0006698,A000670,2025-01-13 17:25:52.530779,Fee,190155.6,INR,SUCCESS,Branch
T0006699,A000419,2025-04-23 11:33:42.530779,Withdrawal,41538.51,INR,FAILED,Online
T0006700,A001215,2025-01-31 17:48:16.530779,Fee,100517.97,INR,FAILED,Branch
T0006701,A001105,2026-03-19 12:51:47.530779,Interest,67218.8,INR,SUCCESS,Online
T0006702,A000138,2025-10-19 05:18:41.530779,Deposit,178126.46,INR,PENDING,Branch
T0006703,A000625,2025-09-18 02:29:45.530779,Interest,153976.64,INR,FAILED,Mobile
T0006704,A000745,2026-06-10 14:05:11.530779,Interest,197630.73,INR,PENDING,Mobile
T0006705,A000697,2024-12-09 00:05:31.530779,Transfer,109792.95,INR,SUCCESS,Online
T0006706,A001355,2025-04-17 01:25:58.530779,Withdrawal,115291.12,INR,PENDING,Branch
T0006707,A001290,2024-11-01 19:43:01.530779,Fee,247423.3,INR,FAILED,Branch
T0006708,A001245,2026-06-06 15:51:46.530779,Withdrawal,247165.46,INR,PENDING,ATM
T0006709,A000330,2025-04-16 08:44:39.530779,Withdrawal,25046.63,INR,PENDING,ATM
T0006710,A000208,2025-08-27 05:30:42.530779,Withdrawal,86469.58,INR,PENDING,Branch
T0006711,A000285,2024-11-05 14:52:33.530779,Interest,242236.53,INR,SUCCESS,Online
T0006712,A001397,2026-04-07 01:02:58.530779,Transfer,12033.02,INR,PENDING,Online
T0006713,A000619,2025-08-10 03:56:54.530779,Interest,26046.69,INR,SUCCESS,ATM
T0006714,A000715,2024-11-20 19:45:29.530779,Deposit,166341.84,INR,PENDING,Mobile
T0006715,A000982,2026-08-11 09:07:21.530779,Interest,68262.29,INR,SUCCESS,Branch
T0006716,A000522,2025-05-02 14:31:32.530779,Deposit,222264.13,INR,SUCCESS,Branch
T0006717,A000278,2025-07-27 15:53:40.530779,Transfer,173053.2,INR,PENDING,Mobile
T0006718,A000366,2026-09-06 20:21:37.530779,Transfer,85208.93,INR,PENDING,Branch
T0006719,A000260,2024-10-03 09:57:35.530779,Transfer,6639.25,INR,SUCCESS,Branch
T0006720,A000567,2025-07-06 22:20:02.530779,Withdrawal,91916.23,INR,SUCCESS,Branch
T0006721,A000692,2026-03-14 23:08:37.530779,Interest,46517.51,INR,FAILED,Mobile
T0006722,A000201,2024-10-09 20:07:25.530779,Fee,161914.32,INR,SUCCESS,Mobile
T0006723,A000787,2025-02-23 10:35:39.530779,Payment,30820.13,INR,FAILED,Mobile
T0006724,A001240,2026-03-23 00:51:13.530779,Payment,500.12,INR,SUCCESS,Branch
T0006725,A001244,2026-05-13 23:59:11.530779,Payment,168552.22,INR,FAILED,Online
T0006726,A001276,2026-08-23 11:00:46.530779,Deposit,18792.81,INR,FAILED,Mobile
T0006727,A000901,2025-05-19 03:41:59.530779,Deposit,33905.27,INR,FAILED,Mobile
T0006728,A001226,2025-05-22 17:35:31.530779,Payment,525.88,INR,FAILED,Online
T0006729,A000483,2025-08-01 22:59:30.530779,Payment,190859.46,INR,FAILED,Branch
T0006730,A000407,2025-03-23 12:49:12.530779,Payment,21695.52,INR,SUCCESS,Online
T0006731,A000663,2026-08-22 03:36:40.530779,Withdrawal,60107.58,INR,SUCCESS,Online
T0006732,A000690,2025-04-12 06:12:51.530779,Payment,143888.42,INR,FAILED,ATM
T0006733,A000138,2025-12-19 08:34:59.530779,Withdrawal,230997.52,INR,SUCCESS,Online
T0006734,A000188,2024-12-31 12:25:09.530779,Fee,103699.46,INR,SUCCESS,ATM
T0006735,A000324,2026-03-26 10:23:35.530779,Withdrawal,103121.93,INR,FAILED,Mobile
T0006736,A000620,2024-12-17 12:49:33.530779,Withdrawal,4502.68,INR,PENDING,Online
T0006737,A001338,2025-04-19 22:48:17.530779,Transfer,172886.0,INR,SUCCESS,Mobile
T0006738,A000781,2024-12-06 12:22:58.530779,Interest,85720.05,INR,PENDING,Branch
T0006739,A000181,2025-12-06 17:29:34.530779,Withdrawal,100294.73,INR,FAILED,Mobile
T0006740,A000618,2025-08-22 02:28:05.530779,Transfer,42274.22,INR,PENDING,Mobile
T0006741,A000666,2025-04-25 04:29:50.530779,Interest,54162.45,INR,FAILED,ATM
T0006742,A000916,2025-03-30 21:06:49.530779,Fee,142074.71,INR,PENDING,ATM
T0006743,A000728,2026-05-23 14:13:23.530779,Payment,114073.34,INR,PENDING,Mobile
T0006744,A000710,2026-07-08 07:28:58.530779,Withdrawal,29909.33,INR,PENDING,Branch
T0006745,A000603,2024-09-20 13:32:23.530779,Deposit,238654.52,INR,FAILED,Online
T0006746,A001418,2025-02-14 06:34:31.530779,Interest,160201.21,INR,FAILED,ATM
T0006747,A000632,2024-10-31 05:05:35.530779,Transfer,244991.82,INR,PENDING,Mobile
T0006748,A000685,2024-09-28 15:54:21.530779,Deposit,26852.13,INR,SUCCESS,Mobile
T0006749,A000043,2026-02-11 22:31:36.530779,Withdrawal,162720.28,INR,PENDING,Online
T0006750,A000034,2025-06-05 03:09:01.530779,Interest,86628.25,INR,FAILED,Branch
T0006751,A000610,2025-04-13 14:28:51.530779,Withdrawal,116168.32,INR,SUCCESS,Online
T0006752,A000536,2025-03-30 14:13:09.530779,Interest,78391.59,INR,FAILED,Mobile
T0006753,A000857,2025-10-21 17:08:24.530779,Fee,162003.54,INR,FAILED,Branch
T0006754,A000627,2026-01-23 23:25:36.530779,Payment,119887.68,INR,SUCCESS,Branch
T0006755,A000837,2026-05-23 18:08:12.530779,Interest,48701.31,INR,SUCCESS,Mobile
T0006756,A000272,2025-04-19 07:27:39.530779,Payment,153800.77,INR,PENDING,Mobile
T0006757,A000003,2024-12-25 15:53:36.530779,Withdrawal,160281.27,INR,FAILED,Branch
T0006758,A001161,2025-01-21 21:23:04.530779,Payment,17720.71,INR,PENDING,ATM
T0006759,A001107,2026-06-20 02:51:08.530779,Transfer,29995.25,INR,PENDING,Branch
T0006760,A000253,2025-09-18 14:48:38.530779,Payment,184780.2,INR,SUCCESS,ATM
T0006761,A001416,2026-05-10 11:18:31.530779,Withdrawal,99642.09,INR,FAILED,Mobile
T0006762,A000939,2025-02-28 17:41:47.530779,Fee,78415.02,INR,FAILED,Online
T0006763,A000023,2025-07-31 02:30:37.530779,Fee,228408.84,INR,FAILED,Online
T0006764,A001260,2026-08-09 12:50:59.530779,Withdrawal,155200.03,INR,SUCCESS,Mobile
T0006765,A001081,2025-08-31 15:52:42.530779,Fee,11588.65,INR,PENDING,ATM
T0006766,A001165,2024-11-03 14:51:01.530779,Deposit,47888.47,INR,PENDING,Mobile
T0006767,A001494,2025-07-09 17:00:05.530779,Interest,17890.79,INR,SUCCESS,Online
T0006768,A000436,2025-02-07 16:29:45.530779,Deposit,207871.49,INR,PENDING,Mobile
T0006769,A001281,2025-05-17 18:39:32.530779,Transfer,159644.2,INR,FAILED,Online
T0006770,A001214,2026-08-31 04:30:02.530779,Interest,38598.88,INR,SUCCESS,Branch
T0006771,A000404,2025-02-23 04:47:14.530779,Deposit,197370.6,INR,SUCCESS,ATM
T0006772,A000456,2026-04-09 04:53:38.530779,Withdrawal,144128.54,INR,PENDING,ATM
T0006773,A001432,2024-11-28 03:16:21.530779,Deposit,239331.04,INR,PENDING,Branch
T0006774,A001109,2026-01-13 08:18:00.530779,Interest,114487.21,INR,SUCCESS,Branch
T0006775,A000799,2026-04-07 16:27:37.530779,Payment,235552.37,INR,SUCCESS,Mobile
T0006776,A001301,2025-10-24 23:42:32.530779,Fee,178597.57,INR,SUCCESS,Mobile
T0006777,A000836,2026-05-20 13:22:50.530779,Transfer,26102.55,INR,FAILED,ATM
T0006778,A000694,2026-02-23 13:08:53.530779,Payment,67761.17,INR,SUCCESS,Branch
T0006779,A000783,2025-02-25 00:16:28.530779,Fee,16240.09,INR,PENDING,ATM
T0006780,A001283,2026-04-22 21:47:56.530779,Deposit,146943.07,INR,PENDING,Branch
T0006781,A000355,2025-02-11 01:15:45.530779,Fee,128531.84,INR,SUCCESS,Mobile
T0006782,A001061,2024-09-29 23:36:02.530779,Transfer,59480.29,INR,PENDING,Mobile
T0006783,A000594,2026-05-12 03:47:06.530779,Deposit,144842.7,INR,PENDING,Online
T0006784,A000898,2024-12-06 22:28:30.530779,Fee,102611.71,INR,SUCCESS,Online
T0006785,A000003,2026-06-22 11:43:15.530779,Payment,188285.13,INR,FAILED,ATM
T0006786,A000580,2024-11-13 09:42:24.530779,Withdrawal,211742.03,INR,SUCCESS,Branch
T0006787,A000341,2024-12-28 20:55:55.530779,Fee,139656.47,INR,PENDING,Online
T0006788,A000576,2025-02-12 18:21:53.530779,Interest,65999.11,INR,SUCCESS,Branch
T0006789,A001213,2024-12-17 13:10:59.530779,Withdrawal,244739.81,INR,FAILED,Mobile
T0006790,A001065,2025-06-26 01:32:55.530779,Interest,131605.45,INR,FAILED,Online
T0006791,A000877,2026-07-22 23:09:23.530779,Withdrawal,33265.44,INR,PENDING,Online
T0006792,A000029,2025-04-08 17:16:12.530779,Interest,80101.77,INR,PENDING,ATM
T0006793,A000498,2024-12-07 00:48:01.530779,Payment,102789.74,INR,SUCCESS,Mobile
T0006794,A001231,2025-11-18 11:36:42.530779,Transfer,30631.36,INR,FAILED,Mobile
T0006795,A000431,2025-09-23 18:52:25.530779,Fee,87545.69,INR,FAILED,Mobile
T0006796,A001059,2025-08-08 17:22:52.530779,Deposit,248327.4,INR,SUCCESS,Branch
T0006797,A001464,2025-07-06 09:33:08.530779,Payment,102694.48,INR,PENDING,ATM
T0006798,A000390,2026-01-23 03:18:09.530779,Withdrawal,171188.51,INR,PENDING,Online
T0006799,A000365,2024-12-31 01:34:18.530779,Fee,162255.89,INR,FAILED,ATM
T0006800,A000202,2026-08-22 03:49:35.530779,Fee,91972.88,INR,SUCCESS,Online
T0006801,A000585,2024-11-13 02:50:33.530779,Payment,11505.93,INR,SUCCESS,ATM
T0006802,A001299,2025-06-02 11:43:47.530779,Fee,242919.62,INR,PENDING,Mobile
T0006803,A000031,2026-02-24 20:59:23.530779,Deposit,196169.32,INR,SUCCESS,Online
T0006804,A000690,2025-02-10 08:15:07.530779,Payment,57028.69,INR,SUCCESS,Branch
T0006805,A000810,2026-02-09 13:21:26.530779,Deposit,35800.63,INR,SUCCESS,Branch
T0006806,A000369,2026-04-17 20:39:21.530779,Payment,132216.26,INR,PENDING,ATM
T0006807,A001406,2026-01-12 18:05:30.530779,Payment,239586.15,INR,PENDING,Online
T0006808,A001090,2026-06-12 06:39:56.530779,Withdrawal,76862.2,INR,PENDING,Branch
T0006809,A000182,2024-11-05 12:06:09.530779,Deposit,162135.62,INR,PENDING,ATM
T0006810,A000004,2026-01-18 07:53:51.530779,Interest,138732.32,INR,SUCCESS,Mobile
T0006811,A000233,2024-12-25 07:16:40.530779,Interest,19749.0,INR,FAILED,Mobile
T0006812,A000190,2025-08-04 22:19:58.530779,Interest,75293.09,INR,SUCCESS,Online
T0006813,A000634,2025-06-27 10:11:25.530779,Payment,141814.63,INR,PENDING,ATM
T0006814,A001153,2025-02-17 11:21:30.530779,Payment,55344.13,INR,PENDING,Online
T0006815,A001210,2024-10-11 02:45:29.530779,Payment,105006.48,INR,PENDING,Mobile
T0006816,A000737,2025-05-30 09:30:20.530779,Deposit,15389.22,INR,SUCCESS,ATM
T0006817,A000406,2024-12-20 02:35:02.530779,Interest,11041.49,INR,SUCCESS,Branch
T0006818,A000145,2025-10-23 13:38:08.530779,Payment,1138.31,INR,PENDING,Online
T0006819,A001140,2025-10-22 14:03:47.530779,Interest,66981.49,INR,FAILED,ATM
T0006820,A001382,2026-08-27 19:02:03.530779,Withdrawal,198998.75,INR,SUCCESS,Branch
T0006821,A000634,2025-01-27 18:45:35.530779,Fee,229665.32,INR,SUCCESS,Online
T0006822,A001176,2026-03-21 13:36:02.530779,Payment,151131.44,INR,SUCCESS,ATM
T0006823,A000115,2025-06-07 08:45:11.530779,Transfer,92533.82,INR,SUCCESS,ATM
T0006824,A000351,2026-02-12 16:13:16.530779,Deposit,197741.12,INR,PENDING,Branch
T0006825,A000827,2025-04-08 23:05:58.530779,Withdrawal,6497.85,INR,PENDING,Online
T0006826,A001354,2025-11-10 23:42:22.530779,Transfer,146094.93,INR,FAILED,Online
T0006827,A000397,2026-01-21 05:09:58.530779,Deposit,223579.95,INR,SUCCESS,Online
T0006828,A001432,2025-12-13 01:27:51.530779,Payment,105927.2,INR,PENDING,Branch
T0006829,A000275,2025-05-26 15:22:18.530779,Deposit,174419.16,INR,FAILED,Mobile
T0006830,A000513,2025-09-09 18:07:43.530779,Interest,179931.53,INR,PENDING,Online
T0006831,A000081,2025-07-29 16:57:26.530779,Transfer,173489.81,INR,SUCCESS,Mobile
T0006832,A000796,2025-11-20 10:59:37.530779,Transfer,96086.23,INR,PENDING,ATM
T0006833,A000647,2025-01-01 15:01:34.530779,Payment,97500.07,INR,FAILED,Online
T0006834,A000230,2025-08-29 16:07:06.530779,Deposit,205562.74,INR,SUCCESS,Online
T0006835,A000215,2026-02-08 00:04:57.530779,Fee,172222.33,INR,SUCCESS,ATM
T0006836,A001161,2026-06-23 18:35:50.530779,Withdrawal,191324.33,INR,PENDING,Branch
T0006837,A001208,2026-02-04 22:24:30.530779,Withdrawal,201020.41,INR,FAILED,Mobile
T0006838,A000282,2025-09-25 11:46:27.530779,Transfer,115160.76,INR,SUCCESS,ATM
T0006839,A000385,2024-10-18 08:04:53.530779,Transfer,217951.17,INR,PENDING,ATM
T0006840,A001057,2026-03-22 01:08:47.530779,Payment,16488.59,INR,FAILED,Mobile
T0006841,A000419,2024-09-30 08:38:09.530779,Transfer,238439.17,INR,SUCCESS,Branch
T0006842,A000445,2026-03-27 13:01:59.530779,Withdrawal,206563.79,INR,SUCCESS,Online
T0006843,A000449,2024-11-25 08:11:00.530779,Fee,136078.85,INR,SUCCESS,Online
T0006844,A000575,2026-04-20 23:55:39.530779,Deposit,11955.11,INR,FAILED,Branch
T0006845,A000634,2025-09-07 19:36:17.530779,Interest,229976.08,INR,PENDING,Online
T0006846,A000087,2025-01-06 10:29:55.530779,Transfer,108219.62,INR,PENDING,Online
T0006847,A000922,2025-02-18 12:14:35.530779,Fee,122161.93,INR,PENDING,Online
T0006848,A001251,2026-06-07 11:15:31.530779,Deposit,35840.79,INR,FAILED,Online
T0006849,A000396,2025-06-24 13:39:42.530779,Payment,151198.24,INR,SUCCESS,Online
T0006850,A001069,2026-03-02 06:27:09.530779,Payment,220234.84,INR,PENDING,Mobile
T0006851,A000837,2025-10-14 04:16:28.530779,Fee,227356.01,INR,FAILED,Online
T0006852,A000797,2025-11-16 06:29:13.530779,Payment,167975.04,INR,FAILED,Online
T0006853,A000652,2025-12-30 16:05:35.530779,Withdrawal,149471.83,INR,PENDING,ATM
T0006854,A001411,2026-08-10 05:58:47.530779,Payment,155733.51,INR,FAILED,ATM
T0006855,A001296,2026-09-14 19:05:57.530779,Fee,115588.5,INR,PENDING,Online
T0006856,A000543,2026-08-08 22:36:16.530779,Deposit,172570.34,INR,FAILED,ATM
T0006857,A000968,2025-03-06 15:37:06.530779,Deposit,90467.78,INR,PENDING,Branch
T0006858,A000084,2025-08-31 11:44:03.530779,Transfer,107546.18,INR,FAILED,ATM
T0006859,A001114,2026-03-21 02:21:16.530779,Interest,238122.04,INR,PENDING,Branch
T0006860,A001212,2025-12-16 18:14:16.530779,Interest,92062.63,INR,SUCCESS,Online
T0006861,A000232,2025-05-09 20:19:37.530779,Fee,50305.28,INR,FAILED,Online
T0006862,A001465,2025-12-12 09:33:52.530779,Deposit,74771.6,INR,SUCCESS,Online
T0006863,A000567,2025-01-01 08:11:41.530779,Fee,203907.48,INR,PENDING,ATM
T0006864,A000358,2025-04-24 19:31:50.530779,Fee,165971.23,INR,SUCCESS,ATM
T0006865,A000800,2024-10-07 10:05:43.530779,Withdrawal,78058.79,INR,PENDING,Branch
T0006866,A000733,2026-08-24 06:33:57.530779,Payment,231754.51,INR,SUCCESS,Mobile
T0006867,A000987,2025-11-14 05:20:51.530779,Withdrawal,58227.24,INR,PENDING,Online
T0006868,A000653,2025-05-25 10:33:47.530779,Transfer,77540.58,INR,PENDING,ATM
T0006869,A000129,2025-06-01 05:55:59.530779,Interest,235417.94,INR,SUCCESS,ATM
T0006870,A000793,2025-07-20 21:19:19.530779,Fee,104706.23,INR,FAILED,Branch
T0006871,A000118,2026-08-02 06:16:51.530779,Payment,141612.17,INR,SUCCESS,Online
T0006872,A001251,2026-09-01 20:13:24.530779,Interest,231916.42,INR,PENDING,ATM
T0006873,A000859,2025-10-31 15:39:52.530779,Deposit,116396.35,INR,PENDING,ATM
T0006874,A000082,2025-01-18 02:48:11.530779,Withdrawal,178716.37,INR,FAILED,Branch
T0006875,A000989,2025-03-05 11:01:33.530779,Interest,99519.09,INR,SUCCESS,Online
T0006876,A000069,2026-06-22 21:05:43.530779,Withdrawal,131715.61,INR,FAILED,Branch
T0006877,A000766,2026-05-17 11:55:59.530779,Deposit,6090.25,INR,SUCCESS,ATM
T0006878,A000151,2025-07-21 09:24:42.530779,Transfer,106666.57,INR,FAILED,Mobile
T0006879,A001490,2024-11-01 13:03:34.530779,Payment,224004.94,INR,FAILED,ATM
T0006880,A000384,2025-12-08 05:03:49.530779,Deposit,41024.74,INR,FAILED,ATM
T0006881,A000367,2026-03-27 20:07:05.530779,Fee,53106.99,INR,PENDING,Online
T0006882,A000942,2025-08-14 06:29:17.530779,Deposit,29470.38,INR,SUCCESS,Branch
T0006883,A001439,2026-09-15 13:43:00.530779,Interest,7315.06,INR,PENDING,Branch
T0006884,A001376,2025-03-27 23:36:15.530779,Withdrawal,38249.04,INR,PENDING,ATM
T0006885,A000396,2026-03-05 21:33:35.530779,Withdrawal,56933.8,INR,FAILED,Branch
T0006886,A001007,2025-09-29 14:44:13.530779,Payment,152872.56,INR,FAILED,Branch
T0006887,A000666,2025-10-22 19:16:57.530779,Withdrawal,207706.32,INR,FAILED,Online
T0006888,A000580,2025-07-17 17:49:42.530779,Withdrawal,104700.75,INR,PENDING,Online
T0006889,A000736,2026-01-31 15:29:48.530779,Payment,217069.11,INR,FAILED,Branch
T0006890,A000694,2025-09-07 18:42:48.530779,Interest,187479.34,INR,PENDING,ATM
T0006891,A000751,2025-10-28 10:19:34.530779,Deposit,193954.67,INR,PENDING,Mobile
T0006892,A000919,2025-06-30 04:26:13.530779,Fee,60594.84,INR,FAILED,Mobile
T0006893,A001369,2026-07-20 21:53:26.530779,Fee,238174.35,INR,SUCCESS,Branch
T0006894,A000376,2025-09-09 04:41:10.530779,Interest,130390.81,INR,SUCCESS,ATM
T0006895,A001128,2025-01-08 02:34:40.530779,Payment,120187.69,INR,FAILED,Mobile
T0006896,A000140,2025-06-12 22:15:35.530779,Transfer,71233.67,INR,FAILED,Branch
T0006897,A000912,2025-12-15 10:22:22.530779,Payment,194411.18,INR,PENDING,Branch
T0006898,A000038,2026-07-26 02:14:43.530779,Withdrawal,16921.74,INR,PENDING,Branch
T0006899,A000997,2025-03-22 17:32:07.530779,Fee,237244.12,INR,SUCCESS,Branch
T0006900,A001036,2026-08-04 19:04:00.530779,Fee,167502.24,INR,FAILED,ATM
T0006901,A000677,2025-03-16 23:45:45.530779,Interest,175755.86,INR,PENDING,ATM
T0006902,A000607,2026-01-14 18:54:26.530779,Payment,43943.22,INR,SUCCESS,Branch
T0006903,A000834,2025-04-22 08:57:48.530779,Transfer,23251.58,INR,PENDING,Branch
T0006904,A000709,2025-08-11 03:33:13.530779,Withdrawal,21564.51,INR,SUCCESS,ATM
T0006905,A001459,2024-12-02 07:55:42.530779,Fee,31426.69,INR,PENDING,Branch
T0006906,A001089,2026-06-20 01:08:11.530779,Interest,207728.85,INR,FAILED,Branch
T0006907,A001309,2025-08-08 03:21:46.530779,Transfer,109231.48,INR,FAILED,Online
T0006908,A000029,2025-01-02 17:25:13.530779,Interest,87549.21,INR,SUCCESS,Branch
T0006909,A000220,2026-01-07 00:46:33.530779,Interest,83759.92,INR,PENDING,Mobile
T0006910,A000632,2025-03-27 13:32:36.530779,Deposit,184517.53,INR,FAILED,Branch
T0006911,A000316,2025-10-08 11:37:14.530779,Interest,164557.79,INR,PENDING,ATM
T0006912,A000927,2026-01-30 19:51:47.530779,Withdrawal,229904.25,INR,SUCCESS,Branch
T0006913,A000286,2026-03-30 08:06:43.530779,Deposit,235177.77,INR,SUCCESS,Mobile
T0006914,A000170,2026-01-07 03:57:22.530779,Withdrawal,163162.22,INR,PENDING,Online
T0006915,A000169,2024-11-20 04:38:24.530779,Interest,69577.67,INR,PENDING,Online
T0006916,A000521,2024-10-22 18:51:21.530779,Payment,243442.43,INR,FAILED,ATM
T0006917,A001402,2025-09-23 15:41:28.530779,Payment,61725.17,INR,PENDING,Mobile
T0006918,A000370,2025-02-20 19:49:57.530779,Withdrawal,220873.61,INR,SUCCESS,Mobile
T0006919,A001126,2025-01-28 01:50:33.530779,Interest,60337.14,INR,FAILED,ATM
T0006920,A000510,2026-06-20 18:16:18.530779,Transfer,146946.7,INR,PENDING,Online
T0006921,A000799,2026-03-10 09:18:56.530779,Fee,129035.31,INR,FAILED,Mobile
T0006922,A000929,2025-02-08 20:27:35.530779,Transfer,127667.71,INR,FAILED,Branch
T0006923,A000220,2025-02-12 16:41:37.530779,Interest,47470.73,INR,SUCCESS,Mobile
T0006924,A000804,2025-06-12 10:18:36.530779,Fee,131352.74,INR,FAILED,Online
T0006925,A000778,2026-05-29 01:39:37.530779,Payment,232505.37,INR,SUCCESS,ATM
T0006926,A000407,2026-01-11 18:31:26.530779,Deposit,204112.58,INR,SUCCESS,Branch
T0006927,A001476,2025-07-14 14:11:32.530779,Transfer,125558.92,INR,PENDING,Branch
T0006928,A000549,2025-03-20 09:10:18.530779,Transfer,97271.11,INR,SUCCESS,Online
T0006929,A001402,2025-02-12 18:43:23.530779,Transfer,199193.08,INR,PENDING,Online
T0006930,A000940,2026-05-06 05:43:08.530779,Transfer,146518.8,INR,PENDING,Online
T0006931,A000189,2026-05-16 18:12:15.530779,Interest,20087.43,INR,SUCCESS,Online
T0006932,A000699,2025-03-25 02:07:22.530779,Interest,24176.92,INR,SUCCESS,ATM
T0006933,A000785,2024-12-09 07:04:57.530779,Fee,69794.13,INR,FAILED,ATM
T0006934,A001371,2025-01-08 13:32:42.530779,Transfer,41376.0,INR,SUCCESS,Branch
T0006935,A001101,2024-09-27 23:28:25.530779,Payment,124589.88,INR,FAILED,Online
T0006936,A000095,2026-06-11 01:23:35.530779,Withdrawal,44058.75,INR,PENDING,Branch
T0006937,A000496,2024-10-17 16:45:10.530779,Transfer,190057.88,INR,FAILED,ATM
T0006938,A000873,2025-05-23 05:16:56.530779,Payment,238787.56,INR,PENDING,ATM
T0006939,A001303,2025-11-26 09:20:18.530779,Withdrawal,19499.07,INR,SUCCESS,Mobile
T0006940,A000476,2025-02-10 07:22:34.530779,Fee,232930.15,INR,FAILED,ATM
T0006941,A001465,2025-05-26 15:41:20.530779,Payment,239642.89,INR,FAILED,Mobile
T0006942,A001123,2024-11-15 12:22:24.530779,Transfer,134561.66,INR,SUCCESS,Branch
T0006943,A001234,2025-07-01 11:51:16.530779,Fee,104949.43,INR,SUCCESS,Mobile
T0006944,A000191,2025-06-24 06:55:50.530779,Withdrawal,170119.52,INR,SUCCESS,Mobile
T0006945,A001027,2025-09-19 12:44:36.530779,Fee,153399.84,INR,SUCCESS,Mobile
T0006946,A000043,2026-08-26 06:55:46.530779,Payment,135909.72,INR,FAILED,Online
T0006947,A000958,2025-01-28 11:26:18.530779,Deposit,165778.83,INR,FAILED,Online
T0006948,A001270,2026-01-01 17:34:07.530779,Interest,168696.27,INR,PENDING,Mobile
T0006949,A001460,2025-07-24 08:39:52.530779,Transfer,75181.0,INR,FAILED,ATM
T0006950,A000898,2026-07-21 21:21:54.530779,Deposit,25865.57,INR,SUCCESS,ATM
T0006951,A001079,2026-08-31 14:32:48.530779,Payment,52801.47,INR,PENDING,Online
T0006952,A000323,2025-01-31 10:17:47.530779,Payment,201101.24,INR,FAILED,Branch
T0006953,A000573,2025-05-14 20:15:03.530779,Payment,132127.48,INR,FAILED,Mobile
T0006954,A000026,2026-09-15 03:03:12.530779,Fee,3739.26,INR,FAILED,ATM
T0006955,A000277,2026-02-17 16:46:05.530779,Payment,47682.04,INR,SUCCESS,Branch
T0006956,A000384,2025-09-13 00:41:02.530779,Payment,158497.82,INR,PENDING,Mobile
T0006957,A000378,2025-10-23 10:33:33.530779,Deposit,186500.71,INR,SUCCESS,Mobile
T0006958,A000333,2026-04-05 15:24:27.530779,Fee,238601.68,INR,PENDING,Online
T0006959,A000891,2026-02-02 08:30:36.530779,Payment,233449.5,INR,PENDING,ATM
T0006960,A000086,2026-04-25 17:24:06.530779,Payment,162199.52,INR,FAILED,Online
T0006961,A000240,2026-08-20 22:23:32.530779,Fee,205435.16,INR,PENDING,ATM
T0006962,A000708,2025-05-03 08:09:20.530779,Payment,35972.16,INR,PENDING,ATM
T0006963,A000150,2024-10-17 05:41:50.530779,Deposit,215524.43,INR,PENDING,Branch
T0006964,A000009,2024-09-25 01:02:12.530779,Deposit,134441.83,INR,SUCCESS,Mobile
T0006965,A000736,2025-01-28 01:26:01.530779,Withdrawal,32901.12,INR,SUCCESS,Online
T0006966,A000482,2026-03-28 20:46:50.530779,Fee,179654.01,INR,FAILED,Online
T0006967,A001083,2026-03-15 20:13:39.530779,Deposit,72937.31,INR,FAILED,Online
T0006968,A000032,2025-12-21 03:40:19.530779,Deposit,71573.52,INR,PENDING,Mobile
T0006969,A000722,2025-06-16 16:23:16.530779,Fee,153500.91,INR,SUCCESS,Online
T0006970,A001163,2026-01-31 06:23:59.530779,Deposit,197657.13,INR,FAILED,ATM
T0006971,A001055,2024-11-18 14:05:52.530779,Fee,157433.74,INR,PENDING,ATM
T0006972,A000080,2026-01-06 15:04:14.530779,Withdrawal,116264.65,INR,SUCCESS,Online
T0006973,A000489,2025-11-28 00:09:12.530779,Transfer,13395.29,INR,PENDING,ATM
T0006974,A000807,2025-09-02 23:59:51.530779,Withdrawal,31748.32,INR,FAILED,Online
T0006975,A000317,2026-08-28 12:09:10.530779,Transfer,228730.42,INR,PENDING,Branch
T0006976,A001302,2026-06-05 08:47:31.530779,Interest,78559.79,INR,FAILED,Branch
T0006977,A000776,2026-03-23 14:33:49.530779,Payment,99197.77,INR,PENDING,ATM
T0006978,A000246,2025-11-15 21:47:06.530779,Transfer,41539.36,INR,PENDING,ATM
T0006979,A000011,2024-09-28 00:03:38.530779,Deposit,209239.02,INR,SUCCESS,Mobile
T0006980,A000392,2025-12-18 09:00:29.530779,Payment,127693.82,INR,FAILED,Online
T0006981,A000493,2024-10-07 16:42:45.530779,Fee,202951.04,INR,SUCCESS,Mobile
T0006982,A001482,2025-02-17 11:15:58.530779,Interest,171309.76,INR,PENDING,Mobile
T0006983,A000876,2025-05-06 16:56:15.530779,Withdrawal,160585.39,INR,SUCCESS,Mobile
T0006984,A000675,2025-05-18 09:12:27.530779,Deposit,28989.98,INR,FAILED,Online
T0006985,A000830,2026-01-15 17:24:29.530779,Transfer,115508.74,INR,FAILED,Branch
T0006986,A001431,2024-12-09 00:58:09.530779,Interest,12710.75,INR,SUCCESS,ATM
T0006987,A000252,2026-05-25 02:34:14.530779,Fee,224314.01,INR,SUCCESS,ATM
T0006988,A000489,2026-02-13 21:34:47.530779,Fee,53890.13,INR,SUCCESS,ATM
T0006989,A000175,2026-02-22 20:28:11.530779,Transfer,14117.5,INR,FAILED,Branch
T0006990,A000656,2025-05-08 02:34:02.530779,Interest,86975.67,INR,FAILED,Online
T0006991,A001031,2026-07-16 00:06:57.530779,Payment,92697.24,INR,FAILED,Branch
T0006992,A001413,2025-08-22 03:00:57.530779,Withdrawal,27500.87,INR,SUCCESS,Mobile
T0006993,A000112,2025-04-05 17:18:48.530779,Interest,185524.52,INR,FAILED,ATM
T0006994,A001098,2025-06-09 13:33:42.530779,Interest,79988.96,INR,SUCCESS,Mobile
T0006995,A000180,2026-06-28 19:09:03.530779,Withdrawal,126687.7,INR,PENDING,ATM
T0006996,A000633,2025-01-09 19:25:24.530779,Withdrawal,154072.98,INR,SUCCESS,Branch
T0006997,A000929,2025-07-03 11:11:44.530779,Deposit,16524.83,INR,FAILED,Mobile
T0006998,A001354,2025-05-12 17:09:57.530779,Deposit,16787.43,INR,FAILED,ATM
T0006999,A000091,2025-04-05 14:03:07.530779,Transfer,73699.93,INR,PENDING,Branch
T0007000,A000969,2024-12-13 06:07:21.530779,Fee,58315.37,INR,PENDING,Online
T0007001,A000795,2026-03-20 05:06:05.530779,Withdrawal,161856.41,INR,FAILED,Branch
T0007002,A001490,2025-08-07 14:39:45.530779,Fee,151408.11,INR,PENDING,Online
T0007003,A000616,2025-12-08 00:13:53.530779,Deposit,126408.15,INR,PENDING,Branch
T0007004,A000737,2024-09-30 21:39:53.530779,Payment,100791.74,INR,SUCCESS,Online
T0007005,A001128,2026-04-12 06:13:58.530779,Fee,32502.79,INR,SUCCESS,Online
T0007006,A001030,2026-01-25 10:49:58.530779,Payment,76124.86,INR,FAILED,Mobile
T0007007,A001010,2024-10-12 20:44:03.530779,Transfer,55880.77,INR,SUCCESS,Branch
T0007008,A000537,2025-04-10 03:32:20.530779,Fee,216227.48,INR,SUCCESS,Branch
T0007009,A001057,2026-05-05 02:52:04.530779,Interest,101131.79,INR,PENDING,Branch
T0007010,A000809,2025-08-13 22:58:40.530779,Fee,108050.93,INR,FAILED,ATM
T0007011,A001212,2026-07-27 09:26:11.530779,Payment,234079.13,INR,PENDING,Mobile
T0007012,A000853,2025-03-15 00:28:20.530779,Fee,222726.74,INR,PENDING,Mobile
T0007013,A001083,2025-09-01 11:55:19.530779,Withdrawal,13712.21,INR,SUCCESS,ATM
T0007014,A001360,2026-03-21 01:34:46.530779,Interest,177021.04,INR,FAILED,ATM
T0007015,A000504,2025-11-09 22:14:07.530779,Transfer,186148.12,INR,PENDING,Online
T0007016,A001061,2024-10-30 17:53:12.530779,Transfer,210718.93,INR,FAILED,Mobile
T0007017,A000382,2024-12-16 21:33:53.530779,Payment,181215.21,INR,SUCCESS,Branch
T0007018,A000430,2025-12-17 17:51:17.530779,Transfer,11866.06,INR,PENDING,Mobile
T0007019,A000162,2025-02-07 17:42:15.530779,Fee,22324.69,INR,PENDING,Branch
T0007020,A000926,2024-12-17 17:18:31.530779,Interest,23539.56,INR,SUCCESS,Mobile
T0007021,A000358,2025-07-08 01:00:41.530779,Deposit,241070.79,INR,FAILED,Mobile
T0007022,A001021,2025-12-11 01:50:02.530779,Transfer,79904.59,INR,FAILED,Online
T0007023,A001257,2026-01-18 22:14:38.530779,Deposit,125542.38,INR,PENDING,Online
T0007024,A000058,2024-10-08 01:41:33.530779,Deposit,219131.24,INR,SUCCESS,Mobile
T0007025,A001408,2025-05-22 01:34:35.530779,Interest,42211.15,INR,SUCCESS,ATM
T0007026,A000038,2026-04-03 20:51:56.530779,Transfer,228935.67,INR,SUCCESS,Online
T0007027,A001169,2025-05-31 22:49:23.530779,Withdrawal,27324.81,INR,PENDING,Online
T0007028,A000955,2026-05-07 04:53:25.530779,Payment,234765.78,INR,FAILED,ATM
T0007029,A000919,2025-06-02 22:54:59.530779,Interest,105184.5,INR,FAILED,ATM
T0007030,A001061,2025-10-11 02:10:40.530779,Interest,229936.49,INR,FAILED,Branch
T0007031,A000203,2026-04-17 20:18:22.530779,Transfer,225969.1,INR,PENDING,Mobile
T0007032,A000673,2025-04-19 13:53:23.530779,Fee,190070.0,INR,FAILED,Branch
T0007033,A001210,2024-11-04 22:20:59.530779,Deposit,72946.13,INR,FAILED,Online
T0007034,A001429,2026-05-30 06:10:09.530779,Interest,152282.05,INR,SUCCESS,Mobile
T0007035,A000269,2025-05-06 18:26:27.530779,Interest,94030.9,INR,FAILED,Online
T0007036,A001096,2026-04-23 16:32:42.530779,Interest,200840.52,INR,PENDING,Branch
T0007037,A000278,2026-03-30 01:59:43.530779,Payment,100851.46,INR,PENDING,Online
T0007038,A001161,2025-10-19 20:19:48.530779,Withdrawal,182203.8,INR,FAILED,Branch
T0007039,A001383,2026-08-11 00:24:19.530779,Fee,202975.17,INR,FAILED,Branch
T0007040,A000608,2025-09-18 16:01:47.530779,Fee,183360.65,INR,FAILED,Branch
T0007041,A001230,2025-12-16 11:04:15.530779,Payment,122661.72,INR,FAILED,Mobile
T0007042,A001039,2026-08-29 22:14:42.530779,Deposit,9905.36,INR,FAILED,ATM
T0007043,A001075,2024-10-24 14:24:38.530779,Withdrawal,48116.17,INR,PENDING,Mobile
T0007044,A000459,2026-01-19 07:59:07.530779,Fee,59777.04,INR,FAILED,ATM
T0007045,A001361,2026-08-28 02:49:38.530779,Interest,44010.55,INR,FAILED,Branch
T0007046,A000107,2025-08-31 15:46:09.530779,Payment,61546.48,INR,PENDING,ATM
T0007047,A000007,2025-06-14 14:05:19.530779,Interest,185882.81,INR,FAILED,Mobile
T0007048,A000431,2024-12-12 16:10:26.530779,Withdrawal,16770.76,INR,SUCCESS,Online
T0007049,A001053,2026-07-05 11:31:36.530779,Payment,170141.76,INR,PENDING,Mobile
T0007050,A001076,2026-06-25 17:55:18.530779,Deposit,245785.78,INR,PENDING,Mobile
T0007051,A000710,2026-05-15 23:20:00.530779,Transfer,194326.9,INR,FAILED,Branch
T0007052,A000113,2026-06-15 07:21:57.530779,Fee,130703.4,INR,SUCCESS,Branch
T0007053,A000899,2026-08-21 00:35:23.530779,Fee,183006.41,INR,PENDING,Online
T0007054,A001488,2026-09-01 21:19:07.530779,Deposit,104416.22,INR,SUCCESS,Online
T0007055,A000461,2025-09-09 09:41:52.530779,Transfer,73471.17,INR,SUCCESS,Branch
T0007056,A000007,2025-08-03 15:57:48.530779,Interest,136533.68,INR,FAILED,Branch
T0007057,A000229,2026-02-01 03:56:43.530779,Interest,110017.41,INR,SUCCESS,ATM
T0007058,A001293,2026-06-06 18:40:07.530779,Transfer,207198.7,INR,FAILED,Mobile
T0007059,A000866,2025-06-09 06:47:06.530779,Transfer,207610.09,INR,PENDING,Online
T0007060,A000214,2026-06-13 08:33:13.530779,Payment,233377.44,INR,PENDING,Branch
T0007061,A000545,2025-12-30 05:55:41.530779,Deposit,126411.34,INR,FAILED,Mobile
T0007062,A000117,2026-04-16 17:21:35.530779,Deposit,222612.95,INR,SUCCESS,Mobile
T0007063,A000816,2025-01-01 12:58:48.530779,Payment,112260.43,INR,SUCCESS,Online
T0007064,A000244,2026-02-25 16:21:45.530779,Payment,27888.91,INR,FAILED,ATM
T0007065,A001226,2026-06-06 20:15:53.530779,Withdrawal,179134.21,INR,SUCCESS,Branch
T0007066,A001246,2024-12-09 18:12:20.530779,Fee,233440.45,INR,SUCCESS,Mobile
T0007067,A000497,2025-03-15 02:17:49.530779,Deposit,248095.67,INR,PENDING,Branch
T0007068,A000072,2024-10-23 10:49:54.530779,Withdrawal,229718.2,INR,FAILED,Online
T0007069,A000971,2026-07-01 02:42:05.530779,Withdrawal,73911.46,INR,FAILED,ATM
T0007070,A000835,2024-12-19 09:34:51.530779,Transfer,91117.14,INR,FAILED,Online
T0007071,A000423,2025-03-26 08:26:02.530779,Transfer,91107.86,INR,SUCCESS,Branch
T0007072,A000179,2025-07-25 21:59:30.530779,Transfer,164004.44,INR,FAILED,Mobile
T0007073,A000783,2024-10-14 06:34:47.530779,Withdrawal,58250.46,INR,FAILED,ATM
T0007074,A000682,2026-02-23 13:58:43.530779,Deposit,13720.71,INR,FAILED,ATM
T0007075,A000368,2025-04-21 11:16:58.530779,Transfer,211817.3,INR,SUCCESS,Online
T0007076,A000847,2026-04-23 02:37:11.530779,Transfer,57827.61,INR,FAILED,Branch
T0007077,A001334,2024-10-10 13:43:54.530779,Payment,153371.27,INR,PENDING,Branch
T0007078,A001281,2026-01-30 17:53:54.530779,Deposit,205582.47,INR,SUCCESS,ATM
T0007079,A000701,2024-11-25 10:40:38.530779,Withdrawal,68581.77,INR,FAILED,Branch
T0007080,A000133,2025-06-28 20:41:28.530779,Interest,205149.35,INR,SUCCESS,ATM
T0007081,A000036,2024-10-15 20:12:33.530779,Interest,66445.22,INR,FAILED,Online
T0007082,A000081,2026-03-07 09:31:29.530779,Payment,234562.69,INR,PENDING,Mobile
T0007083,A001305,2026-05-28 08:48:15.530779,Interest,101066.66,INR,SUCCESS,Mobile
T0007084,A000176,2025-02-15 16:01:22.530779,Deposit,8731.17,INR,PENDING,Online
T0007085,A000574,2025-03-16 15:03:29.530779,Withdrawal,241496.47,INR,FAILED,Branch
T0007086,A001250,2026-09-18 00:22:16.530779,Fee,24592.54,INR,SUCCESS,Online
T0007087,A001241,2025-09-26 01:12:08.530779,Deposit,248455.61,INR,SUCCESS,Mobile
T0007088,A001350,2026-04-23 04:56:29.530779,Withdrawal,204577.3,INR,FAILED,Mobile
T0007089,A000451,2025-08-11 20:38:18.530779,Withdrawal,217809.32,INR,FAILED,ATM
T0007090,A000228,2026-02-03 03:47:17.530779,Interest,215718.26,INR,PENDING,Mobile
T0007091,A001176,2026-09-15 10:05:59.530779,Interest,27124.58,INR,PENDING,Mobile
T0007092,A000876,2024-09-22 00:23:50.530779,Withdrawal,217754.49,INR,PENDING,Online
T0007093,A001343,2026-02-26 07:08:32.530779,Fee,42573.43,INR,FAILED,Online
T0007094,A001169,2025-11-18 17:24:37.530779,Deposit,123440.36,INR,FAILED,Online
T0007095,A000895,2026-08-19 20:17:40.530779,Deposit,122914.31,INR,SUCCESS,Online
T0007096,A001256,2026-01-16 04:32:59.530779,Withdrawal,59362.53,INR,PENDING,ATM
T0007097,A000510,2026-04-21 03:54:09.530779,Interest,52470.24,INR,SUCCESS,Online
T0007098,A000722,2025-10-07 08:25:50.530779,Payment,41975.41,INR,PENDING,Branch
T0007099,A000726,2025-02-07 10:45:21.530779,Interest,207261.55,INR,SUCCESS,ATM
T0007100,A001177,2026-08-29 00:27:00.530779,Transfer,25972.19,INR,FAILED,Branch
T0007101,A001128,2024-12-21 15:03:09.530779,Withdrawal,133011.47,INR,PENDING,Mobile
T0007102,A001333,2024-12-08 18:57:00.530779,Withdrawal,72627.3,INR,FAILED,Mobile
T0007103,A000399,2024-12-28 13:59:57.530779,Payment,32629.94,INR,FAILED,Online
T0007104,A000884,2025-04-25 18:28:39.530779,Interest,71281.93,INR,PENDING,Branch
T0007105,A001468,2025-05-14 04:34:53.530779,Withdrawal,54503.93,INR,SUCCESS,Mobile
T0007106,A000887,2025-06-05 05:12:28.530779,Withdrawal,113303.58,INR,PENDING,Mobile
T0007107,A000161,2025-10-27 18:05:12.530779,Withdrawal,85167.35,INR,SUCCESS,ATM
T0007108,A001068,2025-09-05 04:23:39.530779,Payment,235355.38,INR,PENDING,ATM
T0007109,A001252,2026-01-21 12:04:09.530779,Deposit,69453.64,INR,FAILED,ATM
T0007110,A000907,2026-09-03 02:42:57.530779,Payment,78115.27,INR,FAILED,ATM
T0007111,A000705,2024-12-07 23:33:23.530779,Payment,146596.55,INR,PENDING,Online
T0007112,A000374,2025-10-20 11:08:36.530779,Transfer,54310.07,INR,PENDING,Mobile
T0007113,A000550,2026-06-29 04:05:48.530779,Transfer,208973.67,INR,PENDING,Mobile
T0007114,A000244,2025-07-01 13:03:13.530779,Fee,237640.79,INR,FAILED,ATM
T0007115,A001336,2024-09-25 19:27:31.530779,Interest,150958.02,INR,FAILED,ATM
T0007116,A000280,2025-06-17 17:25:07.530779,Interest,135981.44,INR,SUCCESS,ATM
T0007117,A000057,2026-08-05 15:49:48.530779,Payment,105937.0,INR,FAILED,Online
T0007118,A000355,2025-01-04 15:02:28.530779,Withdrawal,6666.72,INR,SUCCESS,Branch
T0007119,A000531,2025-12-18 03:58:37.530779,Fee,216485.57,INR,PENDING,Branch
T0007120,A001061,2025-03-07 09:41:14.530779,Transfer,146157.96,INR,SUCCESS,Branch
T0007121,A000353,2025-01-17 12:07:02.530779,Fee,217887.97,INR,PENDING,Mobile
T0007122,A000871,2024-09-25 11:10:44.530779,Fee,33463.94,INR,SUCCESS,Online
T0007123,A000044,2026-02-22 05:49:20.530779,Interest,118535.5,INR,PENDING,Online
T0007124,A001054,2026-05-21 17:41:22.530779,Withdrawal,42844.62,INR,SUCCESS,Mobile
T0007125,A001283,2025-09-19 05:52:16.530779,Deposit,1077.57,INR,PENDING,ATM
T0007126,A001301,2025-02-14 06:32:53.530779,Transfer,169716.16,INR,FAILED,Online
T0007127,A001495,2025-04-24 01:14:11.530779,Withdrawal,122525.1,INR,PENDING,Mobile
T0007128,A000024,2026-05-14 20:33:13.530779,Withdrawal,78855.38,INR,SUCCESS,Online
T0007129,A000347,2026-08-09 05:32:22.530779,Payment,149461.48,INR,SUCCESS,ATM
T0007130,A001169,2026-01-07 20:15:41.530779,Fee,225073.87,INR,SUCCESS,ATM
T0007131,A000434,2026-06-09 08:33:17.530779,Withdrawal,107859.35,INR,SUCCESS,Mobile
T0007132,A000614,2025-03-21 05:38:43.530779,Deposit,137782.36,INR,PENDING,Branch
T0007133,A000066,2026-01-17 22:47:51.530779,Deposit,58320.94,INR,PENDING,Online
T0007134,A000711,2026-02-04 03:16:52.530779,Deposit,224068.66,INR,PENDING,ATM
T0007135,A000781,2025-02-18 10:07:19.530779,Deposit,126612.15,INR,PENDING,ATM
T0007136,A001382,2026-05-02 05:18:52.530779,Deposit,135384.52,INR,SUCCESS,ATM
T0007137,A000288,2024-12-15 06:13:47.530779,Interest,215042.56,INR,FAILED,Branch
T0007138,A001173,2024-11-05 00:12:47.530779,Fee,155835.44,INR,FAILED,ATM
T0007139,A000225,2026-05-04 09:38:51.530779,Deposit,194835.82,INR,SUCCESS,ATM
T0007140,A000481,2026-05-09 01:42:09.530779,Payment,73994.57,INR,PENDING,Branch
T0007141,A000258,2025-06-01 16:35:10.530779,Interest,86044.23,INR,PENDING,Online
T0007142,A000648,2025-01-06 04:44:40.530779,Fee,143994.46,INR,PENDING,ATM
T0007143,A000552,2026-03-07 06:50:52.530779,Withdrawal,174692.39,INR,PENDING,Branch
T0007144,A001288,2026-03-27 14:57:12.530779,Payment,18694.56,INR,FAILED,Mobile
T0007145,A001379,2026-04-23 11:47:58.530779,Fee,230788.24,INR,PENDING,ATM
T0007146,A001191,2026-01-29 02:24:16.530779,Transfer,109885.29,INR,PENDING,Branch
T0007147,A000958,2024-11-11 01:02:53.530779,Deposit,150088.02,INR,SUCCESS,Online
T0007148,A000387,2025-05-15 12:46:23.530779,Withdrawal,100463.03,INR,SUCCESS,ATM
T0007149,A000235,2026-06-21 04:50:15.530779,Interest,233367.27,INR,SUCCESS,Mobile
T0007150,A000694,2025-06-18 23:49:47.530779,Interest,21755.58,INR,FAILED,Branch
T0007151,A000226,2025-11-24 08:26:38.530779,Interest,162300.37,INR,PENDING,Mobile
T0007152,A000116,2026-03-28 16:24:21.530779,Payment,27567.87,INR,FAILED,ATM
T0007153,A000231,2025-02-16 03:38:54.530779,Interest,130531.07,INR,PENDING,ATM
T0007154,A001224,2026-06-08 08:46:42.530779,Interest,223625.38,INR,PENDING,Mobile
T0007155,A000667,2026-09-17 13:29:52.530779,Interest,145206.48,INR,SUCCESS,Branch
T0007156,A000807,2025-04-18 07:54:15.530779,Interest,97558.18,INR,FAILED,Online
T0007157,A000181,2025-07-02 07:32:57.530779,Withdrawal,197275.86,INR,FAILED,Online
T0007158,A001161,2024-09-20 02:48:34.530779,Fee,14617.48,INR,SUCCESS,Online
T0007159,A000508,2024-09-24 14:21:06.530779,Fee,41240.23,INR,FAILED,ATM
T0007160,A000788,2025-05-18 05:12:53.530779,Transfer,193288.12,INR,PENDING,ATM
T0007161,A001245,2024-12-11 18:08:15.530779,Interest,164117.97,INR,SUCCESS,Branch
T0007162,A001360,2026-02-14 23:14:16.530779,Transfer,214692.47,INR,SUCCESS,Branch
T0007163,A000710,2026-05-25 03:32:08.530779,Transfer,218141.28,INR,FAILED,Online
T0007164,A000553,2026-07-08 07:12:10.530779,Transfer,150652.18,INR,FAILED,Mobile
T0007165,A001264,2024-10-19 09:45:20.530779,Transfer,12446.77,INR,SUCCESS,Online
T0007166,A000853,2024-10-23 23:38:17.530779,Fee,81535.38,INR,PENDING,Online
T0007167,A001437,2026-05-30 18:56:11.530779,Withdrawal,47132.89,INR,SUCCESS,Online
T0007168,A001207,2025-11-01 16:33:52.530779,Withdrawal,97400.31,INR,FAILED,ATM
T0007169,A001450,2024-10-07 08:04:54.530779,Deposit,111794.16,INR,SUCCESS,ATM
T0007170,A001161,2026-04-20 20:21:04.530779,Deposit,163904.64,INR,FAILED,ATM
T0007171,A000237,2024-10-11 18:12:44.530779,Deposit,93939.88,INR,SUCCESS,Online
T0007172,A000905,2026-05-02 03:14:09.530779,Fee,94024.09,INR,SUCCESS,Online
T0007173,A000333,2025-08-19 21:28:04.530779,Deposit,135123.0,INR,FAILED,Mobile
T0007174,A001187,2026-02-12 09:57:44.530779,Transfer,88531.27,INR,FAILED,Mobile
T0007175,A000175,2026-05-21 06:16:54.530779,Fee,91143.59,INR,PENDING,Branch
T0007176,A000525,2025-10-19 11:31:35.530779,Fee,241146.01,INR,FAILED,Branch
T0007177,A000303,2026-02-24 03:17:18.530779,Payment,129350.85,INR,PENDING,Online
T0007178,A001286,2024-09-27 16:30:12.530779,Interest,185393.46,INR,FAILED,Mobile
T0007179,A000166,2025-03-19 01:34:28.530779,Fee,116141.34,INR,PENDING,Mobile
T0007180,A001286,2024-10-13 17:17:19.530779,Fee,30254.97,INR,PENDING,Branch
T0007181,A001472,2025-01-29 08:30:57.530779,Withdrawal,81832.49,INR,PENDING,Online
T0007182,A001468,2024-12-15 22:58:45.530779,Fee,162604.76,INR,SUCCESS,Branch
T0007183,A000202,2026-01-07 14:40:14.530779,Transfer,212836.88,INR,PENDING,Online
T0007184,A000545,2025-12-24 17:44:16.530779,Transfer,31790.75,INR,FAILED,Branch
T0007185,A000126,2025-12-09 00:08:12.530779,Transfer,217467.71,INR,SUCCESS,ATM
T0007186,A000843,2026-06-04 15:35:09.530779,Transfer,124289.06,INR,SUCCESS,ATM
T0007187,A000717,2025-06-09 10:17:18.530779,Fee,75402.01,INR,FAILED,ATM
T0007188,A000801,2024-12-18 21:05:44.530779,Deposit,63641.13,INR,PENDING,Online
T0007189,A000058,2024-11-27 09:03:51.530779,Interest,219621.31,INR,SUCCESS,ATM
T0007190,A000616,2025-07-27 22:54:29.530779,Transfer,214016.27,INR,FAILED,Mobile
T0007191,A000297,2026-07-16 13:03:04.530779,Deposit,105308.87,INR,SUCCESS,Branch
T0007192,A001379,2025-04-30 20:37:17.530779,Deposit,114426.12,INR,FAILED,Branch
T0007193,A000731,2025-11-05 17:07:34.530779,Interest,38020.59,INR,FAILED,ATM
T0007194,A000493,2025-03-24 23:56:33.530779,Deposit,209457.44,INR,FAILED,Branch
T0007195,A001012,2026-05-16 21:02:45.530779,Deposit,101155.08,INR,FAILED,Online
T0007196,A000569,2025-01-02 04:11:50.530779,Transfer,189300.52,INR,FAILED,Branch
T0007197,A000893,2026-04-06 07:56:27.530779,Withdrawal,81891.41,INR,PENDING,Branch
T0007198,A000211,2026-02-25 01:12:22.530779,Fee,34849.46,INR,SUCCESS,Branch
T0007199,A000851,2025-01-20 14:39:51.530779,Withdrawal,51658.67,INR,PENDING,Mobile
T0007200,A000860,2025-09-21 05:59:25.530779,Deposit,21308.13,INR,PENDING,Branch
T0007201,A000704,2025-03-16 14:35:57.530779,Transfer,126283.25,INR,SUCCESS,Mobile
T0007202,A000389,2025-12-09 03:01:07.530779,Transfer,163955.73,INR,FAILED,Mobile
T0007203,A000169,2025-12-26 23:37:38.530779,Interest,246824.43,INR,PENDING,Mobile
T0007204,A001324,2025-04-26 06:47:34.530779,Withdrawal,160946.4,INR,SUCCESS,Online
T0007205,A001401,2025-03-09 11:14:11.530779,Withdrawal,10867.93,INR,PENDING,Branch
T0007206,A000035,2026-01-15 10:40:29.530779,Payment,23563.47,INR,PENDING,ATM
T0007207,A000232,2025-05-03 07:53:32.530779,Deposit,85096.44,INR,FAILED,Mobile
T0007208,A000364,2025-08-17 14:31:42.530779,Interest,138931.4,INR,FAILED,ATM
T0007209,A001043,2025-04-05 03:18:23.530779,Transfer,135777.32,INR,SUCCESS,Mobile
T0007210,A001153,2025-10-12 09:54:12.530779,Withdrawal,27778.29,INR,SUCCESS,Branch
T0007211,A001067,2025-06-06 12:40:34.530779,Payment,187943.06,INR,FAILED,Branch
T0007212,A001253,2025-04-06 23:04:31.530779,Withdrawal,179692.3,INR,SUCCESS,Mobile
T0007213,A000889,2025-03-03 02:55:37.530779,Fee,178257.68,INR,PENDING,Online
T0007214,A000196,2026-01-09 23:32:34.530779,Fee,39069.99,INR,SUCCESS,ATM
T0007215,A000539,2025-08-30 17:14:46.530779,Interest,21993.9,INR,SUCCESS,ATM
T0007216,A000213,2024-12-31 05:55:27.530779,Fee,136581.16,INR,PENDING,Mobile
T0007217,A001335,2025-07-13 23:58:59.530779,Deposit,117343.5,INR,PENDING,Online
T0007218,A000546,2026-05-20 10:30:05.530779,Interest,177312.88,INR,PENDING,ATM
T0007219,A000796,2026-01-17 15:20:20.530779,Fee,188826.48,INR,FAILED,Mobile
T0007220,A000842,2025-09-07 06:46:13.530779,Payment,208338.15,INR,SUCCESS,Branch
T0007221,A000089,2025-01-23 04:23:34.530779,Withdrawal,76337.04,INR,FAILED,Branch
T0007222,A000251,2026-08-29 09:12:03.530779,Interest,244880.12,INR,FAILED,ATM
T0007223,A001268,2025-10-14 11:58:20.530779,Interest,236094.91,INR,SUCCESS,Online
T0007224,A000379,2024-11-07 04:10:45.530779,Transfer,244510.17,INR,SUCCESS,Mobile
T0007225,A000825,2025-12-24 02:45:46.530779,Payment,77847.31,INR,SUCCESS,Mobile
T0007226,A000174,2026-08-31 12:22:33.530779,Fee,155679.4,INR,FAILED,Mobile
T0007227,A000141,2024-11-26 01:50:03.530779,Transfer,33457.98,INR,PENDING,Mobile
T0007228,A001261,2025-12-15 23:44:47.530779,Interest,144644.85,INR,PENDING,Online
T0007229,A000879,2025-11-25 16:35:00.530779,Interest,64240.31,INR,SUCCESS,Online
T0007230,A001421,2024-12-24 17:35:05.530779,Withdrawal,18882.49,INR,SUCCESS,Online
T0007231,A000064,2026-06-09 03:36:22.530779,Interest,191518.5,INR,FAILED,Online
T0007232,A000381,2024-11-08 11:30:01.530779,Interest,230886.65,INR,FAILED,ATM
T0007233,A001096,2025-10-21 14:38:00.530779,Payment,177545.59,INR,SUCCESS,Online
T0007234,A001224,2025-04-13 19:23:32.530779,Transfer,52718.84,INR,PENDING,Mobile
T0007235,A001446,2025-02-05 16:09:16.530779,Fee,57601.06,INR,PENDING,Mobile
T0007236,A000342,2026-05-26 23:43:34.530779,Transfer,197330.26,INR,SUCCESS,ATM
T0007237,A001114,2025-06-21 18:40:56.530779,Fee,216731.89,INR,SUCCESS,Branch
T0007238,A001486,2025-11-13 21:13:20.530779,Interest,108984.48,INR,FAILED,Branch
T0007239,A000639,2025-11-02 10:52:41.530779,Withdrawal,142987.36,INR,PENDING,Mobile
T0007240,A000205,2026-04-10 20:03:59.530779,Transfer,105983.78,INR,SUCCESS,Mobile
T0007241,A000702,2026-07-23 10:11:09.530779,Interest,59190.81,INR,FAILED,ATM
T0007242,A000157,2026-05-08 01:49:30.530779,Payment,8612.45,INR,PENDING,ATM
T0007243,A001115,2026-08-16 16:22:37.530779,Interest,237136.88,INR,PENDING,Mobile
T0007244,A000438,2025-02-15 05:22:36.530779,Interest,178445.98,INR,PENDING,ATM
T0007245,A000594,2026-07-01 20:17:26.530779,Transfer,113579.32,INR,PENDING,ATM
T0007246,A001076,2026-03-22 10:29:20.530779,Transfer,196312.26,INR,FAILED,ATM
T0007247,A000165,2025-07-25 11:23:31.530779,Interest,65692.74,INR,SUCCESS,ATM
T0007248,A001272,2026-01-07 04:32:33.530779,Interest,146647.61,INR,FAILED,Mobile
T0007249,A000983,2025-10-13 01:26:53.530779,Deposit,54932.43,INR,PENDING,Online
T0007250,A001096,2025-06-23 07:57:36.530779,Withdrawal,110224.43,INR,FAILED,Branch
T0007251,A000434,2025-01-16 04:14:46.530779,Interest,150309.82,INR,FAILED,ATM
T0007252,A000302,2025-09-30 22:38:19.530779,Transfer,181125.9,INR,SUCCESS,Mobile
T0007253,A000022,2025-12-16 05:43:13.530779,Payment,198513.7,INR,FAILED,Mobile
T0007254,A001386,2024-11-20 22:00:36.530779,Payment,140453.1,INR,SUCCESS,Mobile
T0007255,A001146,2025-06-08 14:00:17.530779,Payment,40308.9,INR,PENDING,Branch
T0007256,A001154,2025-09-06 07:09:05.530779,Deposit,204201.72,INR,SUCCESS,Mobile
T0007257,A001059,2026-04-05 05:11:20.530779,Interest,141151.62,INR,SUCCESS,Mobile
T0007258,A000907,2025-08-13 23:54:29.530779,Withdrawal,155639.52,INR,FAILED,ATM
T0007259,A000744,2025-09-01 23:49:33.530779,Deposit,97862.63,INR,SUCCESS,ATM
T0007260,A000543,2024-12-25 02:35:01.530779,Payment,33364.77,INR,PENDING,ATM
T0007261,A000834,2025-10-29 22:32:03.530779,Withdrawal,17942.52,INR,PENDING,Branch
T0007262,A001466,2025-03-04 16:15:05.530779,Withdrawal,77509.38,INR,PENDING,Online
T0007263,A000743,2025-07-29 09:13:40.530779,Payment,217137.65,INR,FAILED,Online
T0007264,A001214,2026-09-16 09:12:24.530779,Fee,113152.69,INR,SUCCESS,Online
T0007265,A000532,2024-11-30 10:12:29.530779,Payment,187423.07,INR,SUCCESS,ATM
T0007266,A000582,2025-08-15 11:14:15.530779,Transfer,199948.58,INR,SUCCESS,Mobile
T0007267,A000287,2026-07-23 04:36:33.530779,Deposit,226890.86,INR,PENDING,ATM
T0007268,A000419,2026-04-16 03:04:29.530779,Deposit,32122.8,INR,SUCCESS,ATM
T0007269,A000115,2026-06-03 08:21:03.530779,Fee,143524.78,INR,PENDING,Mobile
T0007270,A001437,2024-10-14 20:01:55.530779,Withdrawal,163465.33,INR,SUCCESS,Mobile
T0007271,A000338,2026-09-19 00:52:13.530779,Interest,238629.97,INR,FAILED,Online
T0007272,A000835,2026-02-13 14:57:56.530779,Fee,109723.11,INR,PENDING,Branch
T0007273,A001427,2026-03-17 06:45:32.530779,Fee,39810.24,INR,SUCCESS,Branch
T0007274,A000919,2026-09-14 14:18:42.530779,Transfer,15185.24,INR,SUCCESS,Online
T0007275,A000999,2026-05-25 16:56:11.530779,Withdrawal,82002.81,INR,FAILED,Branch
T0007276,A001364,2025-03-28 12:43:51.530779,Fee,87574.54,INR,SUCCESS,Online
T0007277,A000446,2025-02-11 02:44:00.530779,Transfer,83170.78,INR,SUCCESS,Online
T0007278,A000693,2025-01-19 05:19:11.530779,Withdrawal,63195.39,INR,SUCCESS,Branch
T0007279,A000880,2025-06-11 13:35:10.530779,Fee,55740.97,INR,SUCCESS,Branch
T0007280,A000673,2026-01-19 22:32:13.530779,Payment,74680.75,INR,SUCCESS,Mobile
T0007281,A000549,2026-06-26 02:34:17.530779,Fee,43953.93,INR,SUCCESS,Online
T0007282,A000677,2026-06-16 08:54:31.530779,Interest,123496.14,INR,SUCCESS,ATM
T0007283,A000466,2025-10-08 11:05:23.530779,Withdrawal,25296.24,INR,PENDING,ATM
T0007284,A000002,2025-09-15 10:58:42.530779,Withdrawal,96938.58,INR,PENDING,ATM
T0007285,A000723,2025-09-30 23:55:46.530779,Fee,204117.4,INR,PENDING,Branch
T0007286,A000326,2024-11-14 16:16:16.530779,Withdrawal,246327.0,INR,PENDING,ATM
T0007287,A000409,2026-05-05 20:25:21.530779,Fee,37530.21,INR,PENDING,Branch
T0007288,A001185,2025-10-22 17:49:53.530779,Fee,3733.08,INR,SUCCESS,Branch
T0007289,A001483,2026-06-29 11:49:37.530779,Withdrawal,132605.87,INR,FAILED,ATM
T0007290,A000644,2025-04-08 00:35:37.530779,Withdrawal,165094.53,INR,PENDING,Branch
T0007291,A000196,2025-01-03 08:41:54.530779,Payment,207258.49,INR,SUCCESS,Branch
T0007292,A001307,2024-10-08 16:11:44.530779,Withdrawal,124200.71,INR,FAILED,Mobile
T0007293,A001350,2024-10-19 01:04:13.530779,Interest,213607.4,INR,SUCCESS,Mobile
T0007294,A000602,2026-07-17 22:01:19.530779,Deposit,221645.43,INR,FAILED,Mobile
T0007295,A000971,2026-05-29 15:33:09.530779,Interest,140280.93,INR,SUCCESS,Online
T0007296,A000757,2025-06-15 17:55:05.530779,Fee,25164.69,INR,FAILED,Online
T0007297,A000350,2025-09-22 09:05:10.530779,Transfer,139076.77,INR,FAILED,ATM
T0007298,A000632,2026-06-30 01:01:58.530779,Deposit,191951.56,INR,FAILED,Online
T0007299,A001393,2025-06-12 23:39:36.530779,Fee,214898.43,INR,PENDING,Branch
T0007300,A000716,2026-02-01 20:24:52.530779,Deposit,80884.88,INR,FAILED,Mobile
T0007301,A000235,2025-02-04 20:57:58.530779,Interest,49962.27,INR,PENDING,Online
T0007302,A000816,2026-06-25 01:43:31.530779,Fee,130922.3,INR,PENDING,Online
T0007303,A000827,2025-08-01 16:49:16.530779,Interest,58984.6,INR,SUCCESS,ATM
T0007304,A001222,2026-01-15 22:46:18.530779,Deposit,76261.51,INR,FAILED,Mobile
T0007305,A000284,2026-02-15 10:25:25.530779,Payment,219865.4,INR,FAILED,Branch
T0007306,A000210,2025-12-31 09:33:24.530779,Payment,84097.91,INR,FAILED,ATM
T0007307,A000903,2025-11-11 13:05:06.530779,Fee,85948.89,INR,FAILED,Mobile
T0007308,A000208,2026-08-21 15:34:06.530779,Payment,74206.3,INR,FAILED,Online
T0007309,A000194,2026-07-20 03:33:45.530779,Payment,201299.15,INR,FAILED,ATM
T0007310,A000146,2025-02-08 10:44:30.530779,Payment,29505.5,INR,PENDING,Branch
T0007311,A001122,2025-07-25 17:17:40.530779,Withdrawal,78695.35,INR,PENDING,Mobile
T0007312,A000355,2025-06-26 06:51:26.530779,Transfer,22042.17,INR,SUCCESS,Online
T0007313,A001348,2024-10-17 05:27:21.530779,Fee,130906.57,INR,PENDING,Online
T0007314,A001366,2025-06-21 20:14:27.530779,Deposit,67538.04,INR,SUCCESS,Online
T0007315,A000094,2024-12-20 04:08:04.530779,Deposit,161772.39,INR,FAILED,Branch
T0007316,A000191,2025-06-11 19:49:18.530779,Transfer,171667.44,INR,PENDING,Branch
T0007317,A000562,2024-12-27 20:50:20.530779,Withdrawal,47285.82,INR,PENDING,Online
T0007318,A000354,2025-03-29 01:53:43.530779,Transfer,80596.11,INR,PENDING,Mobile
T0007319,A000018,2025-06-15 16:49:36.530779,Fee,242123.44,INR,PENDING,Branch
T0007320,A000370,2024-11-03 20:42:58.530779,Payment,129398.11,INR,FAILED,Branch
T0007321,A000840,2025-06-22 06:27:31.530779,Interest,72096.78,INR,FAILED,ATM
T0007322,A001391,2025-03-21 10:42:03.530779,Payment,15282.83,INR,SUCCESS,Branch
T0007323,A001289,2026-06-21 03:21:50.530779,Transfer,205991.04,INR,PENDING,ATM
T0007324,A000894,2025-11-02 14:11:59.530779,Fee,156501.03,INR,SUCCESS,Branch
T0007325,A001171,2026-09-05 05:46:25.530779,Payment,37366.33,INR,SUCCESS,Online
T0007326,A000897,2026-03-09 23:01:13.530779,Deposit,127242.46,INR,FAILED,Mobile
T0007327,A000567,2025-04-21 10:26:43.530779,Transfer,57722.18,INR,FAILED,ATM
T0007328,A000354,2024-11-06 19:24:55.530779,Fee,223403.78,INR,SUCCESS,Mobile
T0007329,A000798,2026-02-27 11:09:33.530779,Interest,214266.49,INR,PENDING,Online
T0007330,A000621,2025-02-08 19:42:48.530779,Transfer,581.39,INR,SUCCESS,Branch
T0007331,A000860,2026-03-03 06:43:01.530779,Interest,33056.42,INR,FAILED,ATM
T0007332,A000223,2026-06-14 10:12:32.530779,Interest,218856.85,INR,FAILED,Branch
T0007333,A000541,2026-05-26 01:26:24.530779,Transfer,113977.94,INR,SUCCESS,ATM
T0007334,A001297,2025-05-18 17:17:22.530779,Fee,41767.81,INR,PENDING,Online
T0007335,A001106,2025-12-05 00:11:46.530779,Withdrawal,62356.86,INR,PENDING,Mobile
T0007336,A000029,2024-10-01 00:01:18.530779,Interest,159157.68,INR,PENDING,Branch
T0007337,A000863,2026-03-22 23:44:27.530779,Interest,120482.41,INR,PENDING,Mobile
T0007338,A000865,2026-06-22 09:11:24.530779,Transfer,157918.61,INR,SUCCESS,Online
T0007339,A000306,2026-06-06 04:47:50.530779,Withdrawal,238152.68,INR,SUCCESS,Mobile
T0007340,A000212,2026-02-28 19:21:59.530779,Payment,155895.21,INR,SUCCESS,ATM
T0007341,A000358,2026-03-23 07:19:54.530779,Interest,224066.87,INR,SUCCESS,Mobile
T0007342,A000462,2026-02-08 04:39:31.530779,Transfer,64835.25,INR,FAILED,Online
T0007343,A001057,2025-10-26 01:32:14.530779,Withdrawal,139093.37,INR,PENDING,Online
T0007344,A001197,2025-06-07 19:12:33.530779,Interest,148757.44,INR,PENDING,Mobile
T0007345,A000440,2026-08-07 05:24:11.530779,Interest,238895.64,INR,SUCCESS,Mobile
T0007346,A000871,2026-02-16 10:23:30.530779,Payment,29953.43,INR,PENDING,Branch
T0007347,A001042,2024-12-12 01:04:55.530779,Interest,23541.79,INR,PENDING,Branch
T0007348,A000228,2025-04-09 04:46:14.530779,Withdrawal,160828.69,INR,FAILED,ATM
T0007349,A000166,2026-08-18 05:55:50.530779,Transfer,86250.45,INR,FAILED,ATM
T0007350,A000269,2025-06-10 15:41:21.530779,Withdrawal,119571.25,INR,PENDING,Online
T0007351,A001251,2025-06-17 18:12:48.530779,Interest,159289.53,INR,FAILED,ATM
T0007352,A000359,2025-06-07 05:26:51.530779,Interest,85874.71,INR,PENDING,Branch
T0007353,A000448,2025-04-13 00:35:18.530779,Payment,63341.17,INR,FAILED,Online
T0007354,A000897,2026-03-11 07:08:55.530779,Transfer,211667.85,INR,SUCCESS,Online
T0007355,A001350,2024-11-12 13:59:54.530779,Deposit,207699.48,INR,PENDING,Mobile
T0007356,A000932,2024-09-22 22:41:47.530779,Payment,60866.72,INR,FAILED,Branch
T0007357,A001040,2026-01-27 12:39:40.530779,Transfer,145431.66,INR,FAILED,Branch
T0007358,A000959,2024-12-24 10:58:38.530779,Withdrawal,56648.72,INR,FAILED,Mobile
T0007359,A001022,2026-02-15 07:08:35.530779,Fee,241627.16,INR,SUCCESS,Mobile
T0007360,A000597,2026-03-20 20:59:15.530779,Interest,14099.05,INR,FAILED,ATM
T0007361,A000778,2026-08-16 16:07:21.530779,Deposit,237991.04,INR,SUCCESS,Branch
T0007362,A000315,2026-03-11 03:47:27.530779,Interest,169165.48,INR,SUCCESS,Branch
T0007363,A000821,2026-06-02 22:26:20.530779,Withdrawal,70037.95,INR,SUCCESS,ATM
T0007364,A000537,2025-03-01 05:15:02.530779,Interest,33294.52,INR,FAILED,ATM
T0007365,A000922,2025-11-30 03:38:48.530779,Interest,61437.52,INR,FAILED,Mobile
T0007366,A000975,2024-11-14 02:18:02.530779,Interest,173359.64,INR,SUCCESS,Online
T0007367,A000658,2025-01-13 15:40:30.530779,Interest,82594.4,INR,PENDING,Branch
T0007368,A000603,2025-12-29 16:09:48.530779,Payment,62024.19,INR,SUCCESS,Online
T0007369,A001466,2025-11-22 15:55:59.530779,Transfer,216638.23,INR,FAILED,Online
T0007370,A000255,2026-09-16 17:18:15.530779,Interest,99701.12,INR,PENDING,Branch
T0007371,A000108,2026-03-05 18:11:19.530779,Withdrawal,4635.06,INR,SUCCESS,ATM
T0007372,A000449,2026-05-02 04:21:51.530779,Interest,169128.46,INR,SUCCESS,Online
T0007373,A000460,2026-04-16 07:14:07.530779,Transfer,30252.66,INR,PENDING,Branch
T0007374,A001448,2025-01-21 11:05:07.530779,Transfer,197523.0,INR,SUCCESS,Mobile
T0007375,A000398,2026-06-13 22:11:55.530779,Deposit,194346.58,INR,SUCCESS,Online
T0007376,A000552,2025-04-02 12:52:13.530779,Withdrawal,26447.18,INR,SUCCESS,Branch
T0007377,A000310,2025-05-03 03:24:35.530779,Interest,142842.15,INR,PENDING,Online
T0007378,A001055,2025-06-24 19:29:03.530779,Interest,214553.38,INR,PENDING,Online
T0007379,A001022,2026-06-13 19:07:50.530779,Interest,91308.52,INR,PENDING,Branch
T0007380,A001422,2025-05-11 04:27:29.530779,Withdrawal,160571.74,INR,SUCCESS,Branch
T0007381,A001274,2026-03-11 00:50:56.530779,Fee,35898.23,INR,PENDING,Mobile
T0007382,A001105,2026-09-07 20:21:57.530779,Payment,52745.03,INR,PENDING,Online
T0007383,A000860,2026-06-26 00:50:55.530779,Withdrawal,7903.98,INR,FAILED,Branch
T0007384,A000403,2026-04-18 14:31:46.530779,Deposit,192118.08,INR,PENDING,Online
T0007385,A000139,2025-10-21 20:30:09.530779,Fee,188664.55,INR,PENDING,Branch
T0007386,A000958,2026-01-24 00:51:05.530779,Interest,95017.58,INR,PENDING,Branch
T0007387,A000562,2025-06-09 09:21:10.530779,Fee,16158.1,INR,PENDING,ATM
T0007388,A000217,2024-12-12 00:58:06.530779,Transfer,65754.54,INR,SUCCESS,Branch
T0007389,A000685,2025-03-18 11:11:11.530779,Payment,57215.88,INR,PENDING,Online
T0007390,A001077,2026-02-18 01:07:15.530779,Payment,33979.33,INR,PENDING,ATM
T0007391,A000034,2025-03-18 07:35:38.530779,Withdrawal,40424.42,INR,PENDING,Branch
T0007392,A001416,2025-03-23 17:04:48.530779,Transfer,39642.11,INR,PENDING,ATM
T0007393,A001495,2025-03-11 17:09:57.530779,Interest,36882.98,INR,SUCCESS,Online
T0007394,A000454,2026-09-07 09:07:43.530779,Transfer,17040.3,INR,FAILED,Branch
T0007395,A000325,2025-05-17 19:10:04.530779,Payment,115556.96,INR,FAILED,Branch
T0007396,A000903,2025-02-02 16:21:49.530779,Payment,27488.91,INR,PENDING,ATM
T0007397,A000722,2025-11-11 00:23:47.530779,Withdrawal,175643.59,INR,FAILED,Branch
T0007398,A000902,2025-08-25 22:40:23.530779,Transfer,224159.23,INR,SUCCESS,Branch
T0007399,A000532,2026-03-25 07:53:08.530779,Interest,161718.98,INR,FAILED,Branch
T0007400,A001424,2024-12-25 14:58:45.530779,Transfer,189184.24,INR,FAILED,Mobile
T0007401,A001157,2026-06-10 04:00:37.530779,Deposit,190844.25,INR,FAILED,Mobile
T0007402,A000667,2025-10-23 00:08:13.530779,Withdrawal,189057.61,INR,PENDING,Online
T0007403,A000175,2026-03-30 01:46:22.530779,Deposit,5931.64,INR,FAILED,Branch
T0007404,A000240,2026-03-27 08:02:17.530779,Fee,207959.06,INR,SUCCESS,Branch
T0007405,A001310,2025-04-16 16:46:53.530779,Transfer,17767.46,INR,PENDING,Branch
T0007406,A000426,2026-08-16 01:09:52.530779,Withdrawal,46573.87,INR,SUCCESS,Online
T0007407,A000473,2026-06-21 06:40:10.530779,Fee,168546.26,INR,SUCCESS,Branch
T0007408,A000597,2025-06-11 23:02:20.530779,Transfer,66346.09,INR,PENDING,ATM
T0007409,A000988,2025-07-07 09:44:24.530779,Withdrawal,110977.71,INR,FAILED,Mobile
T0007410,A000897,2025-07-14 09:43:17.530779,Interest,182251.91,INR,FAILED,Online
T0007411,A000049,2025-12-30 10:46:54.530779,Payment,231359.49,INR,PENDING,Branch
T0007412,A001184,2025-12-24 20:07:33.530779,Interest,65286.19,INR,SUCCESS,Branch
T0007413,A000968,2025-01-21 07:23:30.530779,Payment,152358.28,INR,PENDING,Mobile
T0007414,A000770,2025-04-03 15:54:33.530779,Deposit,205565.48,INR,SUCCESS,ATM
T0007415,A000061,2026-06-01 06:52:03.530779,Fee,123135.99,INR,FAILED,Online
T0007416,A000363,2026-05-27 01:58:38.530779,Fee,245692.46,INR,SUCCESS,Online
T0007417,A000445,2025-03-04 14:12:19.530779,Transfer,199525.64,INR,PENDING,Online
T0007418,A000980,2025-09-29 15:14:33.530779,Deposit,8497.26,INR,FAILED,Mobile
T0007419,A000210,2025-03-13 11:14:55.530779,Fee,50024.44,INR,FAILED,Branch
T0007420,A000591,2025-01-31 17:54:22.530779,Transfer,57531.65,INR,PENDING,Mobile
T0007421,A001025,2026-03-28 06:06:49.530779,Transfer,7112.8,INR,SUCCESS,Mobile
T0007422,A000120,2025-09-18 04:15:31.530779,Deposit,66417.59,INR,SUCCESS,Online
T0007423,A001108,2026-04-19 01:57:43.530779,Withdrawal,125132.88,INR,PENDING,Online
T0007424,A000987,2025-02-24 10:02:49.530779,Fee,99394.86,INR,FAILED,Branch
T0007425,A001051,2026-07-28 16:24:48.530779,Withdrawal,6598.68,INR,SUCCESS,Branch
T0007426,A000546,2025-03-12 21:09:20.530779,Deposit,153796.5,INR,SUCCESS,Branch
T0007427,A000437,2025-09-13 02:21:19.530779,Payment,104025.99,INR,PENDING,ATM
T0007428,A000621,2026-03-17 03:31:08.530779,Interest,163286.32,INR,PENDING,Branch
T0007429,A001259,2026-02-08 19:56:25.530779,Deposit,139197.64,INR,FAILED,Online
T0007430,A000006,2026-06-20 05:00:46.530779,Fee,180461.48,INR,FAILED,Branch
T0007431,A001051,2025-09-13 08:31:18.530779,Transfer,22887.41,INR,PENDING,ATM
T0007432,A000826,2024-10-30 13:01:02.530779,Fee,72578.51,INR,PENDING,ATM
T0007433,A000439,2026-07-01 20:37:03.530779,Interest,63120.25,INR,SUCCESS,Online
T0007434,A000358,2026-01-05 12:39:59.530779,Fee,113252.96,INR,PENDING,Branch
T0007435,A000696,2025-03-07 04:29:49.530779,Payment,196370.6,INR,PENDING,ATM
T0007436,A000358,2024-11-07 04:07:01.530779,Transfer,154287.51,INR,PENDING,Online
T0007437,A000379,2026-07-29 05:07:38.530779,Payment,42268.64,INR,FAILED,ATM
T0007438,A000750,2026-08-14 20:11:09.530779,Transfer,156336.59,INR,SUCCESS,Online
T0007439,A000650,2025-12-27 20:25:17.530779,Fee,33214.78,INR,FAILED,Branch
T0007440,A000305,2026-01-13 15:27:37.530779,Withdrawal,154721.69,INR,FAILED,Branch
T0007441,A001155,2026-03-06 06:23:34.530779,Deposit,239956.16,INR,FAILED,Online
T0007442,A001114,2025-11-10 06:46:04.530779,Deposit,100225.47,INR,SUCCESS,Branch
T0007443,A000613,2026-01-27 22:03:28.530779,Deposit,152259.9,INR,PENDING,Online
T0007444,A000956,2026-01-03 07:01:29.530779,Interest,34142.83,INR,PENDING,Online
T0007445,A000562,2026-02-13 13:38:05.530779,Fee,3852.48,INR,FAILED,Online
T0007446,A001368,2025-07-09 22:31:39.530779,Transfer,75996.33,INR,SUCCESS,Mobile
T0007447,A001253,2026-05-22 02:20:09.530779,Transfer,95644.25,INR,SUCCESS,ATM
T0007448,A001148,2026-03-09 09:39:06.530779,Transfer,17828.24,INR,PENDING,ATM
T0007449,A000260,2026-04-27 05:58:05.530779,Fee,56057.83,INR,FAILED,Branch
T0007450,A000277,2024-10-24 04:17:57.530779,Fee,58601.69,INR,FAILED,Online
T0007451,A000615,2024-12-12 17:10:56.530779,Fee,158721.96,INR,SUCCESS,Branch
T0007452,A001107,2026-06-18 08:15:50.530779,Interest,11642.27,INR,PENDING,ATM
T0007453,A000972,2025-10-26 00:38:25.530779,Deposit,165312.52,INR,FAILED,Mobile
T0007454,A000998,2025-08-31 03:14:55.530779,Transfer,151597.35,INR,SUCCESS,Branch
T0007455,A000135,2025-03-03 14:47:49.530779,Deposit,135325.48,INR,FAILED,ATM
T0007456,A001321,2025-10-31 06:44:48.530779,Deposit,188899.47,INR,FAILED,Branch
T0007457,A000814,2026-08-19 20:58:15.530779,Deposit,191636.39,INR,FAILED,ATM
T0007458,A001097,2024-11-10 18:38:14.530779,Interest,152210.48,INR,FAILED,ATM
T0007459,A000656,2025-08-29 17:50:19.530779,Withdrawal,221939.26,INR,PENDING,Branch
T0007460,A000167,2026-03-25 18:03:05.530779,Payment,177861.2,INR,PENDING,Online
T0007461,A000676,2026-06-20 14:09:44.530779,Deposit,26311.48,INR,PENDING,Branch
T0007462,A000621,2025-07-09 22:52:26.530779,Interest,118745.53,INR,SUCCESS,Online
T0007463,A000927,2026-01-19 22:44:49.530779,Fee,191201.23,INR,FAILED,ATM
T0007464,A000977,2026-01-05 09:48:43.530779,Interest,115590.81,INR,FAILED,Online
T0007465,A000701,2026-03-07 22:38:52.530779,Interest,84888.08,INR,PENDING,Mobile
T0007466,A000765,2025-08-05 19:06:02.530779,Payment,70965.95,INR,PENDING,Mobile
T0007467,A001446,2025-03-09 16:24:37.530779,Transfer,77113.51,INR,SUCCESS,ATM
T0007468,A000308,2025-11-30 12:40:39.530779,Payment,113540.33,INR,SUCCESS,ATM
T0007469,A000799,2025-10-17 05:19:19.530779,Payment,221947.82,INR,PENDING,Online
T0007470,A000753,2026-03-26 01:29:54.530779,Withdrawal,112703.45,INR,PENDING,Mobile
T0007471,A001144,2024-10-17 01:04:14.530779,Transfer,63785.04,INR,SUCCESS,Online
T0007472,A001461,2025-11-26 09:32:08.530779,Payment,9863.77,INR,PENDING,Branch
T0007473,A001156,2026-07-01 10:40:54.530779,Withdrawal,215533.89,INR,SUCCESS,Branch
T0007474,A001423,2025-08-28 11:24:20.530779,Fee,52727.46,INR,PENDING,Mobile
T0007475,A001340,2025-05-08 07:41:03.530779,Deposit,65928.81,INR,SUCCESS,Mobile
T0007476,A001047,2025-09-21 09:49:42.530779,Transfer,232768.69,INR,PENDING,Mobile
T0007477,A000357,2026-02-15 22:22:23.530779,Interest,2095.29,INR,FAILED,Branch
T0007478,A000426,2025-12-09 11:08:53.530779,Transfer,125049.08,INR,FAILED,Online
T0007479,A000044,2024-10-25 20:05:14.530779,Deposit,37998.82,INR,PENDING,Online
T0007480,A000041,2024-09-20 00:51:29.530779,Withdrawal,223981.07,INR,PENDING,Branch
T0007481,A000185,2025-11-02 14:19:59.530779,Payment,140225.59,INR,PENDING,Branch
T0007482,A001422,2025-06-09 10:39:32.530779,Fee,229738.14,INR,PENDING,Online
T0007483,A001013,2025-10-25 04:39:32.530779,Interest,121616.65,INR,FAILED,ATM
T0007484,A001500,2024-09-23 04:48:26.530779,Fee,190813.04,INR,SUCCESS,ATM
T0007485,A000316,2024-11-22 02:31:36.530779,Withdrawal,203264.85,INR,PENDING,Online
T0007486,A000755,2025-09-25 06:45:33.530779,Withdrawal,114180.67,INR,PENDING,Mobile
T0007487,A001214,2026-01-25 02:05:17.530779,Payment,216089.9,INR,PENDING,Branch
T0007488,A000343,2025-01-17 13:07:03.530779,Transfer,34160.76,INR,SUCCESS,Mobile
T0007489,A000225,2026-03-17 00:20:06.530779,Interest,12208.01,INR,FAILED,Online
T0007490,A000945,2025-01-16 15:23:43.530779,Transfer,77196.18,INR,SUCCESS,Mobile
T0007491,A000769,2025-07-20 19:47:10.530779,Transfer,143670.3,INR,FAILED,ATM
T0007492,A001122,2024-09-29 16:01:23.530779,Withdrawal,23881.11,INR,SUCCESS,Mobile
T0007493,A000654,2025-05-05 03:37:36.530779,Interest,56642.52,INR,PENDING,Branch
T0007494,A000212,2025-10-11 05:43:49.530779,Payment,71751.16,INR,PENDING,Online
T0007495,A000927,2026-07-04 07:29:08.530779,Transfer,26236.48,INR,SUCCESS,Branch
T0007496,A000837,2025-07-03 19:51:33.530779,Interest,96186.95,INR,PENDING,Mobile
T0007497,A001471,2025-04-02 21:37:18.530779,Payment,168524.84,INR,SUCCESS,Mobile
T0007498,A000806,2025-12-19 18:41:44.530779,Deposit,39924.66,INR,PENDING,ATM
T0007499,A000847,2026-09-02 22:09:45.530779,Withdrawal,221789.02,INR,FAILED,ATM
T0007500,A000140,2026-07-23 00:02:26.530779,Withdrawal,16689.33,INR,PENDING,Online
T0007501,A001465,2025-06-15 20:59:10.530779,Fee,87069.08,INR,FAILED,Mobile
T0007502,A000749,2025-08-30 20:25:33.530779,Withdrawal,235945.61,INR,SUCCESS,Branch
T0007503,A001166,2025-09-28 09:19:01.530779,Interest,122054.01,INR,FAILED,ATM
T0007504,A001389,2025-06-09 12:33:59.530779,Interest,146892.86,INR,SUCCESS,ATM
T0007505,A000145,2025-08-06 04:48:39.530779,Deposit,34292.7,INR,PENDING,Mobile
T0007506,A001365,2026-02-18 19:16:55.530779,Payment,510.96,INR,FAILED,Online
T0007507,A000880,2025-05-30 22:33:17.530779,Deposit,211929.81,INR,SUCCESS,Online
T0007508,A000013,2025-02-11 03:02:43.530779,Deposit,71646.68,INR,PENDING,Branch
T0007509,A000725,2026-06-05 16:35:49.530779,Withdrawal,20307.14,INR,SUCCESS,ATM
T0007510,A000643,2026-04-07 15:08:37.530779,Transfer,43907.15,INR,PENDING,ATM
T0007511,A001443,2026-09-14 15:12:38.530779,Fee,96003.45,INR,SUCCESS,Mobile
T0007512,A000113,2025-03-08 21:54:19.530779,Interest,160874.43,INR,FAILED,ATM
T0007513,A000182,2024-12-25 16:10:36.530779,Deposit,86863.1,INR,FAILED,Branch
T0007514,A001500,2025-04-27 21:17:41.530779,Withdrawal,155051.52,INR,PENDING,Branch
T0007515,A000954,2026-04-30 00:37:44.530779,Deposit,208318.37,INR,FAILED,Branch
T0007516,A000685,2025-02-12 08:10:46.530779,Fee,240798.95,INR,PENDING,Mobile
T0007517,A001180,2026-04-18 22:27:55.530779,Interest,221599.18,INR,FAILED,Online
T0007518,A001302,2026-01-06 12:41:40.530779,Withdrawal,13690.35,INR,FAILED,Branch
T0007519,A000628,2024-10-13 00:52:44.530779,Fee,48926.17,INR,SUCCESS,Branch
T0007520,A000947,2025-10-25 04:09:12.530779,Withdrawal,219427.38,INR,FAILED,ATM
T0007521,A000323,2025-04-26 19:18:51.530779,Payment,210663.75,INR,FAILED,Mobile
T0007522,A000320,2026-04-14 07:57:25.530779,Interest,204770.83,INR,SUCCESS,Mobile
T0007523,A000872,2025-08-31 01:33:17.530779,Withdrawal,76089.42,INR,SUCCESS,Branch
T0007524,A000475,2025-05-19 04:24:55.530779,Deposit,17920.21,INR,FAILED,ATM
T0007525,A000745,2025-11-28 17:00:19.530779,Deposit,62316.56,INR,SUCCESS,ATM
T0007526,A001109,2025-07-19 02:31:37.530779,Transfer,173812.88,INR,SUCCESS,Mobile
T0007527,A000216,2026-05-11 17:27:04.530779,Deposit,203536.65,INR,SUCCESS,Online
T0007528,A000444,2025-06-29 09:16:27.530779,Withdrawal,9059.96,INR,SUCCESS,Online
T0007529,A000495,2026-05-07 20:49:04.530779,Transfer,10352.24,INR,PENDING,Branch
T0007530,A000113,2026-09-03 00:08:51.530779,Interest,132302.53,INR,FAILED,Branch
T0007531,A001366,2026-02-17 10:03:02.530779,Fee,98134.2,INR,FAILED,ATM
T0007532,A000720,2025-02-26 05:21:18.530779,Withdrawal,212396.08,INR,FAILED,Branch
T0007533,A000958,2026-03-09 12:13:58.530779,Transfer,91616.63,INR,FAILED,ATM
T0007534,A001191,2025-08-05 04:34:57.530779,Withdrawal,123615.77,INR,FAILED,Online
T0007535,A000431,2024-12-17 21:23:01.530779,Withdrawal,200950.18,INR,SUCCESS,Branch
T0007536,A001249,2025-12-15 10:47:37.530779,Transfer,34490.59,INR,SUCCESS,Mobile
T0007537,A000790,2024-12-21 14:52:47.530779,Deposit,153317.03,INR,FAILED,Mobile
T0007538,A000210,2025-04-03 17:58:07.530779,Transfer,152309.46,INR,FAILED,Online
T0007539,A000372,2026-08-26 09:54:20.530779,Interest,5537.06,INR,PENDING,Mobile
T0007540,A000935,2026-08-01 11:00:41.530779,Payment,112405.8,INR,SUCCESS,Online
T0007541,A000104,2025-03-20 08:39:25.530779,Transfer,147438.19,INR,PENDING,Branch
T0007542,A000769,2026-09-18 07:11:22.530779,Withdrawal,188626.01,INR,SUCCESS,Branch
T0007543,A000720,2025-09-01 22:42:20.530779,Withdrawal,54601.29,INR,FAILED,Mobile
T0007544,A000990,2026-06-28 10:15:45.530779,Payment,162579.66,INR,SUCCESS,Online
T0007545,A001099,2025-12-08 11:05:24.530779,Transfer,127368.81,INR,FAILED,Branch
T0007546,A001290,2025-09-19 10:21:09.530779,Payment,214124.09,INR,PENDING,Online
T0007547,A001136,2025-09-08 22:36:48.530779,Fee,122383.95,INR,PENDING,Online
T0007548,A001460,2026-07-07 08:20:37.530779,Payment,188325.11,INR,FAILED,Online
T0007549,A000639,2025-06-21 22:49:03.530779,Interest,216052.94,INR,PENDING,Mobile
T0007550,A000958,2025-11-12 18:48:12.530779,Payment,28703.38,INR,SUCCESS,Branch
T0007551,A000649,2025-08-06 00:17:16.530779,Payment,19735.42,INR,PENDING,ATM
T0007552,A000199,2025-09-16 12:40:30.530779,Deposit,123482.94,INR,FAILED,Online
T0007553,A000823,2026-04-18 18:24:18.530779,Fee,218251.12,INR,SUCCESS,Online
T0007554,A001081,2025-10-06 19:37:44.530779,Fee,6975.57,INR,FAILED,Online
T0007555,A000259,2026-02-16 15:23:24.530779,Fee,114112.16,INR,SUCCESS,Online
T0007556,A001039,2025-03-29 14:31:33.530779,Withdrawal,160470.03,INR,FAILED,Branch
T0007557,A000535,2025-03-11 23:01:38.530779,Withdrawal,15159.77,INR,SUCCESS,ATM
T0007558,A000198,2026-07-06 01:56:49.530779,Payment,156284.49,INR,FAILED,Branch
T0007559,A000704,2026-06-05 23:48:41.530779,Transfer,61767.91,INR,SUCCESS,Branch
T0007560,A000138,2026-04-07 03:59:38.530779,Fee,204939.29,INR,FAILED,Branch
T0007561,A000003,2024-12-14 20:37:05.530779,Interest,32835.59,INR,SUCCESS,Mobile
T0007562,A000066,2026-02-10 03:15:55.530779,Interest,118513.92,INR,SUCCESS,Mobile
T0007563,A000749,2025-09-03 15:52:25.530779,Fee,207963.44,INR,SUCCESS,Mobile
T0007564,A000416,2025-05-23 00:43:48.530779,Transfer,127227.85,INR,PENDING,Online
T0007565,A001460,2025-08-18 14:20:46.530779,Transfer,238791.92,INR,SUCCESS,Online
T0007566,A000162,2025-12-17 04:26:30.530779,Interest,14448.39,INR,PENDING,ATM
T0007567,A000137,2025-10-29 07:03:28.530779,Deposit,131302.15,INR,FAILED,Branch
T0007568,A000137,2024-10-06 23:09:57.530779,Fee,134386.14,INR,PENDING,Mobile
T0007569,A001398,2025-09-13 00:09:25.530779,Transfer,75297.4,INR,FAILED,ATM
T0007570,A000224,2026-06-16 06:19:50.530779,Fee,26740.16,INR,SUCCESS,Mobile
T0007571,A000908,2025-09-22 10:04:17.530779,Deposit,239744.23,INR,PENDING,Branch
T0007572,A000212,2025-04-05 08:44:47.530779,Withdrawal,89533.65,INR,SUCCESS,ATM
T0007573,A000921,2025-06-30 23:39:30.530779,Payment,63612.89,INR,FAILED,Online
T0007574,A001397,2026-07-17 19:41:34.530779,Payment,172981.57,INR,PENDING,ATM
T0007575,A001123,2025-04-04 14:19:18.530779,Interest,27751.21,INR,SUCCESS,ATM
T0007576,A001261,2025-08-27 07:56:43.530779,Transfer,138246.99,INR,SUCCESS,Branch
T0007577,A000903,2025-02-03 00:14:59.530779,Fee,212569.12,INR,PENDING,ATM
T0007578,A000568,2026-08-03 18:17:24.530779,Transfer,133969.19,INR,SUCCESS,Mobile
T0007579,A000909,2025-02-02 05:18:48.530779,Interest,120918.34,INR,FAILED,Online
T0007580,A001135,2025-01-30 02:55:01.530779,Deposit,105947.07,INR,FAILED,Branch
T0007581,A000363,2025-01-27 11:39:12.530779,Payment,147697.94,INR,PENDING,ATM
T0007582,A000719,2025-06-07 09:17:46.530779,Deposit,178069.34,INR,PENDING,Online
T0007583,A001002,2025-11-09 15:27:03.530779,Transfer,160205.5,INR,SUCCESS,Online
T0007584,A000031,2026-04-13 06:25:45.530779,Payment,52228.19,INR,FAILED,ATM
T0007585,A000211,2025-04-12 17:16:04.530779,Deposit,170754.72,INR,PENDING,ATM
T0007586,A000911,2025-03-10 11:30:19.530779,Interest,249328.63,INR,FAILED,Mobile
T0007587,A000489,2025-05-12 16:11:04.530779,Transfer,52767.16,INR,FAILED,Branch
T0007588,A001069,2025-01-26 10:46:13.530779,Payment,130098.21,INR,PENDING,Mobile
T0007589,A000681,2025-03-08 05:18:08.530779,Withdrawal,84228.04,INR,SUCCESS,Mobile
T0007590,A000536,2025-12-22 15:39:55.530779,Interest,98946.17,INR,PENDING,Online
T0007591,A001061,2025-04-05 07:48:18.530779,Transfer,123088.6,INR,SUCCESS,Mobile
T0007592,A000696,2026-01-20 23:46:31.530779,Fee,220445.79,INR,PENDING,Branch
T0007593,A000334,2025-08-29 04:32:25.530779,Withdrawal,197169.8,INR,PENDING,Mobile
T0007594,A000626,2024-11-05 00:39:02.530779,Deposit,158510.43,INR,SUCCESS,ATM
T0007595,A000385,2025-02-03 01:08:56.530779,Withdrawal,169506.09,INR,PENDING,Branch
T0007596,A001133,2026-07-07 07:06:16.530779,Transfer,93296.51,INR,SUCCESS,ATM
T0007597,A000257,2024-10-23 01:24:26.530779,Deposit,78536.71,INR,PENDING,Branch
T0007598,A000407,2025-05-23 19:12:02.530779,Payment,94457.19,INR,PENDING,ATM
T0007599,A000834,2026-07-07 06:18:01.530779,Transfer,126987.53,INR,PENDING,ATM
T0007600,A001241,2026-06-13 02:00:38.530779,Fee,119959.93,INR,PENDING,ATM
T0007601,A000451,2026-08-31 03:35:15.530779,Interest,160854.36,INR,FAILED,ATM
T0007602,A000508,2025-08-08 11:06:25.530779,Interest,40486.54,INR,FAILED,Branch
T0007603,A001007,2026-02-11 06:20:34.530779,Transfer,145427.22,INR,SUCCESS,Mobile
T0007604,A001326,2024-12-19 17:45:37.530779,Fee,131383.96,INR,FAILED,Online
T0007605,A000820,2025-11-01 14:40:35.530779,Withdrawal,61040.58,INR,FAILED,Mobile
T0007606,A001236,2026-02-26 00:41:31.530779,Deposit,24441.02,INR,FAILED,Online
T0007607,A000353,2025-10-13 18:01:16.530779,Transfer,151437.18,INR,FAILED,Branch
T0007608,A001388,2024-09-25 12:23:57.530779,Transfer,166750.67,INR,SUCCESS,Online
T0007609,A000065,2026-08-11 08:55:09.530779,Payment,92874.28,INR,FAILED,Branch
T0007610,A000196,2025-10-31 12:17:41.530779,Withdrawal,232063.51,INR,FAILED,Branch
T0007611,A001329,2026-08-21 22:44:58.530779,Interest,68449.91,INR,PENDING,Online
T0007612,A000463,2026-01-02 12:24:27.530779,Transfer,25430.45,INR,PENDING,Mobile
T0007613,A000847,2025-06-13 12:44:37.530779,Withdrawal,205401.8,INR,SUCCESS,Mobile
T0007614,A000667,2025-07-26 21:17:46.530779,Payment,211466.9,INR,SUCCESS,ATM
T0007615,A000315,2026-08-30 18:47:41.530779,Withdrawal,176267.78,INR,SUCCESS,Online
T0007616,A000998,2026-05-21 10:19:39.530779,Payment,9182.77,INR,PENDING,Branch
T0007617,A000746,2025-12-22 14:17:39.530779,Interest,190719.75,INR,SUCCESS,Mobile
T0007618,A001123,2025-06-26 19:59:03.530779,Interest,54699.83,INR,FAILED,ATM
T0007619,A000783,2024-12-28 10:47:53.530779,Payment,199719.21,INR,FAILED,Mobile
T0007620,A000307,2026-02-23 20:48:15.530779,Transfer,168094.11,INR,PENDING,Online
T0007621,A001220,2025-07-10 22:49:33.530779,Withdrawal,231443.91,INR,SUCCESS,ATM
T0007622,A001348,2026-07-06 23:10:17.530779,Withdrawal,153319.7,INR,PENDING,Mobile
T0007623,A001438,2024-12-15 02:21:05.530779,Payment,172131.64,INR,PENDING,Branch
T0007624,A000540,2025-12-22 09:02:18.530779,Payment,131090.7,INR,FAILED,Branch
T0007625,A000007,2025-04-12 04:12:15.530779,Payment,15921.31,INR,SUCCESS,Online
T0007626,A000519,2025-11-07 21:53:54.530779,Transfer,209298.66,INR,PENDING,Mobile
T0007627,A001021,2025-10-28 21:22:38.530779,Interest,20620.31,INR,PENDING,Branch
T0007628,A001462,2026-08-23 01:29:59.530779,Deposit,85774.22,INR,PENDING,Branch
T0007629,A000719,2025-06-21 00:11:31.530779,Transfer,19403.52,INR,SUCCESS,ATM
T0007630,A001095,2026-09-05 21:19:54.530779,Interest,79663.43,INR,SUCCESS,Online
T0007631,A000346,2026-01-25 09:56:19.530779,Payment,20066.28,INR,SUCCESS,Mobile
T0007632,A000059,2025-12-18 10:43:36.530779,Transfer,89532.81,INR,SUCCESS,Mobile
T0007633,A001027,2026-03-10 11:24:36.530779,Fee,160917.23,INR,SUCCESS,Branch
T0007634,A000237,2024-10-20 19:48:11.530779,Deposit,185847.99,INR,FAILED,Branch
T0007635,A000459,2026-08-20 09:28:52.530779,Deposit,139185.61,INR,SUCCESS,Online
T0007636,A001323,2024-10-20 10:45:59.530779,Fee,232222.69,INR,FAILED,Branch
T0007637,A000309,2024-10-27 03:49:01.530779,Fee,156710.37,INR,FAILED,Branch
T0007638,A000467,2025-03-21 14:00:19.530779,Deposit,163119.43,INR,SUCCESS,Online
T0007639,A000891,2024-09-28 19:35:07.530779,Payment,110645.52,INR,SUCCESS,ATM
T0007640,A001185,2026-08-13 04:08:12.530779,Transfer,206388.63,INR,FAILED,Online
T0007641,A000571,2025-04-26 11:09:36.530779,Interest,11612.84,INR,FAILED,ATM
T0007642,A001082,2025-02-20 23:12:31.530779,Withdrawal,55631.42,INR,FAILED,ATM
T0007643,A000994,2026-03-19 17:43:58.530779,Payment,237004.5,INR,PENDING,Online
T0007644,A000579,2026-03-24 14:40:21.530779,Fee,173521.28,INR,FAILED,Online
T0007645,A000305,2025-03-18 02:21:33.530779,Withdrawal,70501.08,INR,FAILED,Online
T0007646,A001318,2025-09-13 21:21:23.530779,Withdrawal,189325.41,INR,SUCCESS,Branch
T0007647,A000294,2025-02-16 16:19:02.530779,Withdrawal,83586.24,INR,FAILED,ATM
T0007648,A000782,2026-09-19 07:03:56.530779,Deposit,27810.25,INR,PENDING,Branch
T0007649,A000962,2024-11-18 11:05:30.530779,Deposit,223851.52,INR,FAILED,Mobile
T0007650,A000574,2026-06-17 17:53:06.530779,Payment,183229.43,INR,FAILED,Branch
T0007651,A001165,2024-11-04 01:20:55.530779,Payment,63818.05,INR,SUCCESS,ATM
T0007652,A001250,2025-10-09 20:18:14.530779,Transfer,128663.59,INR,PENDING,ATM
T0007653,A000251,2025-11-08 01:02:10.530779,Payment,201552.2,INR,PENDING,ATM
T0007654,A000931,2026-04-10 14:29:24.530779,Payment,131726.33,INR,FAILED,Mobile
T0007655,A001266,2025-02-07 10:36:12.530779,Payment,191577.88,INR,SUCCESS,Mobile
T0007656,A001314,2024-11-01 07:41:32.530779,Payment,233044.49,INR,PENDING,Mobile
T0007657,A001499,2025-01-26 13:11:39.530779,Deposit,62049.9,INR,PENDING,Branch
T0007658,A000761,2025-01-12 22:27:12.530779,Interest,109651.17,INR,PENDING,ATM
T0007659,A000805,2025-02-02 06:19:13.530779,Fee,50004.61,INR,PENDING,Online
T0007660,A000926,2026-08-11 07:23:16.530779,Deposit,116880.02,INR,PENDING,Branch
T0007661,A001116,2025-08-15 19:01:21.530779,Deposit,114080.79,INR,FAILED,Online
T0007662,A000081,2026-08-27 04:45:58.530779,Transfer,209200.65,INR,FAILED,ATM
T0007663,A000651,2025-08-20 13:11:09.530779,Payment,97519.01,INR,PENDING,Branch
T0007664,A000400,2025-04-22 13:39:20.530779,Interest,138016.63,INR,SUCCESS,Mobile
T0007665,A001352,2026-06-15 04:38:03.530779,Withdrawal,221147.32,INR,SUCCESS,Online
T0007666,A000199,2025-07-07 06:05:41.530779,Deposit,57803.95,INR,PENDING,Mobile
T0007667,A001317,2024-10-21 10:26:00.530779,Fee,111549.48,INR,PENDING,Mobile
T0007668,A000190,2026-02-12 01:06:07.530779,Withdrawal,58014.05,INR,FAILED,Branch
T0007669,A000446,2026-09-08 20:08:28.530779,Interest,123630.94,INR,FAILED,ATM
T0007670,A000166,2026-05-23 23:40:41.530779,Withdrawal,150127.43,INR,PENDING,Mobile
T0007671,A000050,2026-06-15 05:03:50.530779,Deposit,58669.59,INR,FAILED,Online
T0007672,A000972,2025-07-09 11:07:12.530779,Transfer,178395.83,INR,PENDING,ATM
T0007673,A001446,2024-11-09 16:37:56.530779,Transfer,150521.39,INR,SUCCESS,Online
T0007674,A000319,2025-05-09 21:25:10.530779,Fee,33710.71,INR,FAILED,Branch
T0007675,A000491,2025-08-05 22:07:10.530779,Fee,210059.21,INR,FAILED,Mobile
T0007676,A001124,2024-12-18 08:06:56.530779,Deposit,171958.21,INR,PENDING,Mobile
T0007677,A000405,2025-06-02 19:53:38.530779,Withdrawal,229465.4,INR,PENDING,Branch
T0007678,A000144,2025-04-11 14:09:34.530779,Transfer,179881.85,INR,SUCCESS,ATM
T0007679,A000157,2026-02-12 14:30:15.530779,Fee,72208.79,INR,FAILED,Branch
T0007680,A001098,2024-12-18 11:03:50.530779,Deposit,126330.45,INR,PENDING,Online
T0007681,A001433,2024-10-01 13:55:10.530779,Fee,150633.44,INR,PENDING,Mobile
T0007682,A000337,2026-05-05 06:08:33.530779,Withdrawal,15966.98,INR,PENDING,Branch
T0007683,A001459,2026-02-18 20:31:31.530779,Transfer,178486.64,INR,PENDING,Mobile
T0007684,A000302,2026-07-11 23:04:41.530779,Deposit,16156.56,INR,SUCCESS,Online
T0007685,A000325,2024-09-27 16:56:01.530779,Withdrawal,37064.94,INR,SUCCESS,Branch
T0007686,A001063,2025-07-24 15:26:32.530779,Withdrawal,200248.88,INR,SUCCESS,ATM
T0007687,A000013,2025-06-20 03:55:48.530779,Fee,236634.14,INR,SUCCESS,ATM
T0007688,A000311,2025-06-22 08:32:41.530779,Transfer,62113.66,INR,FAILED,Mobile
T0007689,A000615,2025-06-20 21:12:24.530779,Deposit,201863.8,INR,PENDING,ATM
T0007690,A000974,2026-04-05 09:00:07.530779,Interest,124904.42,INR,SUCCESS,Mobile
T0007691,A001039,2026-05-10 04:11:01.530779,Interest,160079.78,INR,SUCCESS,Online
T0007692,A000767,2026-05-30 01:49:23.530779,Payment,228201.63,INR,PENDING,Online
T0007693,A001314,2024-09-30 10:03:58.530779,Withdrawal,184762.9,INR,FAILED,Mobile
T0007694,A000186,2025-05-23 10:43:32.530779,Deposit,167410.13,INR,SUCCESS,ATM
T0007695,A000095,2025-02-14 12:06:23.530779,Transfer,151769.86,INR,FAILED,Mobile
T0007696,A000772,2025-01-06 01:28:03.530779,Withdrawal,106006.86,INR,PENDING,ATM
T0007697,A001123,2025-07-05 01:50:26.530779,Payment,198339.65,INR,FAILED,Branch
T0007698,A001252,2026-08-10 19:05:23.530779,Payment,21943.57,INR,FAILED,Branch
T0007699,A000897,2026-06-30 18:50:37.530779,Interest,46823.8,INR,FAILED,Mobile
T0007700,A000349,2024-10-10 10:24:08.530779,Fee,123152.99,INR,PENDING,Online
T0007701,A001411,2024-11-18 02:49:58.530779,Transfer,15934.6,INR,PENDING,Online
T0007702,A000705,2026-03-13 04:53:31.530779,Fee,158901.64,INR,SUCCESS,Online
T0007703,A000199,2025-10-21 11:58:22.530779,Deposit,119739.74,INR,PENDING,Mobile
T0007704,A000656,2025-08-18 03:45:25.530779,Withdrawal,223073.57,INR,PENDING,Online
T0007705,A001247,2024-11-02 10:42:56.530779,Payment,235415.59,INR,FAILED,ATM
T0007706,A000050,2025-11-22 19:57:37.530779,Transfer,210781.62,INR,PENDING,ATM
T0007707,A001202,2026-07-10 22:51:38.530779,Interest,83622.36,INR,SUCCESS,Branch
T0007708,A000258,2024-10-04 08:52:06.530779,Deposit,189948.66,INR,FAILED,Mobile
T0007709,A000902,2024-10-12 18:29:49.530779,Fee,135803.74,INR,FAILED,ATM
T0007710,A000460,2025-01-27 13:30:09.530779,Withdrawal,41434.32,INR,PENDING,ATM
T0007711,A000478,2025-07-19 03:38:24.530779,Withdrawal,169713.8,INR,FAILED,Online
T0007712,A000123,2025-03-18 02:07:11.530779,Withdrawal,120131.6,INR,FAILED,Online
T0007713,A000489,2024-10-18 04:35:51.530779,Withdrawal,79482.74,INR,SUCCESS,Mobile
T0007714,A000895,2025-08-24 00:17:02.530779,Withdrawal,117164.94,INR,PENDING,Online
T0007715,A000110,2025-10-03 16:39:49.530779,Fee,234698.97,INR,PENDING,Mobile
T0007716,A000806,2025-03-10 17:54:25.530779,Deposit,66040.39,INR,FAILED,Online
T0007717,A000700,2025-08-05 07:36:43.530779,Transfer,55037.01,INR,PENDING,ATM
T0007718,A001465,2026-05-11 03:31:04.530779,Interest,176340.99,INR,PENDING,Mobile
T0007719,A001361,2025-07-31 12:01:31.530779,Transfer,113207.37,INR,FAILED,Branch
T0007720,A001482,2026-06-23 10:10:23.530779,Withdrawal,49044.18,INR,SUCCESS,Online
T0007721,A000445,2025-06-25 00:00:51.530779,Deposit,166627.06,INR,PENDING,ATM
T0007722,A001026,2026-04-03 02:23:25.530779,Deposit,90144.28,INR,PENDING,ATM
T0007723,A000007,2025-05-19 11:55:27.530779,Payment,31445.33,INR,SUCCESS,ATM
T0007724,A001222,2026-03-22 00:38:43.530779,Fee,69070.52,INR,SUCCESS,ATM
T0007725,A000402,2025-05-23 15:33:59.530779,Withdrawal,53513.99,INR,SUCCESS,Mobile
T0007726,A000781,2026-09-03 18:44:20.530779,Interest,214985.51,INR,FAILED,ATM
T0007727,A000699,2025-11-06 19:30:19.530779,Interest,14917.1,INR,SUCCESS,Mobile
T0007728,A001089,2024-09-29 22:40:32.530779,Deposit,93615.7,INR,PENDING,ATM
T0007729,A001426,2026-02-09 20:25:14.530779,Withdrawal,112532.71,INR,FAILED,Online
T0007730,A000574,2025-04-25 06:08:03.530779,Payment,81390.87,INR,PENDING,Mobile
T0007731,A001217,2026-08-20 12:53:23.530779,Deposit,63827.37,INR,SUCCESS,Mobile
T0007732,A001496,2024-11-04 03:35:31.530779,Transfer,10253.6,INR,FAILED,Mobile
T0007733,A000012,2025-06-28 00:05:33.530779,Payment,205434.1,INR,SUCCESS,Branch
T0007734,A000205,2026-06-28 01:36:37.530779,Interest,7890.44,INR,PENDING,Mobile
T0007735,A000495,2025-01-10 15:29:45.530779,Transfer,208108.15,INR,PENDING,Branch
T0007736,A000196,2025-04-15 05:48:15.530779,Transfer,89914.32,INR,PENDING,Mobile
T0007737,A000657,2026-06-13 16:19:46.530779,Withdrawal,25522.55,INR,FAILED,Mobile
T0007738,A000205,2026-04-02 13:06:19.530779,Withdrawal,233835.85,INR,SUCCESS,ATM
T0007739,A001374,2024-10-13 22:46:07.530779,Deposit,8323.27,INR,FAILED,Mobile
T0007740,A001106,2026-02-07 11:35:38.530779,Deposit,133307.17,INR,FAILED,Online
T0007741,A000379,2026-07-06 01:04:18.530779,Withdrawal,140203.13,INR,PENDING,ATM
T0007742,A001211,2024-10-03 18:44:41.530779,Payment,93056.6,INR,PENDING,Branch
T0007743,A001480,2026-09-10 18:14:43.530779,Transfer,217453.44,INR,SUCCESS,ATM
T0007744,A001150,2024-12-12 22:18:14.530779,Interest,9605.73,INR,SUCCESS,Branch
T0007745,A000227,2025-08-04 06:01:41.530779,Interest,75464.13,INR,SUCCESS,ATM
T0007746,A001479,2024-12-03 13:32:35.530779,Withdrawal,235013.62,INR,PENDING,ATM
T0007747,A000960,2025-07-09 17:18:48.530779,Interest,147906.81,INR,SUCCESS,Branch
T0007748,A000853,2026-07-10 22:03:33.530779,Fee,196684.39,INR,PENDING,Mobile
T0007749,A000012,2026-06-14 04:54:59.530779,Transfer,92238.05,INR,SUCCESS,ATM
T0007750,A000012,2026-07-17 16:22:13.530779,Transfer,203245.11,INR,PENDING,Mobile
T0007751,A000593,2025-05-13 23:50:00.530779,Withdrawal,62611.99,INR,FAILED,Online
T0007752,A001152,2025-09-25 20:04:39.530779,Fee,207453.37,INR,PENDING,Branch
T0007753,A000600,2026-03-02 16:33:27.530779,Transfer,55200.49,INR,PENDING,Branch
T0007754,A000539,2025-04-19 03:29:05.530779,Interest,231303.59,INR,SUCCESS,Online
T0007755,A000104,2025-05-10 00:09:41.530779,Fee,26656.8,INR,PENDING,Online
T0007756,A000186,2025-05-05 21:32:15.530779,Deposit,29129.02,INR,FAILED,Online
T0007757,A000766,2026-02-05 11:57:57.530779,Fee,117101.5,INR,FAILED,Mobile
T0007758,A000441,2024-12-02 14:35:12.530779,Transfer,126537.9,INR,PENDING,ATM
T0007759,A000684,2025-05-17 01:35:24.530779,Withdrawal,75356.96,INR,FAILED,Branch
T0007760,A000044,2025-08-30 12:20:14.530779,Fee,37040.83,INR,SUCCESS,Mobile
T0007761,A001093,2026-03-14 22:33:23.530779,Fee,24458.03,INR,FAILED,Online
T0007762,A001338,2025-05-16 16:04:27.530779,Deposit,145346.43,INR,FAILED,Online
T0007763,A000294,2026-02-04 07:38:52.530779,Payment,30597.93,INR,FAILED,Mobile
T0007764,A000603,2025-09-12 11:55:32.530779,Withdrawal,133555.98,INR,FAILED,Branch
T0007765,A001463,2025-04-27 22:25:52.530779,Fee,111031.99,INR,SUCCESS,Mobile
T0007766,A001076,2025-03-09 06:41:21.530779,Withdrawal,191102.84,INR,SUCCESS,Branch
T0007767,A001249,2024-11-21 10:47:43.530779,Transfer,59842.57,INR,SUCCESS,Branch
T0007768,A000059,2026-09-01 10:04:43.530779,Withdrawal,95000.48,INR,FAILED,ATM
T0007769,A000538,2026-06-13 06:00:10.530779,Transfer,139971.38,INR,SUCCESS,Mobile
T0007770,A000248,2025-05-19 08:27:11.530779,Deposit,126981.23,INR,PENDING,ATM
T0007771,A001477,2026-07-15 09:36:06.530779,Fee,182469.25,INR,FAILED,Online
T0007772,A001351,2025-06-06 08:00:31.530779,Fee,130539.47,INR,SUCCESS,Branch
T0007773,A001303,2025-05-08 17:11:57.530779,Transfer,225892.81,INR,SUCCESS,ATM
T0007774,A001019,2026-07-24 09:37:35.530779,Deposit,133583.72,INR,PENDING,Online
T0007775,A000607,2025-04-14 04:40:51.530779,Deposit,101668.89,INR,SUCCESS,ATM
T0007776,A000476,2025-11-12 02:53:08.530779,Withdrawal,87839.12,INR,FAILED,Mobile
T0007777,A000121,2025-05-31 16:37:02.530779,Withdrawal,215624.32,INR,FAILED,ATM
T0007778,A000392,2025-09-10 13:39:19.530779,Transfer,157626.98,INR,SUCCESS,ATM
T0007779,A000724,2025-01-15 22:58:17.530779,Payment,244515.52,INR,PENDING,Online
T0007780,A000922,2026-04-14 01:29:12.530779,Transfer,141182.4,INR,SUCCESS,Mobile
T0007781,A000849,2026-06-15 15:02:25.530779,Transfer,34241.72,INR,PENDING,ATM
T0007782,A001309,2026-09-09 03:15:18.530779,Transfer,26673.36,INR,SUCCESS,Mobile
T0007783,A000650,2025-12-22 09:33:16.530779,Interest,113209.6,INR,FAILED,Branch
T0007784,A001333,2025-09-12 20:36:04.530779,Fee,37625.24,INR,FAILED,Online
T0007785,A000390,2026-02-01 15:03:51.530779,Withdrawal,118815.26,INR,PENDING,Mobile
T0007786,A000413,2025-11-19 09:55:55.530779,Transfer,188954.95,INR,SUCCESS,Branch
T0007787,A000201,2025-01-12 06:00:37.530779,Transfer,98595.39,INR,SUCCESS,Branch
T0007788,A000119,2024-11-20 23:03:12.530779,Fee,246878.38,INR,PENDING,Mobile
T0007789,A000352,2024-10-11 08:47:52.530779,Fee,230832.72,INR,FAILED,Mobile
T0007790,A000136,2025-02-19 08:09:26.530779,Deposit,44361.92,INR,FAILED,ATM
T0007791,A000978,2026-02-11 09:40:22.530779,Transfer,170777.57,INR,PENDING,Mobile
T0007792,A001005,2025-10-30 13:45:16.530779,Withdrawal,81501.83,INR,SUCCESS,Online
T0007793,A001066,2025-11-03 00:00:55.530779,Withdrawal,74541.67,INR,SUCCESS,Branch
T0007794,A001265,2025-07-02 23:34:00.530779,Withdrawal,191204.65,INR,PENDING,Mobile
T0007795,A001416,2025-06-19 21:44:58.530779,Interest,97847.91,INR,FAILED,Mobile
T0007796,A001272,2025-09-27 07:24:07.530779,Interest,202184.2,INR,FAILED,Branch
T0007797,A000665,2025-03-06 03:15:33.530779,Transfer,37473.61,INR,FAILED,Mobile
T0007798,A000167,2025-11-17 15:58:45.530779,Fee,134692.34,INR,PENDING,Mobile
T0007799,A000126,2025-11-13 16:49:08.530779,Deposit,52210.22,INR,SUCCESS,Online
T0007800,A000900,2025-11-16 13:32:05.530779,Withdrawal,46675.64,INR,SUCCESS,Online
T0007801,A000938,2026-09-08 22:50:09.530779,Interest,192412.46,INR,FAILED,ATM
T0007802,A000138,2026-05-16 09:30:46.530779,Transfer,66408.53,INR,FAILED,Mobile
T0007803,A000700,2024-10-14 09:37:34.530779,Withdrawal,222975.09,INR,FAILED,Branch
T0007804,A001226,2026-05-15 16:02:42.530779,Deposit,174025.63,INR,SUCCESS,Branch
T0007805,A000560,2025-11-02 04:54:14.530779,Withdrawal,143945.61,INR,PENDING,Online
T0007806,A000080,2025-11-04 07:28:03.530779,Deposit,246869.12,INR,PENDING,Mobile
T0007807,A001310,2025-04-20 07:17:55.530779,Interest,138934.28,INR,SUCCESS,Branch
T0007808,A000419,2026-02-14 17:17:34.530779,Interest,156859.02,INR,FAILED,Mobile
T0007809,A000153,2026-06-19 06:10:07.530779,Deposit,125952.57,INR,FAILED,Online
T0007810,A000785,2025-10-18 04:35:53.530779,Interest,241891.65,INR,PENDING,Branch
T0007811,A000673,2025-12-12 07:26:04.530779,Interest,168083.81,INR,SUCCESS,ATM
T0007812,A001280,2026-08-23 22:38:16.530779,Payment,53128.71,INR,FAILED,Branch
T0007813,A000005,2026-03-09 11:55:26.530779,Deposit,155092.21,INR,FAILED,ATM
T0007814,A000336,2025-12-31 20:59:49.530779,Fee,58598.89,INR,PENDING,Branch
T0007815,A000795,2026-07-18 03:02:24.530779,Payment,216111.06,INR,PENDING,Online
T0007816,A001175,2026-03-31 15:37:38.530779,Withdrawal,142420.14,INR,PENDING,Branch
T0007817,A000875,2025-05-15 23:00:01.530779,Interest,186146.48,INR,FAILED,Branch
T0007818,A000769,2025-05-14 22:07:49.530779,Payment,57651.76,INR,FAILED,Mobile
T0007819,A000826,2026-01-19 08:07:09.530779,Deposit,4715.21,INR,FAILED,ATM
T0007820,A000526,2025-09-30 23:50:10.530779,Deposit,162818.12,INR,FAILED,Online
T0007821,A001046,2026-09-16 06:33:22.530779,Withdrawal,195228.93,INR,PENDING,Online
T0007822,A000941,2024-12-29 01:50:39.530779,Transfer,229026.15,INR,PENDING,Mobile
T0007823,A000961,2024-09-24 22:48:34.530779,Fee,3104.16,INR,FAILED,Branch
T0007824,A001345,2026-07-08 20:34:20.530779,Fee,181609.62,INR,PENDING,Branch
T0007825,A000357,2025-01-24 18:14:02.530779,Transfer,103620.79,INR,SUCCESS,Branch
T0007826,A000083,2025-11-30 08:55:51.530779,Withdrawal,138111.92,INR,SUCCESS,Mobile
T0007827,A000297,2026-04-17 00:22:50.530779,Withdrawal,226459.48,INR,SUCCESS,ATM
T0007828,A000888,2025-07-18 13:33:12.530779,Deposit,243109.65,INR,FAILED,ATM
T0007829,A001432,2024-12-23 16:38:58.530779,Transfer,140424.72,INR,FAILED,Branch
T0007830,A000727,2025-03-26 14:07:02.530779,Payment,203607.99,INR,FAILED,Mobile
T0007831,A000412,2026-03-31 18:43:23.530779,Withdrawal,188559.31,INR,SUCCESS,Mobile
T0007832,A000543,2026-08-10 18:26:10.530779,Deposit,155694.84,INR,PENDING,Online
T0007833,A001227,2025-03-30 13:49:28.530779,Deposit,113850.47,INR,FAILED,ATM
T0007834,A000608,2025-12-22 15:36:33.530779,Withdrawal,111115.47,INR,FAILED,ATM
T0007835,A000053,2024-11-15 16:04:06.530779,Interest,203145.18,INR,FAILED,ATM
T0007836,A000099,2026-01-12 05:02:56.530779,Fee,33439.33,INR,FAILED,Branch
T0007837,A000291,2026-08-25 11:20:55.530779,Fee,237618.24,INR,FAILED,ATM
T0007838,A001027,2026-01-15 03:27:44.530779,Fee,210249.99,INR,SUCCESS,Branch
T0007839,A000090,2025-11-13 19:06:45.530779,Payment,58152.51,INR,PENDING,Online
T0007840,A000163,2024-11-06 00:28:31.530779,Payment,142311.96,INR,FAILED,Branch
T0007841,A000108,2025-10-17 01:07:17.530779,Withdrawal,40122.11,INR,SUCCESS,Mobile
T0007842,A000631,2026-08-26 15:05:17.530779,Withdrawal,54372.69,INR,SUCCESS,Mobile
T0007843,A000655,2025-06-01 11:56:29.530779,Withdrawal,35338.39,INR,PENDING,ATM
T0007844,A000533,2025-01-01 05:26:37.530779,Transfer,163690.08,INR,FAILED,Mobile
T0007845,A000223,2026-06-30 22:12:37.530779,Withdrawal,185228.06,INR,SUCCESS,Mobile
T0007846,A001325,2025-09-24 08:48:58.530779,Deposit,144297.9,INR,SUCCESS,Online
T0007847,A000825,2025-04-01 20:09:09.530779,Transfer,65319.85,INR,SUCCESS,ATM
T0007848,A000200,2026-09-01 10:49:49.530779,Payment,194122.75,INR,FAILED,Branch
T0007849,A000452,2026-06-10 19:50:10.530779,Payment,75866.72,INR,PENDING,ATM
T0007850,A001341,2024-10-16 21:15:14.530779,Withdrawal,101961.88,INR,PENDING,Branch
T0007851,A000313,2025-10-04 17:18:27.530779,Deposit,242123.61,INR,PENDING,Mobile
T0007852,A000588,2026-09-18 03:02:44.530779,Interest,49201.33,INR,SUCCESS,Branch
T0007853,A000485,2025-01-01 10:19:47.530779,Withdrawal,127598.82,INR,FAILED,ATM
T0007854,A001229,2025-12-27 00:51:08.530779,Interest,145787.17,INR,SUCCESS,Branch
T0007855,A001494,2026-05-25 20:22:31.530779,Interest,136837.31,INR,PENDING,Mobile
T0007856,A000147,2025-05-06 16:37:44.530779,Deposit,64537.63,INR,PENDING,Online
T0007857,A001346,2026-02-08 02:55:49.530779,Deposit,55970.55,INR,FAILED,ATM
T0007858,A001259,2025-11-28 19:06:19.530779,Deposit,219159.48,INR,FAILED,Branch
T0007859,A001104,2026-03-01 10:51:56.530779,Deposit,47426.89,INR,SUCCESS,Mobile
T0007860,A000992,2026-07-11 16:11:57.530779,Fee,196958.21,INR,FAILED,Mobile
T0007861,A001024,2026-08-08 19:08:24.530779,Transfer,19055.74,INR,PENDING,ATM
T0007862,A000370,2025-04-25 08:35:36.530779,Fee,112936.35,INR,SUCCESS,Mobile
T0007863,A001500,2026-04-25 16:16:11.530779,Payment,50845.8,INR,PENDING,Online
T0007864,A000186,2024-10-21 08:37:58.530779,Transfer,166957.58,INR,SUCCESS,Mobile
T0007865,A001493,2026-07-20 14:38:32.530779,Interest,161292.83,INR,PENDING,ATM
T0007866,A000253,2026-07-02 10:22:51.530779,Deposit,205629.84,INR,SUCCESS,Mobile
T0007867,A000069,2025-02-10 23:56:24.530779,Interest,217727.78,INR,PENDING,Branch
T0007868,A000769,2025-09-28 19:19:21.530779,Withdrawal,174108.32,INR,PENDING,Mobile
T0007869,A001151,2025-05-06 08:52:43.530779,Payment,131017.41,INR,PENDING,Mobile
T0007870,A000191,2025-07-22 05:31:02.530779,Deposit,224803.87,INR,FAILED,ATM
T0007871,A000645,2025-10-31 16:29:39.530779,Payment,54942.24,INR,PENDING,ATM
T0007872,A000513,2024-12-15 22:17:47.530779,Deposit,83409.21,INR,FAILED,Online
T0007873,A000177,2025-12-31 06:20:33.530779,Withdrawal,70028.66,INR,SUCCESS,Online
T0007874,A001173,2026-05-08 16:06:40.530779,Withdrawal,63246.83,INR,FAILED,Branch
T0007875,A000561,2025-01-14 16:15:59.530779,Deposit,57183.27,INR,PENDING,Mobile
T0007876,A000081,2026-09-14 00:47:31.530779,Transfer,227476.81,INR,PENDING,ATM
T0007877,A000320,2025-01-24 15:46:29.530779,Payment,52658.86,INR,SUCCESS,Branch
T0007878,A000676,2026-04-21 17:17:01.530779,Transfer,29322.04,INR,SUCCESS,Branch
T0007879,A001369,2025-04-05 23:37:57.530779,Deposit,201010.33,INR,FAILED,Online
T0007880,A001186,2026-04-07 22:45:37.530779,Withdrawal,32960.06,INR,PENDING,Mobile
T0007881,A000311,2024-11-04 20:55:38.530779,Withdrawal,18975.41,INR,SUCCESS,Mobile
T0007882,A000519,2026-01-08 00:32:26.530779,Interest,80543.26,INR,PENDING,Online
T0007883,A001054,2025-04-29 23:01:59.530779,Payment,242934.82,INR,FAILED,Mobile
T0007884,A000398,2026-06-16 10:18:19.530779,Deposit,102599.79,INR,PENDING,Branch
T0007885,A000687,2025-03-31 09:25:10.530779,Deposit,34641.57,INR,FAILED,Online
T0007886,A001381,2026-06-11 15:30:29.530779,Interest,248962.25,INR,PENDING,ATM
T0007887,A000786,2025-08-27 19:11:27.530779,Payment,156149.6,INR,SUCCESS,Online
T0007888,A001322,2025-10-13 00:52:16.530779,Withdrawal,118264.25,INR,FAILED,Mobile
T0007889,A000904,2025-07-20 18:54:01.530779,Payment,194565.15,INR,FAILED,Branch
T0007890,A001086,2024-12-26 04:16:56.530779,Deposit,248054.61,INR,FAILED,ATM
T0007891,A000256,2025-08-11 05:10:45.530779,Deposit,8999.11,INR,PENDING,ATM
T0007892,A000815,2025-04-25 02:18:30.530779,Deposit,83613.22,INR,FAILED,Branch
T0007893,A001257,2026-04-09 11:42:53.530779,Payment,188623.76,INR,SUCCESS,ATM
T0007894,A000268,2024-12-03 03:33:34.530779,Fee,36937.01,INR,PENDING,Online
T0007895,A000346,2024-09-28 09:15:37.530779,Withdrawal,137784.07,INR,PENDING,ATM
T0007896,A000520,2026-06-23 06:00:58.530779,Payment,155038.5,INR,FAILED,ATM
T0007897,A000089,2025-07-13 12:22:15.530779,Fee,80951.65,INR,FAILED,ATM
T0007898,A001295,2026-05-28 18:09:10.530779,Interest,214848.66,INR,FAILED,Online
T0007899,A001187,2025-07-30 08:10:42.530779,Fee,118816.23,INR,PENDING,ATM
T0007900,A001116,2026-06-18 22:44:55.530779,Transfer,191881.11,INR,SUCCESS,Branch
T0007901,A000795,2024-10-29 04:44:49.530779,Fee,189009.28,INR,SUCCESS,ATM
T0007902,A000100,2026-05-23 10:37:26.530779,Transfer,169923.86,INR,SUCCESS,Online
T0007903,A001176,2026-04-22 18:35:38.530779,Fee,4717.15,INR,SUCCESS,Branch
T0007904,A000398,2026-01-09 17:35:19.530779,Deposit,133332.63,INR,PENDING,Online
T0007905,A000041,2025-08-23 07:47:49.530779,Withdrawal,242433.83,INR,SUCCESS,Mobile
T0007906,A000953,2025-04-15 13:31:59.530779,Payment,15246.46,INR,SUCCESS,Branch
T0007907,A000724,2026-05-05 04:24:23.530779,Withdrawal,135232.48,INR,SUCCESS,Mobile
T0007908,A001205,2026-09-02 15:46:19.530779,Interest,26078.97,INR,SUCCESS,Mobile
T0007909,A000510,2025-10-07 07:27:07.530779,Withdrawal,175717.3,INR,PENDING,ATM
T0007910,A000623,2026-07-12 00:03:42.530779,Deposit,105666.94,INR,FAILED,ATM
T0007911,A000200,2025-03-20 04:25:19.530779,Withdrawal,167965.46,INR,SUCCESS,Online
T0007912,A001335,2025-08-19 10:23:28.530779,Transfer,77578.56,INR,PENDING,ATM
T0007913,A001388,2024-10-05 04:44:04.530779,Transfer,189143.66,INR,PENDING,Online
T0007914,A000797,2024-10-08 01:59:51.530779,Fee,23493.2,INR,SUCCESS,Branch
T0007915,A000988,2025-01-02 08:24:53.530779,Payment,169618.09,INR,PENDING,Branch
T0007916,A001270,2025-05-14 23:58:02.530779,Interest,157720.26,INR,SUCCESS,ATM
T0007917,A000022,2026-07-01 13:45:55.530779,Payment,47655.73,INR,FAILED,Mobile
T0007918,A000082,2024-11-17 10:37:50.530779,Withdrawal,158742.51,INR,PENDING,ATM
T0007919,A000622,2024-09-29 09:45:40.530779,Deposit,25738.03,INR,SUCCESS,Branch
T0007920,A000870,2026-04-12 11:53:48.530779,Interest,248259.2,INR,SUCCESS,ATM
T0007921,A000143,2025-04-12 13:59:25.530779,Transfer,84345.35,INR,SUCCESS,Online
T0007922,A000033,2025-02-27 21:16:39.530779,Transfer,59781.89,INR,SUCCESS,Branch
T0007923,A000877,2026-03-23 14:53:50.530779,Payment,109713.78,INR,FAILED,ATM
T0007924,A001028,2025-11-02 21:38:51.530779,Interest,50391.06,INR,SUCCESS,Mobile
T0007925,A001165,2025-02-21 00:41:43.530779,Transfer,130778.03,INR,SUCCESS,Branch
T0007926,A000391,2026-02-21 12:20:32.530779,Deposit,220997.39,INR,PENDING,Online
T0007927,A000967,2026-08-25 18:32:55.530779,Deposit,16903.7,INR,FAILED,Branch
T0007928,A000962,2025-01-13 18:11:08.530779,Deposit,196027.14,INR,PENDING,Mobile
T0007929,A001273,2026-01-20 07:44:45.530779,Withdrawal,66707.68,INR,FAILED,Branch
T0007930,A000183,2026-03-25 07:50:50.530779,Transfer,242257.18,INR,FAILED,ATM
T0007931,A000060,2025-02-28 11:35:03.530779,Fee,202423.53,INR,PENDING,Mobile
T0007932,A000543,2025-05-21 04:34:33.530779,Interest,49672.05,INR,FAILED,Branch
T0007933,A001472,2026-06-23 10:32:22.530779,Interest,112005.86,INR,FAILED,Mobile
T0007934,A001008,2025-02-19 08:29:58.530779,Withdrawal,64002.89,INR,PENDING,Mobile
T0007935,A001330,2026-05-31 05:27:42.530779,Deposit,61813.98,INR,SUCCESS,ATM
T0007936,A000148,2024-09-25 13:45:12.530779,Fee,100784.81,INR,PENDING,ATM
T0007937,A000733,2025-11-07 00:09:38.530779,Payment,147163.51,INR,SUCCESS,Branch
T0007938,A000056,2025-06-05 12:56:01.530779,Transfer,180379.92,INR,FAILED,ATM
T0007939,A000344,2026-08-03 18:30:06.530779,Payment,20958.25,INR,FAILED,Online
T0007940,A000456,2025-04-12 09:29:49.530779,Interest,189927.09,INR,PENDING,Online
T0007941,A001148,2025-02-26 11:46:14.530779,Deposit,46432.57,INR,FAILED,Mobile
T0007942,A000907,2024-12-14 21:15:30.530779,Transfer,118883.86,INR,SUCCESS,ATM
T0007943,A000609,2025-07-21 01:33:05.530779,Withdrawal,66660.34,INR,FAILED,Mobile
T0007944,A000646,2026-08-30 14:35:35.530779,Payment,38827.76,INR,SUCCESS,Branch
T0007945,A000828,2024-11-15 08:45:49.530779,Transfer,61644.38,INR,PENDING,Online
T0007946,A000626,2025-12-13 05:15:43.530779,Payment,224953.11,INR,FAILED,Online
T0007947,A000147,2025-09-20 07:21:45.530779,Withdrawal,154220.0,INR,FAILED,Mobile
T0007948,A000979,2026-01-06 09:45:56.530779,Payment,95020.93,INR,PENDING,Mobile
T0007949,A001491,2026-02-06 16:37:44.530779,Payment,227757.55,INR,SUCCESS,ATM
T0007950,A000346,2025-03-19 08:47:01.530779,Payment,127537.19,INR,PENDING,Online
T0007951,A001367,2025-03-19 19:02:48.530779,Payment,160144.28,INR,SUCCESS,Mobile
T0007952,A000874,2026-02-18 04:41:40.530779,Deposit,39949.78,INR,PENDING,Branch
T0007953,A001162,2025-12-23 21:36:42.530779,Fee,210979.15,INR,PENDING,Online
T0007954,A001420,2026-05-09 10:46:31.530779,Deposit,101822.61,INR,PENDING,Online
T0007955,A000711,2025-03-20 16:06:29.530779,Payment,240940.48,INR,PENDING,Online
T0007956,A001145,2025-07-18 00:46:10.530779,Payment,118103.16,INR,SUCCESS,Mobile
T0007957,A000805,2025-08-17 18:24:20.530779,Fee,240352.7,INR,PENDING,Online
T0007958,A000328,2024-10-20 13:12:26.530779,Transfer,115090.32,INR,FAILED,ATM
T0007959,A000398,2025-10-26 21:50:41.530779,Interest,213854.84,INR,PENDING,Branch
T0007960,A000374,2025-08-10 01:57:42.530779,Deposit,84137.99,INR,SUCCESS,ATM
T0007961,A000054,2025-01-29 17:43:05.530779,Interest,120926.77,INR,FAILED,ATM
T0007962,A000016,2026-01-08 17:01:53.530779,Deposit,105140.41,INR,PENDING,Branch
T0007963,A000310,2025-02-08 00:01:52.530779,Interest,59925.65,INR,FAILED,Mobile
T0007964,A000820,2026-02-05 00:31:57.530779,Transfer,192092.85,INR,PENDING,Online
T0007965,A001107,2025-04-21 16:37:20.530779,Fee,82829.89,INR,FAILED,Mobile
T0007966,A000604,2025-04-14 11:21:45.530779,Withdrawal,91418.95,INR,SUCCESS,Mobile
T0007967,A000638,2026-05-15 00:07:33.530779,Transfer,136282.57,INR,PENDING,Branch
T0007968,A000726,2025-05-02 19:30:07.530779,Fee,232061.14,INR,SUCCESS,ATM
T0007969,A000081,2024-11-08 11:47:29.530779,Deposit,69460.77,INR,FAILED,Online
T0007970,A001317,2024-10-12 13:57:43.530779,Payment,191052.0,INR,SUCCESS,ATM
T0007971,A000091,2026-04-12 18:07:31.530779,Fee,78998.21,INR,SUCCESS,ATM
T0007972,A001311,2025-04-24 20:31:00.530779,Interest,126024.96,INR,FAILED,Mobile
T0007973,A000768,2025-03-05 05:04:56.530779,Payment,14114.84,INR,SUCCESS,Online
T0007974,A000800,2025-11-15 19:11:43.530779,Payment,242724.17,INR,SUCCESS,Mobile
T0007975,A001367,2026-03-25 21:36:41.530779,Interest,45568.12,INR,SUCCESS,ATM
T0007976,A001242,2026-06-11 17:50:53.530779,Payment,228000.84,INR,FAILED,Online
T0007977,A000227,2026-01-26 19:31:27.530779,Transfer,247791.1,INR,PENDING,Mobile
T0007978,A000142,2025-10-18 02:35:11.530779,Transfer,60401.17,INR,SUCCESS,Mobile
T0007979,A001310,2025-10-11 13:34:42.530779,Transfer,71298.23,INR,SUCCESS,ATM
T0007980,A000469,2026-01-10 09:41:44.530779,Deposit,58271.79,INR,PENDING,Mobile
T0007981,A001121,2025-12-04 16:23:01.530779,Interest,194115.03,INR,FAILED,Branch
T0007982,A000224,2025-12-08 01:46:42.530779,Transfer,233373.14,INR,FAILED,Online
T0007983,A001222,2025-11-11 23:33:04.530779,Payment,76912.15,INR,SUCCESS,ATM
T0007984,A001011,2025-12-13 18:02:54.530779,Payment,104436.78,INR,PENDING,Online
T0007985,A000323,2026-01-15 19:16:03.530779,Interest,237549.97,INR,FAILED,Online
T0007986,A000965,2025-07-08 22:18:24.530779,Withdrawal,4360.37,INR,FAILED,Online
T0007987,A001226,2025-02-20 16:02:45.530779,Payment,182702.69,INR,PENDING,Mobile
T0007988,A000026,2026-02-10 06:47:42.530779,Deposit,205963.83,INR,PENDING,Branch
T0007989,A000625,2026-06-21 20:43:00.530779,Payment,209990.76,INR,SUCCESS,Online
T0007990,A000762,2026-01-19 10:03:58.530779,Interest,97951.61,INR,PENDING,ATM
T0007991,A000868,2025-04-08 19:33:45.530779,Fee,74029.87,INR,FAILED,Mobile
T0007992,A000047,2026-08-26 19:43:30.530779,Interest,98001.69,INR,PENDING,ATM
T0007993,A000766,2025-01-06 10:29:06.530779,Payment,222719.32,INR,FAILED,ATM
T0007994,A001133,2025-12-29 06:36:06.530779,Deposit,85646.8,INR,FAILED,Branch
T0007995,A000961,2026-05-04 21:06:54.530779,Interest,32846.35,INR,SUCCESS,ATM
T0007996,A000386,2025-11-28 02:28:57.530779,Interest,5431.92,INR,PENDING,Mobile
T0007997,A000825,2025-03-04 16:56:38.530779,Withdrawal,148748.43,INR,SUCCESS,Branch
T0007998,A001269,2026-09-18 22:25:43.530779,Transfer,194671.37,INR,FAILED,Mobile
T0007999,A000806,2026-05-04 15:50:37.530779,Fee,116010.27,INR,PENDING,Branch
T0008000,A000837,2025-09-30 20:40:02.530779,Transfer,246274.68,INR,FAILED,Online
T0008001,A001381,2026-03-20 02:20:55.530779,Payment,89164.15,INR,SUCCESS,ATM
T0008002,A000886,2024-10-29 20:34:50.530779,Deposit,246378.76,INR,PENDING,Branch
T0008003,A000233,2026-06-27 11:57:41.530779,Deposit,200868.1,INR,FAILED,Branch
T0008004,A000573,2025-05-01 09:44:17.530779,Deposit,103171.99,INR,SUCCESS,Online
T0008005,A000208,2024-10-25 20:50:58.530779,Payment,203378.45,INR,SUCCESS,Branch
T0008006,A001272,2026-06-11 14:33:01.530779,Payment,230874.73,INR,SUCCESS,Branch
T0008007,A000440,2026-02-18 08:07:38.530779,Withdrawal,202428.69,INR,SUCCESS,Branch
T0008008,A000409,2025-04-20 17:20:49.530779,Deposit,141165.76,INR,PENDING,Mobile
T0008009,A000862,2025-07-28 06:28:22.530779,Fee,125081.15,INR,SUCCESS,Mobile
T0008010,A000882,2024-11-06 01:03:21.530779,Payment,139127.69,INR,PENDING,Branch
T0008011,A000940,2025-02-28 14:47:50.530779,Deposit,247796.68,INR,FAILED,Online
T0008012,A001484,2026-07-05 10:24:52.530779,Interest,117224.22,INR,SUCCESS,Online
T0008013,A001113,2025-02-28 21:57:13.530779,Withdrawal,238014.12,INR,PENDING,ATM
T0008014,A000600,2026-08-23 12:25:07.530779,Deposit,219627.52,INR,FAILED,ATM
T0008015,A000999,2025-10-20 00:25:17.530779,Interest,26967.2,INR,SUCCESS,Online
T0008016,A001424,2025-12-05 22:43:38.530779,Interest,98391.67,INR,SUCCESS,ATM
T0008017,A000065,2025-04-13 01:15:08.530779,Transfer,82013.13,INR,FAILED,Branch
T0008018,A001267,2026-03-20 11:38:50.530779,Withdrawal,37594.09,INR,SUCCESS,Online
T0008019,A000710,2024-10-08 13:26:30.530779,Interest,169764.99,INR,FAILED,Branch
T0008020,A000237,2025-07-30 22:47:34.530779,Transfer,68107.56,INR,PENDING,Online
T0008021,A001349,2024-12-13 17:54:37.530779,Deposit,52799.86,INR,FAILED,Mobile
T0008022,A001126,2024-09-21 13:12:44.530779,Payment,212009.69,INR,SUCCESS,Online
T0008023,A000575,2026-02-13 00:25:42.530779,Interest,107321.08,INR,PENDING,Branch
T0008024,A001356,2026-07-09 00:25:52.530779,Interest,222855.06,INR,PENDING,Online
T0008025,A000795,2026-02-02 21:39:37.530779,Withdrawal,31182.03,INR,FAILED,Branch
T0008026,A000482,2025-01-09 04:46:31.530779,Deposit,66380.53,INR,PENDING,ATM
T0008027,A000814,2026-02-21 07:39:22.530779,Transfer,151007.05,INR,PENDING,Online
T0008028,A001479,2026-08-11 22:26:52.530779,Deposit,101652.25,INR,FAILED,ATM
T0008029,A000461,2026-04-01 03:08:04.530779,Payment,199650.72,INR,PENDING,Mobile
T0008030,A000079,2025-03-10 05:00:14.530779,Fee,94100.78,INR,SUCCESS,Online
T0008031,A000487,2025-02-09 03:05:14.530779,Deposit,177304.09,INR,FAILED,Online
T0008032,A000484,2026-04-27 13:17:57.530779,Fee,143448.5,INR,FAILED,Mobile
T0008033,A001121,2025-07-18 18:42:49.530779,Deposit,173794.13,INR,FAILED,Online
T0008034,A000298,2026-08-09 19:45:51.530779,Transfer,174093.17,INR,FAILED,Online
T0008035,A001415,2026-01-12 20:03:06.530779,Transfer,231375.3,INR,FAILED,ATM
T0008036,A001374,2025-07-08 03:32:23.530779,Payment,205692.36,INR,FAILED,Branch
T0008037,A001230,2025-10-19 02:40:54.530779,Payment,46538.09,INR,SUCCESS,Mobile
T0008038,A000370,2025-05-19 20:40:51.530779,Fee,93438.46,INR,SUCCESS,Branch
T0008039,A000082,2025-10-18 02:25:07.530779,Withdrawal,33740.21,INR,SUCCESS,Branch
T0008040,A001447,2025-09-02 17:43:00.530779,Deposit,243400.88,INR,FAILED,Mobile
T0008041,A001390,2025-10-12 16:45:32.530779,Deposit,218178.43,INR,FAILED,Online
T0008042,A000460,2025-01-15 22:00:08.530779,Fee,133835.77,INR,PENDING,Online
T0008043,A000555,2026-05-30 00:06:13.530779,Transfer,156709.74,INR,SUCCESS,Branch
T0008044,A000383,2026-08-02 16:32:43.530779,Fee,214987.18,INR,PENDING,Mobile
T0008045,A000265,2024-09-30 09:17:54.530779,Deposit,21974.28,INR,PENDING,ATM
T0008046,A000717,2026-05-12 01:39:55.530779,Withdrawal,119584.43,INR,SUCCESS,Online
T0008047,A000807,2026-04-06 15:23:41.530779,Transfer,217260.3,INR,FAILED,Mobile
T0008048,A000221,2025-03-29 09:25:38.530779,Withdrawal,127705.43,INR,FAILED,Online
T0008049,A001058,2026-09-06 08:28:20.530779,Transfer,31302.42,INR,SUCCESS,ATM
T0008050,A001287,2026-05-07 21:26:10.530779,Interest,46771.95,INR,SUCCESS,ATM
T0008051,A001415,2026-05-12 05:54:56.530779,Transfer,63774.94,INR,FAILED,Online
T0008052,A000176,2025-11-03 15:09:44.530779,Transfer,143454.68,INR,SUCCESS,Mobile
T0008053,A001211,2025-02-04 01:20:49.530779,Payment,206753.41,INR,PENDING,ATM
T0008054,A000135,2026-03-27 13:30:24.530779,Fee,47111.54,INR,PENDING,Mobile
T0008055,A001411,2025-09-11 11:42:56.530779,Fee,29793.86,INR,SUCCESS,Mobile
T0008056,A001451,2024-12-05 03:35:35.530779,Payment,42698.19,INR,FAILED,Branch
T0008057,A000158,2024-11-21 11:57:22.530779,Fee,43802.64,INR,PENDING,Online
T0008058,A000234,2026-04-08 14:29:57.530779,Payment,234945.13,INR,SUCCESS,Branch
T0008059,A000697,2025-01-11 06:42:03.530779,Withdrawal,240346.7,INR,PENDING,ATM
T0008060,A000307,2025-12-16 06:34:27.530779,Transfer,38829.26,INR,SUCCESS,ATM
T0008061,A000458,2026-01-08 01:35:01.530779,Payment,91018.78,INR,FAILED,Mobile
T0008062,A000053,2025-08-09 16:50:20.530779,Payment,181962.65,INR,FAILED,Mobile
T0008063,A001434,2026-05-27 23:29:45.530779,Transfer,177129.29,INR,PENDING,Online
T0008064,A000294,2024-11-30 15:21:31.530779,Deposit,162391.88,INR,SUCCESS,Branch
T0008065,A001439,2024-11-11 06:01:18.530779,Payment,181021.44,INR,FAILED,Branch
T0008066,A001414,2024-12-23 13:29:29.530779,Payment,45304.94,INR,FAILED,Online
T0008067,A001497,2025-02-21 04:42:23.530779,Transfer,19907.31,INR,SUCCESS,Branch
T0008068,A000034,2025-03-04 02:58:47.530779,Fee,51698.87,INR,PENDING,Mobile
T0008069,A001186,2025-03-30 00:06:35.530779,Deposit,76028.93,INR,SUCCESS,Online
T0008070,A001098,2026-05-04 08:05:10.530779,Transfer,210830.86,INR,FAILED,Mobile
T0008071,A001448,2024-12-21 01:55:26.530779,Fee,148564.54,INR,SUCCESS,Online
T0008072,A000164,2026-01-26 07:50:50.530779,Withdrawal,147071.97,INR,SUCCESS,Branch
T0008073,A000923,2025-03-22 18:41:39.530779,Payment,18304.23,INR,PENDING,Online
T0008074,A000476,2025-07-26 04:33:07.530779,Fee,117310.93,INR,FAILED,Online
T0008075,A000029,2026-05-13 23:40:46.530779,Interest,234629.73,INR,PENDING,Branch
T0008076,A000577,2026-06-13 14:58:19.530779,Withdrawal,179533.95,INR,FAILED,Online
T0008077,A001086,2026-06-02 16:16:08.530779,Transfer,37380.06,INR,SUCCESS,Online
T0008078,A000661,2025-03-31 18:29:17.530779,Transfer,237137.02,INR,SUCCESS,Online
T0008079,A001329,2026-01-04 22:15:39.530779,Transfer,62641.29,INR,PENDING,ATM
T0008080,A001193,2026-09-05 03:51:03.530779,Transfer,63262.18,INR,SUCCESS,Mobile
T0008081,A000524,2025-04-18 08:54:09.530779,Deposit,43884.21,INR,PENDING,ATM
T0008082,A000020,2025-08-25 01:44:36.530779,Fee,131293.66,INR,SUCCESS,Online
T0008083,A000003,2025-12-18 02:55:28.530779,Fee,166134.36,INR,FAILED,ATM
T0008084,A000696,2025-05-27 02:20:56.530779,Fee,208795.27,INR,PENDING,Branch
T0008085,A001430,2025-07-11 13:52:46.530779,Deposit,139822.69,INR,FAILED,Mobile
T0008086,A001023,2025-09-01 08:33:49.530779,Payment,243325.89,INR,FAILED,Mobile
T0008087,A000243,2026-02-25 19:20:41.530779,Interest,112541.58,INR,FAILED,Mobile
T0008088,A000265,2025-10-02 06:20:32.530779,Transfer,117946.07,INR,SUCCESS,Online
T0008089,A000875,2024-10-01 03:44:20.530779,Withdrawal,28634.27,INR,PENDING,Branch
T0008090,A000864,2025-06-08 09:48:15.530779,Fee,192084.61,INR,SUCCESS,Online
T0008091,A001419,2025-11-23 19:48:38.530779,Deposit,201643.8,INR,PENDING,ATM
T0008092,A000796,2026-08-15 02:05:49.530779,Transfer,154008.76,INR,PENDING,Online
T0008093,A001295,2026-02-07 01:08:46.530779,Transfer,225969.09,INR,FAILED,Online
T0008094,A000592,2026-05-26 13:08:43.530779,Fee,218106.13,INR,SUCCESS,Online
T0008095,A000134,2025-10-14 14:55:51.530779,Fee,3517.45,INR,FAILED,ATM
T0008096,A000336,2026-03-04 10:06:39.530779,Transfer,40436.72,INR,FAILED,Branch
T0008097,A000447,2025-01-20 21:15:21.530779,Deposit,95742.73,INR,PENDING,ATM
T0008098,A001409,2026-02-01 06:39:58.530779,Fee,6215.19,INR,PENDING,Branch
T0008099,A000697,2025-09-16 06:26:32.530779,Fee,163516.81,INR,PENDING,Mobile
T0008100,A000427,2025-03-04 09:22:38.530779,Transfer,166752.74,INR,PENDING,ATM
T0008101,A000391,2025-01-14 08:00:41.530779,Withdrawal,17388.27,INR,PENDING,Branch
T0008102,A000550,2026-05-24 12:59:57.530779,Withdrawal,33432.61,INR,SUCCESS,ATM
T0008103,A000450,2025-11-19 20:04:17.530779,Transfer,89056.51,INR,FAILED,Branch
T0008104,A000400,2026-04-07 18:14:02.530779,Interest,232194.46,INR,FAILED,Branch
T0008105,A000631,2025-02-28 01:22:42.530779,Withdrawal,231003.24,INR,FAILED,Online
T0008106,A001124,2026-02-16 18:06:00.530779,Interest,68320.72,INR,FAILED,Online
T0008107,A000872,2025-10-09 22:10:06.530779,Transfer,104122.35,INR,FAILED,ATM
T0008108,A000333,2025-05-01 21:14:31.530779,Fee,65280.19,INR,SUCCESS,ATM
T0008109,A001225,2026-01-31 15:10:45.530779,Payment,75016.09,INR,FAILED,ATM
T0008110,A000856,2025-07-29 23:26:43.530779,Payment,129486.96,INR,PENDING,ATM
T0008111,A000444,2025-02-20 11:48:38.530779,Withdrawal,128849.1,INR,FAILED,Mobile
T0008112,A001134,2024-09-25 22:12:53.530779,Deposit,18453.11,INR,PENDING,Branch
T0008113,A001333,2025-03-18 03:33:27.530779,Withdrawal,141972.98,INR,PENDING,Mobile
T0008114,A000074,2024-10-07 05:24:56.530779,Interest,7390.9,INR,FAILED,Branch
T0008115,A000700,2026-06-24 22:58:36.530779,Payment,221555.91,INR,SUCCESS,Mobile
T0008116,A001367,2026-03-23 15:02:31.530779,Deposit,102057.92,INR,SUCCESS,Online
T0008117,A000144,2026-04-01 15:04:16.530779,Fee,27097.44,INR,SUCCESS,Branch
T0008118,A000122,2026-08-14 09:17:06.530779,Interest,103335.69,INR,FAILED,Online
T0008119,A001049,2025-09-24 02:10:17.530779,Transfer,11699.17,INR,PENDING,Branch
T0008120,A000726,2026-02-01 08:12:54.530779,Deposit,58965.25,INR,SUCCESS,ATM
T0008121,A000601,2026-05-14 16:10:35.530779,Deposit,97016.01,INR,SUCCESS,Mobile
T0008122,A000727,2026-03-13 10:48:58.530779,Payment,214332.86,INR,SUCCESS,Mobile
T0008123,A001360,2025-11-26 14:16:13.530779,Deposit,238546.16,INR,SUCCESS,Mobile
T0008124,A001491,2025-08-29 04:46:27.530779,Deposit,124505.05,INR,PENDING,Mobile
T0008125,A001144,2025-01-06 03:43:04.530779,Withdrawal,239464.93,INR,PENDING,Online
T0008126,A001435,2025-05-31 00:25:30.530779,Transfer,18641.69,INR,SUCCESS,Branch
T0008127,A000037,2024-12-16 21:39:15.530779,Transfer,225105.12,INR,PENDING,Online
T0008128,A001281,2025-06-18 16:10:05.530779,Fee,104970.84,INR,SUCCESS,ATM
T0008129,A000499,2025-10-11 04:32:52.530779,Withdrawal,8897.84,INR,FAILED,Branch
T0008130,A000828,2026-05-03 15:49:30.530779,Fee,131714.3,INR,PENDING,ATM
T0008131,A001318,2025-04-10 08:56:08.530779,Payment,199682.57,INR,FAILED,ATM
T0008132,A001251,2026-02-20 05:05:38.530779,Transfer,64747.2,INR,SUCCESS,Branch
T0008133,A000450,2025-04-20 08:28:09.530779,Deposit,10554.53,INR,PENDING,Online
T0008134,A000203,2025-06-25 16:02:34.530779,Payment,166937.19,INR,SUCCESS,Mobile
T0008135,A000362,2025-07-08 23:10:27.530779,Transfer,61938.12,INR,PENDING,Online
T0008136,A001298,2025-01-21 04:00:26.530779,Fee,201882.37,INR,SUCCESS,ATM
T0008137,A000223,2024-10-01 23:34:15.530779,Deposit,34100.73,INR,FAILED,Mobile
T0008138,A001360,2024-11-11 17:12:01.530779,Interest,125720.93,INR,PENDING,Branch
T0008139,A000201,2026-07-24 10:03:44.530779,Transfer,96666.15,INR,FAILED,Branch
T0008140,A000923,2026-07-18 08:02:11.530779,Deposit,123448.61,INR,PENDING,ATM
T0008141,A001312,2026-08-27 08:00:38.530779,Interest,118760.87,INR,FAILED,ATM
T0008142,A000484,2024-12-12 08:43:18.530779,Transfer,240140.96,INR,FAILED,ATM
T0008143,A000339,2025-06-16 15:00:45.530779,Withdrawal,38172.1,INR,PENDING,ATM
T0008144,A000793,2026-01-02 14:09:29.530779,Deposit,14192.51,INR,FAILED,ATM
T0008145,A001179,2026-05-03 23:28:55.530779,Deposit,161644.44,INR,FAILED,Online
T0008146,A000765,2026-06-03 07:40:24.530779,Fee,24628.83,INR,SUCCESS,ATM
T0008147,A000760,2024-12-27 19:14:17.530779,Fee,206261.16,INR,FAILED,Online
T0008148,A001044,2024-11-18 10:44:45.530779,Fee,200751.16,INR,FAILED,Branch
T0008149,A000513,2024-09-27 19:31:46.530779,Payment,140838.78,INR,FAILED,ATM
T0008150,A000774,2026-05-24 10:51:28.530779,Interest,175292.39,INR,PENDING,Branch
T0008151,A000755,2026-01-06 12:33:23.530779,Payment,228517.45,INR,SUCCESS,Mobile
T0008152,A000036,2025-05-29 10:03:02.530779,Deposit,245904.93,INR,PENDING,ATM
T0008153,A001255,2025-02-03 05:56:13.530779,Deposit,220591.12,INR,SUCCESS,Online
T0008154,A000989,2025-09-20 00:21:43.530779,Payment,41332.71,INR,PENDING,ATM
T0008155,A000202,2025-03-13 00:16:31.530779,Withdrawal,186389.03,INR,FAILED,Mobile
T0008156,A001213,2025-03-28 00:57:46.530779,Transfer,55696.08,INR,SUCCESS,Mobile
T0008157,A000282,2024-10-15 18:16:55.530779,Transfer,241240.34,INR,SUCCESS,ATM
T0008158,A001490,2026-01-07 16:00:56.530779,Fee,118711.08,INR,FAILED,Online
T0008159,A000914,2026-08-06 08:08:50.530779,Withdrawal,52060.22,INR,PENDING,Branch
T0008160,A001010,2025-05-09 10:54:42.530779,Deposit,159413.22,INR,FAILED,Online
T0008161,A000956,2026-02-15 15:37:04.530779,Transfer,144511.59,INR,PENDING,ATM
T0008162,A000334,2025-04-21 12:39:49.530779,Transfer,133424.78,INR,SUCCESS,ATM
T0008163,A001267,2025-08-17 22:33:48.530779,Fee,85208.82,INR,FAILED,ATM
T0008164,A000509,2025-01-05 10:02:34.530779,Payment,232400.55,INR,FAILED,Mobile
T0008165,A000261,2026-04-03 17:22:53.530779,Transfer,58897.33,INR,PENDING,ATM
T0008166,A001497,2026-04-14 14:09:08.530779,Deposit,106604.05,INR,FAILED,Online
T0008167,A000316,2025-07-22 10:21:39.530779,Transfer,186640.81,INR,PENDING,Online
T0008168,A001186,2026-04-24 13:19:35.530779,Withdrawal,62131.08,INR,FAILED,ATM
T0008169,A001176,2026-09-06 17:06:57.530779,Interest,12284.78,INR,FAILED,ATM
T0008170,A001118,2024-10-07 18:41:45.530779,Deposit,216994.36,INR,SUCCESS,ATM
T0008171,A000681,2026-03-07 09:55:31.530779,Transfer,86867.37,INR,PENDING,ATM
T0008172,A000371,2026-09-13 22:55:29.530779,Fee,97303.57,INR,SUCCESS,Branch
T0008173,A000971,2024-11-06 08:41:08.530779,Payment,181397.82,INR,SUCCESS,ATM
T0008174,A000483,2025-10-30 19:23:42.530779,Transfer,13645.74,INR,SUCCESS,Mobile
T0008175,A000062,2025-06-30 10:38:31.530779,Withdrawal,114499.9,INR,FAILED,ATM
T0008176,A001386,2026-07-01 17:16:59.530779,Deposit,31207.38,INR,FAILED,Mobile
T0008177,A000043,2026-05-16 11:47:32.530779,Withdrawal,157460.17,INR,FAILED,Mobile
T0008178,A000461,2025-10-14 19:13:59.530779,Transfer,8972.41,INR,SUCCESS,Online
T0008179,A000709,2024-10-19 09:13:00.530779,Transfer,188111.52,INR,PENDING,Online
T0008180,A001294,2026-06-25 22:14:57.530779,Transfer,97300.55,INR,FAILED,ATM
T0008181,A001300,2025-03-31 10:35:01.530779,Fee,53317.86,INR,PENDING,Branch
T0008182,A000405,2025-11-14 15:20:26.530779,Transfer,150896.28,INR,FAILED,Branch
T0008183,A000662,2024-11-14 13:02:18.530779,Payment,112461.25,INR,SUCCESS,Online
T0008184,A000690,2025-06-14 12:29:32.530779,Interest,74014.06,INR,FAILED,Mobile
T0008185,A000166,2025-05-05 06:27:14.530779,Fee,246877.08,INR,SUCCESS,Online
T0008186,A001406,2026-09-04 05:05:30.530779,Deposit,179635.26,INR,PENDING,Online
T0008187,A000445,2025-01-18 00:54:38.530779,Fee,122325.09,INR,SUCCESS,Online
T0008188,A001023,2024-10-24 15:40:21.530779,Fee,150388.22,INR,PENDING,Online
T0008189,A001131,2026-04-28 14:05:59.530779,Payment,229269.67,INR,PENDING,Branch
T0008190,A001044,2025-10-19 15:04:48.530779,Interest,126813.51,INR,SUCCESS,Mobile
T0008191,A000657,2024-12-19 15:12:50.530779,Deposit,149392.46,INR,SUCCESS,Mobile
T0008192,A001360,2026-03-19 01:49:59.530779,Withdrawal,122646.01,INR,FAILED,Online
T0008193,A000112,2025-01-08 09:14:21.530779,Transfer,76290.61,INR,PENDING,Mobile
T0008194,A001274,2025-07-03 13:08:27.530779,Fee,150371.64,INR,FAILED,Branch
T0008195,A001056,2026-07-24 08:21:26.530779,Transfer,62109.81,INR,FAILED,Mobile
T0008196,A000753,2026-01-31 05:54:27.530779,Interest,129359.05,INR,SUCCESS,ATM
T0008197,A001068,2025-05-15 12:51:13.530779,Transfer,142807.29,INR,SUCCESS,Online
T0008198,A000374,2024-10-26 06:52:25.530779,Withdrawal,8919.96,INR,SUCCESS,Online
T0008199,A000778,2026-06-04 04:22:10.530779,Interest,134028.04,INR,FAILED,Online
T0008200,A000470,2025-01-11 17:18:47.530779,Fee,88776.69,INR,PENDING,ATM
T0008201,A000102,2025-09-27 12:18:53.530779,Transfer,23879.87,INR,PENDING,Online
T0008202,A001386,2026-09-10 16:24:46.530779,Payment,233914.23,INR,SUCCESS,ATM
T0008203,A000859,2025-03-02 13:29:24.530779,Withdrawal,74032.78,INR,SUCCESS,Branch
T0008204,A001447,2026-02-08 16:48:48.530779,Deposit,206826.13,INR,PENDING,Online
T0008205,A001027,2024-12-17 00:00:25.530779,Deposit,13434.23,INR,SUCCESS,Branch
T0008206,A000212,2025-06-29 21:55:37.530779,Withdrawal,231770.54,INR,PENDING,Branch
T0008207,A001214,2025-06-11 18:34:58.530779,Transfer,235996.62,INR,FAILED,Mobile
T0008208,A001007,2025-10-05 04:53:36.530779,Transfer,186176.04,INR,SUCCESS,Branch
T0008209,A000144,2026-02-02 20:41:54.530779,Deposit,90749.16,INR,SUCCESS,Branch
T0008210,A000840,2025-03-18 12:28:04.530779,Transfer,96286.97,INR,SUCCESS,Branch
T0008211,A000393,2025-04-10 08:47:55.530779,Transfer,136714.42,INR,PENDING,Online
T0008212,A000052,2026-06-14 01:37:58.530779,Deposit,231060.51,INR,SUCCESS,ATM
T0008213,A000148,2025-03-20 00:14:12.530779,Withdrawal,112365.89,INR,FAILED,Online
T0008214,A000273,2025-10-23 13:54:54.530779,Transfer,167483.71,INR,FAILED,Branch
T0008215,A000606,2026-03-31 16:37:36.530779,Transfer,27883.99,INR,SUCCESS,ATM
T0008216,A000358,2026-02-15 09:52:47.530779,Deposit,121067.77,INR,PENDING,Mobile
T0008217,A001293,2026-01-30 08:39:31.530779,Withdrawal,19539.32,INR,PENDING,ATM
T0008218,A000969,2024-11-15 09:53:14.530779,Fee,180938.98,INR,PENDING,Online
T0008219,A000983,2025-04-15 15:10:39.530779,Deposit,109223.27,INR,PENDING,Branch
T0008220,A001205,2026-03-11 10:09:18.530779,Interest,212296.94,INR,PENDING,Online
T0008221,A000787,2026-06-30 04:59:26.530779,Withdrawal,172518.94,INR,PENDING,Mobile
T0008222,A000632,2025-12-26 21:04:19.530779,Deposit,76688.19,INR,PENDING,ATM
T0008223,A000954,2024-09-23 20:55:47.530779,Withdrawal,218383.93,INR,SUCCESS,Mobile
T0008224,A001068,2024-11-06 21:23:57.530779,Payment,11705.41,INR,PENDING,Mobile
T0008225,A000349,2026-09-11 09:24:11.530779,Fee,136703.72,INR,PENDING,Mobile
T0008226,A000599,2026-02-10 01:35:43.530779,Fee,111505.77,INR,PENDING,Mobile
T0008227,A000627,2025-07-01 10:34:25.530779,Payment,219755.13,INR,PENDING,ATM
T0008228,A000985,2025-10-17 08:55:40.530779,Transfer,142361.33,INR,FAILED,Online
T0008229,A000171,2025-06-02 03:01:08.530779,Deposit,17677.64,INR,FAILED,Mobile
T0008230,A001281,2025-03-08 02:07:26.530779,Fee,23411.14,INR,PENDING,ATM
T0008231,A000148,2026-03-27 18:49:06.530779,Withdrawal,48932.63,INR,PENDING,Branch
T0008232,A001041,2025-10-18 00:38:02.530779,Interest,138209.4,INR,SUCCESS,Mobile
T0008233,A000761,2025-02-18 08:03:51.530779,Deposit,17968.54,INR,PENDING,ATM
T0008234,A000354,2026-09-17 05:26:18.530779,Transfer,180049.61,INR,PENDING,ATM
T0008235,A000040,2025-09-25 15:47:53.530779,Withdrawal,20083.9,INR,FAILED,Online
T0008236,A001339,2024-11-16 02:34:59.530779,Withdrawal,207677.96,INR,FAILED,Branch
T0008237,A000386,2024-11-14 16:56:18.530779,Deposit,127828.37,INR,FAILED,Online
T0008238,A000457,2025-07-01 06:00:03.530779,Payment,89588.19,INR,FAILED,ATM
T0008239,A000767,2026-08-17 09:24:03.530779,Interest,30700.74,INR,FAILED,Mobile
T0008240,A000011,2026-07-08 06:29:04.530779,Deposit,101678.32,INR,PENDING,ATM
T0008241,A000804,2026-02-21 16:00:55.530779,Transfer,112233.69,INR,SUCCESS,ATM
T0008242,A000862,2026-04-19 02:06:25.530779,Payment,232930.11,INR,FAILED,ATM
T0008243,A000899,2026-07-03 02:48:49.530779,Withdrawal,195805.63,INR,FAILED,ATM
T0008244,A000444,2025-02-24 02:12:57.530779,Payment,13340.69,INR,SUCCESS,Branch
T0008245,A000991,2024-12-24 10:29:52.530779,Withdrawal,219997.33,INR,SUCCESS,Mobile
T0008246,A000678,2026-06-03 09:46:12.530779,Withdrawal,236571.59,INR,PENDING,Branch
T0008247,A000167,2026-09-13 10:59:04.530779,Payment,70584.04,INR,FAILED,Online
T0008248,A000683,2026-04-02 23:59:49.530779,Transfer,213943.06,INR,SUCCESS,ATM
T0008249,A000028,2025-05-08 18:16:44.530779,Interest,165810.26,INR,FAILED,Mobile
T0008250,A001262,2024-10-09 16:24:10.530779,Payment,173336.94,INR,PENDING,Online
T0008251,A000949,2026-06-26 21:50:29.530779,Fee,135529.91,INR,PENDING,Branch
T0008252,A001425,2025-08-23 20:24:22.530779,Deposit,56617.2,INR,SUCCESS,Branch
T0008253,A000941,2024-10-12 18:29:07.530779,Fee,185300.52,INR,FAILED,Branch
T0008254,A001396,2025-06-14 20:42:43.530779,Deposit,105625.65,INR,FAILED,Online
T0008255,A000888,2025-11-27 11:06:00.530779,Payment,12376.14,INR,PENDING,Branch
T0008256,A001120,2025-12-04 17:21:06.530779,Fee,82531.52,INR,PENDING,Branch
T0008257,A000048,2026-04-06 05:54:22.530779,Withdrawal,241335.65,INR,FAILED,Mobile
T0008258,A000750,2026-07-22 18:12:42.530779,Payment,153029.3,INR,SUCCESS,Online
T0008259,A001433,2025-08-31 09:55:52.530779,Deposit,166652.89,INR,SUCCESS,Branch
T0008260,A001142,2026-02-28 20:44:02.530779,Transfer,22451.72,INR,PENDING,Online
T0008261,A001390,2024-12-11 13:17:00.530779,Payment,246045.25,INR,PENDING,Branch
T0008262,A001048,2025-04-12 09:19:35.530779,Deposit,139918.05,INR,FAILED,Online
T0008263,A001260,2026-09-04 08:37:05.530779,Payment,216108.16,INR,FAILED,ATM
T0008264,A000206,2026-01-02 23:25:02.530779,Interest,238033.81,INR,PENDING,ATM
T0008265,A000288,2025-07-14 00:18:48.530779,Withdrawal,23555.52,INR,SUCCESS,ATM
T0008266,A001148,2025-03-27 13:26:44.530779,Withdrawal,153296.65,INR,PENDING,Branch
T0008267,A000705,2026-05-14 21:57:10.530779,Payment,23862.79,INR,SUCCESS,ATM
T0008268,A000094,2026-01-08 00:13:36.530779,Deposit,105665.63,INR,FAILED,ATM
T0008269,A000299,2024-11-26 22:12:29.530779,Withdrawal,183111.08,INR,PENDING,Online
T0008270,A001064,2025-03-17 07:28:55.530779,Payment,202157.36,INR,PENDING,Mobile
T0008271,A001101,2024-11-04 06:49:13.530779,Deposit,225560.54,INR,PENDING,Branch
T0008272,A000564,2025-10-26 01:17:53.530779,Deposit,143491.28,INR,PENDING,Mobile
T0008273,A001154,2025-11-26 04:40:47.530779,Withdrawal,37740.27,INR,PENDING,ATM
T0008274,A000873,2025-04-15 15:31:42.530779,Withdrawal,29782.66,INR,SUCCESS,ATM
T0008275,A001466,2025-04-12 06:01:41.530779,Payment,32441.0,INR,SUCCESS,Online
T0008276,A000949,2025-12-06 13:52:47.530779,Transfer,242543.58,INR,PENDING,Online
T0008277,A001020,2025-09-27 20:27:01.530779,Withdrawal,240815.42,INR,SUCCESS,Branch
T0008278,A000968,2025-08-17 08:13:51.530779,Transfer,93685.03,INR,PENDING,Online
T0008279,A000418,2026-02-20 18:14:04.530779,Deposit,179533.89,INR,PENDING,Mobile
T0008280,A001058,2026-04-20 08:54:30.530779,Deposit,213842.62,INR,SUCCESS,ATM
T0008281,A001000,2026-05-05 14:42:41.530779,Withdrawal,146000.13,INR,SUCCESS,Branch
T0008282,A001197,2026-06-16 02:29:56.530779,Deposit,107315.33,INR,SUCCESS,Branch
T0008283,A001072,2026-08-31 21:50:57.530779,Deposit,9025.17,INR,FAILED,Mobile
T0008284,A001419,2024-09-21 05:29:41.530779,Interest,132708.89,INR,PENDING,Mobile
T0008285,A000907,2025-04-26 20:29:03.530779,Fee,229750.99,INR,FAILED,Online
T0008286,A000976,2026-04-17 15:27:40.530779,Deposit,215422.33,INR,FAILED,Mobile
T0008287,A000548,2025-07-24 05:43:25.530779,Transfer,62254.07,INR,SUCCESS,Mobile
T0008288,A000445,2026-06-17 20:18:37.530779,Withdrawal,23750.9,INR,SUCCESS,Branch
T0008289,A000541,2026-01-16 23:12:32.530779,Deposit,8980.63,INR,SUCCESS,ATM
T0008290,A000302,2026-08-03 09:01:24.530779,Payment,6086.65,INR,PENDING,Mobile
T0008291,A000250,2025-01-08 18:08:46.530779,Fee,15254.17,INR,FAILED,Mobile
T0008292,A000215,2024-10-20 16:03:55.530779,Transfer,205752.76,INR,PENDING,Mobile
T0008293,A000630,2024-11-01 11:27:48.530779,Transfer,6325.09,INR,PENDING,Mobile
T0008294,A000734,2026-02-07 22:37:10.530779,Interest,222078.7,INR,PENDING,Branch
T0008295,A001136,2026-03-04 12:51:20.530779,Deposit,148768.87,INR,FAILED,ATM
T0008296,A001393,2026-02-20 19:30:48.530779,Interest,197419.81,INR,FAILED,Branch
T0008297,A000320,2025-06-11 19:20:09.530779,Withdrawal,47570.54,INR,PENDING,Branch
T0008298,A000686,2025-06-07 05:26:22.530779,Deposit,75762.04,INR,FAILED,Branch
T0008299,A000600,2024-12-24 17:06:07.530779,Withdrawal,96772.34,INR,PENDING,ATM
T0008300,A000892,2024-11-13 14:15:23.530779,Deposit,228084.23,INR,FAILED,ATM
T0008301,A000144,2024-10-16 02:27:57.530779,Payment,167139.17,INR,SUCCESS,Mobile
T0008302,A001442,2026-07-04 09:16:38.530779,Deposit,208489.2,INR,SUCCESS,Online
T0008303,A000109,2026-08-28 14:20:11.530779,Payment,99366.39,INR,PENDING,Online
T0008304,A000819,2024-10-13 20:42:32.530779,Fee,162363.13,INR,PENDING,Mobile
T0008305,A000190,2025-11-12 06:01:28.530779,Payment,140294.95,INR,FAILED,Mobile
T0008306,A000097,2024-10-09 05:07:34.530779,Payment,48810.24,INR,FAILED,Online
T0008307,A000268,2024-10-25 20:57:51.530779,Transfer,64290.53,INR,SUCCESS,ATM
T0008308,A001361,2025-07-20 23:34:58.530779,Transfer,199364.22,INR,PENDING,Branch
T0008309,A001174,2025-07-09 04:49:12.530779,Payment,186297.29,INR,PENDING,Branch
T0008310,A000938,2025-03-16 09:31:02.530779,Withdrawal,200964.15,INR,PENDING,Mobile
T0008311,A001138,2024-11-28 18:32:12.530779,Fee,122754.21,INR,FAILED,Online
T0008312,A000798,2025-08-02 09:09:29.530779,Withdrawal,4431.31,INR,FAILED,ATM
T0008313,A000974,2025-07-11 12:18:44.530779,Deposit,144233.57,INR,SUCCESS,Branch
T0008314,A000410,2026-08-17 16:47:30.530779,Transfer,174612.1,INR,PENDING,Online
T0008315,A000188,2025-06-07 04:41:36.530779,Deposit,69680.41,INR,FAILED,Online
T0008316,A001359,2025-05-14 15:19:51.530779,Payment,205350.39,INR,PENDING,Mobile
T0008317,A001013,2026-05-19 23:47:35.530779,Deposit,47995.35,INR,SUCCESS,ATM
T0008318,A000235,2025-03-16 16:15:38.530779,Interest,55129.45,INR,FAILED,Mobile
T0008319,A000117,2025-07-21 17:15:00.530779,Payment,166893.55,INR,FAILED,Mobile
T0008320,A000645,2025-01-29 04:04:58.530779,Interest,111329.57,INR,SUCCESS,Branch
T0008321,A000058,2025-07-14 01:14:01.530779,Transfer,212583.18,INR,PENDING,ATM
T0008322,A000241,2025-03-05 09:01:36.530779,Transfer,55601.08,INR,FAILED,ATM
T0008323,A000837,2025-12-03 10:38:01.530779,Payment,54629.82,INR,FAILED,Online
T0008324,A000185,2026-02-14 00:57:33.530779,Withdrawal,183052.4,INR,SUCCESS,Branch
T0008325,A000725,2025-04-20 08:12:14.530779,Payment,89237.08,INR,PENDING,Branch
T0008326,A001224,2026-06-16 09:22:31.530779,Payment,78929.76,INR,FAILED,Branch
T0008327,A000575,2025-09-19 14:40:08.530779,Payment,165014.08,INR,FAILED,Branch
T0008328,A000524,2025-10-31 15:29:29.530779,Fee,178634.53,INR,SUCCESS,ATM
T0008329,A000212,2026-09-09 18:00:45.530779,Payment,229231.06,INR,PENDING,ATM
T0008330,A000341,2024-10-02 07:09:58.530779,Transfer,194710.82,INR,SUCCESS,Online
T0008331,A000724,2025-11-27 08:44:40.530779,Withdrawal,175465.23,INR,PENDING,ATM
T0008332,A000273,2025-07-10 22:32:15.530779,Deposit,76610.45,INR,SUCCESS,Online
T0008333,A001172,2024-10-06 09:46:16.530779,Fee,47993.08,INR,PENDING,Online
T0008334,A001029,2024-11-13 11:36:09.530779,Deposit,191120.91,INR,PENDING,Mobile
T0008335,A000155,2025-11-26 12:44:41.530779,Transfer,100140.66,INR,SUCCESS,ATM
T0008336,A001100,2026-05-22 02:32:45.530779,Withdrawal,120370.52,INR,FAILED,Mobile
T0008337,A001181,2026-06-16 16:04:41.530779,Deposit,9187.96,INR,FAILED,Mobile
T0008338,A000035,2025-06-08 02:45:03.530779,Fee,12454.78,INR,FAILED,Online
T0008339,A000121,2026-05-17 11:30:48.530779,Interest,233323.26,INR,SUCCESS,ATM
T0008340,A000230,2025-06-25 12:59:17.530779,Withdrawal,227697.61,INR,FAILED,Online
T0008341,A000611,2025-01-26 21:33:06.530779,Withdrawal,242167.31,INR,SUCCESS,Online
T0008342,A000682,2026-08-02 19:51:08.530779,Fee,80396.89,INR,SUCCESS,Online
T0008343,A000738,2025-02-15 02:57:11.530779,Transfer,227615.54,INR,FAILED,ATM
T0008344,A000549,2026-04-27 05:43:21.530779,Deposit,151936.13,INR,FAILED,Online
T0008345,A000693,2025-12-07 13:40:49.530779,Transfer,227327.08,INR,SUCCESS,Branch
T0008346,A001118,2024-11-06 03:43:42.530779,Deposit,27382.77,INR,FAILED,Online
T0008347,A001123,2025-04-17 04:09:22.530779,Deposit,167677.73,INR,SUCCESS,ATM
T0008348,A000410,2025-04-13 18:59:29.530779,Payment,17793.28,INR,FAILED,ATM
T0008349,A000249,2026-09-02 22:05:14.530779,Payment,144928.21,INR,SUCCESS,Branch
T0008350,A000639,2025-09-01 02:05:47.530779,Fee,30252.02,INR,SUCCESS,Online
T0008351,A001133,2025-07-18 14:17:57.530779,Payment,237590.25,INR,FAILED,Online
T0008352,A000481,2025-01-19 17:24:05.530779,Payment,3719.39,INR,SUCCESS,ATM
T0008353,A000528,2025-04-21 19:16:27.530779,Transfer,10490.65,INR,SUCCESS,ATM
T0008354,A001197,2025-08-19 22:15:35.530779,Fee,99378.37,INR,FAILED,Mobile
T0008355,A001361,2024-12-19 06:40:06.530779,Deposit,38039.21,INR,SUCCESS,Online
T0008356,A000406,2025-03-28 10:43:37.530779,Transfer,177134.97,INR,FAILED,Branch
T0008357,A000263,2026-09-03 13:33:50.530779,Fee,27903.56,INR,SUCCESS,Branch
T0008358,A000686,2025-03-21 02:16:43.530779,Withdrawal,148159.11,INR,FAILED,Online
T0008359,A000158,2025-10-17 23:30:34.530779,Transfer,104830.75,INR,SUCCESS,Mobile
T0008360,A001472,2024-09-29 11:55:30.530779,Fee,68878.41,INR,PENDING,ATM
T0008361,A000763,2025-06-10 15:52:36.530779,Withdrawal,154808.15,INR,FAILED,Online
T0008362,A000607,2024-10-18 16:53:18.530779,Fee,27344.71,INR,SUCCESS,Mobile
T0008363,A000433,2025-10-03 08:00:21.530779,Interest,61216.15,INR,FAILED,ATM
T0008364,A000718,2024-11-23 15:33:43.530779,Deposit,125403.12,INR,PENDING,Online
T0008365,A000792,2025-12-23 12:09:58.530779,Transfer,133869.84,INR,FAILED,ATM
T0008366,A000489,2025-06-14 18:01:18.530779,Fee,106504.85,INR,PENDING,Branch
T0008367,A000407,2024-12-19 04:33:32.530779,Interest,85157.15,INR,PENDING,Branch
T0008368,A000693,2026-06-05 23:30:24.530779,Deposit,119874.99,INR,SUCCESS,Online
T0008369,A000127,2026-09-09 21:08:34.530779,Payment,216445.26,INR,PENDING,ATM
T0008370,A000643,2026-08-20 18:41:01.530779,Payment,244573.02,INR,SUCCESS,Branch
T0008371,A000906,2025-11-30 14:07:55.530779,Withdrawal,24545.96,INR,SUCCESS,Branch
T0008372,A000813,2025-03-21 18:19:40.530779,Withdrawal,51143.72,INR,PENDING,Branch
T0008373,A001003,2025-08-28 10:38:01.530779,Deposit,29572.23,INR,SUCCESS,Mobile
T0008374,A000404,2024-12-14 09:53:27.530779,Interest,89710.87,INR,PENDING,Mobile
T0008375,A001168,2026-06-14 07:42:22.530779,Transfer,40379.88,INR,FAILED,Mobile
T0008376,A001091,2026-02-26 04:51:27.530779,Fee,30188.5,INR,FAILED,Branch
T0008377,A000783,2025-10-01 22:10:54.530779,Deposit,73539.26,INR,SUCCESS,Branch
T0008378,A000943,2025-07-05 10:32:05.530779,Payment,228600.59,INR,FAILED,ATM
T0008379,A000422,2026-03-29 02:17:35.530779,Withdrawal,84370.73,INR,PENDING,Mobile
T0008380,A000318,2026-06-14 20:52:11.530779,Transfer,216275.93,INR,FAILED,Mobile
T0008381,A000091,2025-05-15 11:15:57.530779,Payment,136620.62,INR,FAILED,Mobile
T0008382,A001210,2026-05-19 08:27:02.530779,Withdrawal,166636.34,INR,PENDING,Branch
T0008383,A001434,2024-10-17 13:42:08.530779,Withdrawal,218056.5,INR,SUCCESS,Mobile
T0008384,A000225,2025-05-13 22:00:34.530779,Fee,34415.8,INR,FAILED,Branch
T0008385,A001408,2026-09-05 17:43:01.530779,Interest,117738.67,INR,FAILED,ATM
T0008386,A001468,2025-09-23 14:42:26.530779,Interest,177468.06,INR,SUCCESS,Mobile
T0008387,A001330,2026-07-31 03:51:48.530779,Interest,209736.09,INR,PENDING,Branch
T0008388,A000739,2026-02-18 13:27:58.530779,Fee,45825.07,INR,PENDING,ATM
T0008389,A001293,2026-03-02 03:34:42.530779,Withdrawal,151568.0,INR,FAILED,ATM
T0008390,A001065,2025-08-15 09:47:30.530779,Withdrawal,115205.46,INR,SUCCESS,ATM
T0008391,A001299,2026-05-31 02:21:57.530779,Deposit,155969.19,INR,PENDING,ATM
T0008392,A000818,2025-01-11 07:42:18.530779,Transfer,77622.77,INR,FAILED,Branch
T0008393,A000198,2025-03-03 20:29:23.530779,Deposit,135640.91,INR,FAILED,ATM
T0008394,A000524,2024-11-03 03:39:42.530779,Payment,194865.88,INR,SUCCESS,Mobile
T0008395,A001401,2025-04-11 02:38:03.530779,Fee,196479.46,INR,SUCCESS,Branch
T0008396,A000723,2026-07-16 04:38:30.530779,Fee,213994.03,INR,SUCCESS,ATM
T0008397,A000350,2026-08-25 08:58:54.530779,Payment,243223.59,INR,PENDING,Online
T0008398,A000668,2025-06-17 12:34:33.530779,Fee,233794.68,INR,SUCCESS,ATM
T0008399,A000224,2025-01-16 05:17:51.530779,Interest,206797.54,INR,FAILED,ATM
T0008400,A000909,2026-07-05 10:39:16.530779,Transfer,239477.73,INR,PENDING,Mobile
T0008401,A000255,2025-10-25 11:52:37.530779,Fee,54501.76,INR,FAILED,Online
T0008402,A000087,2025-07-27 16:07:49.530779,Interest,41092.88,INR,FAILED,Online
T0008403,A000743,2026-07-23 05:22:00.530779,Deposit,94259.08,INR,PENDING,Mobile
T0008404,A000016,2025-01-11 04:25:41.530779,Withdrawal,244616.88,INR,FAILED,Online
T0008405,A001290,2025-05-24 21:53:52.530779,Interest,111186.63,INR,PENDING,ATM
T0008406,A001397,2024-12-13 22:05:30.530779,Payment,158534.12,INR,PENDING,ATM
T0008407,A000542,2025-10-08 04:53:04.530779,Deposit,91569.85,INR,PENDING,Branch
T0008408,A000744,2025-03-16 07:54:40.530779,Fee,15942.96,INR,PENDING,ATM
T0008409,A000348,2025-09-21 05:07:45.530779,Fee,39049.43,INR,FAILED,Branch
T0008410,A000748,2024-10-24 06:03:25.530779,Interest,146363.02,INR,PENDING,ATM
T0008411,A000655,2025-09-18 19:49:45.530779,Transfer,210528.81,INR,SUCCESS,Mobile
T0008412,A000603,2024-10-28 11:07:51.530779,Interest,244319.05,INR,PENDING,Branch
T0008413,A000227,2025-03-21 20:28:01.530779,Withdrawal,150140.9,INR,PENDING,Branch
T0008414,A000509,2025-12-22 08:06:21.530779,Interest,91579.03,INR,PENDING,Mobile
T0008415,A001295,2025-12-30 00:28:13.530779,Payment,186618.65,INR,SUCCESS,Mobile
T0008416,A001283,2024-11-10 23:33:27.530779,Deposit,110164.59,INR,PENDING,ATM
T0008417,A000881,2025-09-19 16:47:45.530779,Withdrawal,33229.17,INR,FAILED,Online
T0008418,A000259,2025-10-27 14:30:07.530779,Deposit,218913.43,INR,PENDING,Branch
T0008419,A000553,2026-07-02 16:38:29.530779,Fee,184786.93,INR,SUCCESS,Branch
T0008420,A000105,2025-07-06 17:19:11.530779,Withdrawal,160772.78,INR,SUCCESS,Branch
T0008421,A001058,2025-10-27 08:17:20.530779,Payment,166989.54,INR,SUCCESS,Mobile
T0008422,A001048,2025-10-20 22:14:16.530779,Payment,206969.22,INR,PENDING,Branch
T0008423,A000529,2025-08-27 17:43:47.530779,Deposit,83485.89,INR,SUCCESS,Branch
T0008424,A000668,2025-08-25 19:18:55.530779,Withdrawal,46678.56,INR,PENDING,Branch
T0008425,A000914,2025-10-24 03:54:46.530779,Withdrawal,115588.98,INR,FAILED,Online
T0008426,A000603,2024-09-30 08:22:56.530779,Deposit,113.35,INR,FAILED,Mobile
T0008427,A000058,2026-03-14 15:50:54.530779,Withdrawal,93317.29,INR,FAILED,Online
T0008428,A000552,2026-05-16 20:50:49.530779,Interest,187338.62,INR,PENDING,Branch
T0008429,A000031,2025-06-11 11:45:38.530779,Deposit,150995.66,INR,SUCCESS,Branch
T0008430,A000104,2025-06-20 08:49:07.530779,Interest,118238.52,INR,SUCCESS,Mobile
T0008431,A000469,2026-08-17 11:05:34.530779,Transfer,242039.3,INR,SUCCESS,Online
T0008432,A001282,2025-08-18 11:23:36.530779,Transfer,45677.35,INR,FAILED,Online
T0008433,A001148,2025-02-07 15:25:20.530779,Interest,181836.0,INR,SUCCESS,Online
T0008434,A000131,2025-09-25 19:32:37.530779,Deposit,57352.74,INR,SUCCESS,Mobile
T0008435,A000391,2026-05-21 12:11:58.530779,Deposit,18733.7,INR,FAILED,ATM
T0008436,A000722,2026-07-02 03:55:17.530779,Withdrawal,36806.19,INR,SUCCESS,ATM
T0008437,A001128,2025-08-21 01:25:24.530779,Fee,105713.49,INR,PENDING,Branch
T0008438,A001000,2024-12-05 07:19:28.530779,Payment,95846.32,INR,FAILED,Online
T0008439,A000127,2026-07-25 19:50:33.530779,Payment,190680.38,INR,FAILED,Online
T0008440,A001458,2025-09-06 01:36:37.530779,Payment,72512.17,INR,FAILED,Online
T0008441,A000470,2024-12-19 19:06:15.530779,Withdrawal,137962.26,INR,FAILED,Online
T0008442,A001351,2026-09-04 02:58:12.530779,Transfer,181313.38,INR,SUCCESS,Branch
T0008443,A000560,2026-06-17 00:10:03.530779,Withdrawal,228067.54,INR,PENDING,Mobile
T0008444,A000208,2025-08-14 07:37:32.530779,Payment,47618.4,INR,SUCCESS,ATM
T0008445,A000719,2025-12-07 03:24:09.530779,Interest,89640.67,INR,SUCCESS,ATM
T0008446,A000137,2026-07-18 02:21:03.530779,Withdrawal,232893.55,INR,SUCCESS,ATM
T0008447,A000284,2026-04-08 03:12:54.530779,Payment,183029.63,INR,PENDING,Mobile
T0008448,A001105,2025-10-18 12:53:50.530779,Interest,54864.22,INR,PENDING,Mobile
T0008449,A001100,2026-01-16 08:09:44.530779,Withdrawal,212400.59,INR,PENDING,Branch
T0008450,A000664,2026-02-14 19:18:53.530779,Payment,6821.93,INR,FAILED,ATM
T0008451,A001046,2025-08-18 14:11:55.530779,Interest,211981.49,INR,FAILED,Online
T0008452,A000166,2026-06-03 07:15:54.530779,Fee,93763.59,INR,PENDING,Branch
T0008453,A000213,2025-08-24 20:00:26.530779,Withdrawal,241433.75,INR,SUCCESS,ATM
T0008454,A001245,2025-06-09 23:01:54.530779,Transfer,154236.02,INR,SUCCESS,Branch
T0008455,A000633,2026-07-19 19:33:47.530779,Transfer,113697.37,INR,PENDING,ATM
T0008456,A001334,2025-06-03 21:07:55.530779,Interest,15582.99,INR,SUCCESS,Mobile
T0008457,A000972,2024-11-18 16:55:00.530779,Deposit,219624.98,INR,FAILED,Branch
T0008458,A001339,2025-08-23 00:34:49.530779,Interest,232630.58,INR,PENDING,Branch
T0008459,A000157,2024-10-03 02:09:43.530779,Fee,62557.02,INR,FAILED,Online
T0008460,A000149,2024-10-22 18:01:21.530779,Fee,177990.07,INR,PENDING,Online
T0008461,A000449,2026-09-01 23:01:16.530779,Payment,132056.11,INR,SUCCESS,Online
T0008462,A000941,2024-11-04 09:48:05.530779,Deposit,127210.1,INR,PENDING,ATM
T0008463,A000523,2025-06-30 08:38:28.530779,Transfer,214317.99,INR,SUCCESS,Mobile
T0008464,A000963,2025-09-12 14:12:32.530779,Withdrawal,22437.98,INR,PENDING,Online
T0008465,A000156,2026-04-19 11:30:36.530779,Deposit,1992.36,INR,FAILED,ATM
T0008466,A000824,2026-08-23 04:13:47.530779,Transfer,224608.33,INR,PENDING,Mobile
T0008467,A000700,2024-12-01 14:13:58.530779,Transfer,22218.17,INR,FAILED,Mobile
T0008468,A000001,2026-08-16 23:49:40.530779,Deposit,133325.9,INR,PENDING,Branch
T0008469,A000612,2026-07-09 14:46:12.530779,Interest,196829.27,INR,FAILED,Mobile
T0008470,A000340,2026-01-01 15:38:31.530779,Withdrawal,44770.13,INR,FAILED,ATM
T0008471,A001485,2025-12-03 20:31:35.530779,Interest,47557.61,INR,FAILED,Mobile
T0008472,A001099,2025-09-18 09:53:27.530779,Fee,18055.25,INR,SUCCESS,Branch
T0008473,A000950,2025-04-13 04:38:24.530779,Payment,215433.79,INR,PENDING,Online
T0008474,A001480,2026-05-18 21:32:51.530779,Deposit,59287.44,INR,FAILED,Branch
T0008475,A000200,2025-05-30 02:38:52.530779,Deposit,198279.69,INR,FAILED,Mobile
T0008476,A001189,2025-12-29 11:01:18.530779,Withdrawal,52184.73,INR,PENDING,ATM
T0008477,A001367,2025-01-15 12:03:40.530779,Deposit,156479.28,INR,PENDING,ATM
T0008478,A001014,2024-10-30 00:09:26.530779,Transfer,230698.24,INR,FAILED,Branch
T0008479,A001204,2025-02-04 07:42:19.530779,Payment,193168.94,INR,PENDING,Online
T0008480,A001034,2025-01-04 18:32:09.530779,Withdrawal,24154.69,INR,PENDING,Online
T0008481,A001397,2025-12-13 13:11:01.530779,Deposit,81107.97,INR,PENDING,ATM
T0008482,A001349,2025-08-11 18:55:20.530779,Interest,171754.85,INR,FAILED,Online
T0008483,A000755,2025-06-04 04:40:32.530779,Withdrawal,173103.11,INR,FAILED,Branch
T0008484,A000980,2026-05-20 14:13:42.530779,Interest,62468.87,INR,FAILED,ATM
T0008485,A000783,2026-05-14 13:42:49.530779,Deposit,224893.09,INR,FAILED,Online
T0008486,A001299,2025-03-19 19:22:30.530779,Payment,53756.03,INR,FAILED,Mobile
T0008487,A000059,2025-04-22 19:26:53.530779,Transfer,113986.37,INR,SUCCESS,Online
T0008488,A000369,2025-11-06 15:17:54.530779,Fee,96171.75,INR,FAILED,Mobile
T0008489,A000543,2026-01-22 07:45:41.530779,Withdrawal,130934.59,INR,SUCCESS,ATM
T0008490,A001111,2025-03-13 13:53:02.530779,Transfer,184601.32,INR,FAILED,ATM
T0008491,A001292,2025-10-27 23:32:16.530779,Interest,157529.57,INR,PENDING,Branch
T0008492,A001177,2026-02-20 18:37:12.530779,Transfer,234361.26,INR,PENDING,Mobile
T0008493,A001277,2025-02-16 01:59:21.530779,Deposit,167843.94,INR,PENDING,Mobile
T0008494,A000570,2025-04-01 00:34:41.530779,Transfer,31706.4,INR,FAILED,ATM
T0008495,A001416,2025-04-23 10:20:20.530779,Fee,194758.15,INR,FAILED,ATM
T0008496,A000581,2025-09-12 23:56:38.530779,Transfer,103731.97,INR,FAILED,Online
T0008497,A000597,2025-08-02 23:03:29.530779,Deposit,101240.81,INR,SUCCESS,Online
T0008498,A000590,2025-11-28 13:30:15.530779,Deposit,121778.96,INR,SUCCESS,Online
T0008499,A000903,2025-05-04 07:24:02.530779,Fee,4065.78,INR,FAILED,ATM
T0008500,A000272,2025-01-26 03:40:49.530779,Interest,227445.1,INR,FAILED,Branch
T0008501,A001381,2024-10-11 13:04:44.530779,Fee,6634.79,INR,PENDING,ATM
T0008502,A000014,2025-11-22 21:02:15.530779,Withdrawal,181131.93,INR,PENDING,Online
T0008503,A000107,2026-06-24 17:33:25.530779,Fee,220068.85,INR,PENDING,Online
T0008504,A000565,2025-12-13 04:33:10.530779,Withdrawal,237741.76,INR,FAILED,ATM
T0008505,A001150,2025-05-18 00:04:41.530779,Interest,111224.54,INR,FAILED,Mobile
T0008506,A001226,2025-02-22 13:14:11.530779,Payment,193736.31,INR,FAILED,Branch
T0008507,A001269,2025-05-09 09:34:58.530779,Transfer,222486.45,INR,PENDING,Branch
T0008508,A000666,2024-11-22 02:40:53.530779,Interest,9046.94,INR,PENDING,ATM
T0008509,A000556,2026-04-11 11:10:30.530779,Fee,16945.1,INR,FAILED,Branch
T0008510,A000895,2025-09-13 01:53:15.530779,Payment,196950.71,INR,PENDING,Mobile
T0008511,A000904,2025-01-11 04:38:05.530779,Deposit,179902.69,INR,FAILED,Mobile
T0008512,A000990,2025-11-09 02:48:20.530779,Deposit,128354.2,INR,FAILED,Online
T0008513,A000882,2026-08-02 20:43:47.530779,Fee,60153.26,INR,PENDING,Branch
T0008514,A000139,2025-02-10 00:24:56.530779,Payment,63892.98,INR,PENDING,ATM
T0008515,A000161,2025-06-12 16:16:19.530779,Withdrawal,54769.48,INR,PENDING,ATM
T0008516,A001436,2026-04-10 02:45:51.530779,Fee,176187.15,INR,SUCCESS,ATM
T0008517,A000468,2026-04-10 02:42:29.530779,Deposit,210792.1,INR,FAILED,Mobile
T0008518,A000762,2025-10-18 04:39:27.530779,Interest,230035.35,INR,PENDING,Online
T0008519,A000504,2026-08-05 11:33:25.530779,Interest,160910.83,INR,PENDING,Mobile
T0008520,A001140,2024-09-27 11:56:21.530779,Deposit,233912.31,INR,FAILED,Branch
T0008521,A000007,2025-03-08 09:42:04.530779,Transfer,230631.0,INR,FAILED,Online
T0008522,A000072,2024-10-18 01:44:36.530779,Payment,242223.41,INR,PENDING,Online
T0008523,A001040,2026-04-29 12:05:00.530779,Deposit,198261.84,INR,SUCCESS,Mobile
T0008524,A001426,2025-02-19 20:19:30.530779,Fee,107805.68,INR,SUCCESS,Branch
T0008525,A000613,2025-10-19 03:32:10.530779,Transfer,4431.16,INR,SUCCESS,Online
T0008526,A001146,2026-04-17 16:53:24.530779,Transfer,218721.89,INR,SUCCESS,Branch
T0008527,A000789,2025-07-25 06:48:46.530779,Interest,18793.45,INR,FAILED,Online
T0008528,A001353,2025-07-08 05:28:30.530779,Interest,206801.41,INR,FAILED,Online
T0008529,A001386,2026-03-12 21:23:00.530779,Deposit,32695.02,INR,SUCCESS,ATM
T0008530,A000319,2025-03-02 01:51:35.530779,Deposit,198589.19,INR,PENDING,Mobile
T0008531,A000932,2025-04-25 19:19:11.530779,Withdrawal,4393.99,INR,PENDING,Branch
T0008532,A001331,2024-10-29 07:58:54.530779,Withdrawal,204208.38,INR,PENDING,Branch
T0008533,A000945,2026-05-29 12:29:17.530779,Withdrawal,117062.7,INR,FAILED,ATM
T0008534,A000608,2025-12-10 22:22:49.530779,Interest,25805.5,INR,PENDING,ATM
T0008535,A000065,2025-10-03 04:26:59.530779,Payment,31685.26,INR,FAILED,ATM
T0008536,A001015,2024-09-26 06:27:26.530779,Payment,65621.14,INR,FAILED,Online
T0008537,A000048,2025-04-05 08:02:41.530779,Fee,128182.18,INR,FAILED,ATM
T0008538,A001463,2025-09-24 05:06:04.530779,Withdrawal,205723.39,INR,FAILED,ATM
T0008539,A000257,2026-06-18 08:44:10.530779,Withdrawal,127429.02,INR,SUCCESS,ATM
T0008540,A000803,2024-12-22 07:59:13.530779,Interest,50741.62,INR,FAILED,ATM
T0008541,A000223,2026-03-14 15:07:40.530779,Withdrawal,52849.13,INR,SUCCESS,Mobile
T0008542,A000876,2024-10-01 12:05:30.530779,Deposit,201800.8,INR,PENDING,Mobile
T0008543,A000254,2025-01-08 02:15:55.530779,Interest,164092.18,INR,SUCCESS,Branch
T0008544,A001427,2025-02-10 06:57:09.530779,Payment,117396.46,INR,PENDING,Online
T0008545,A000256,2026-02-25 05:59:51.530779,Withdrawal,185343.99,INR,FAILED,Mobile
T0008546,A000241,2025-02-22 02:12:39.530779,Deposit,26050.16,INR,PENDING,Online
T0008547,A000443,2026-04-29 19:25:39.530779,Interest,182739.52,INR,PENDING,Branch
T0008548,A000437,2026-05-11 20:10:53.530779,Withdrawal,51731.99,INR,PENDING,Online
T0008549,A001330,2025-03-31 18:13:33.530779,Fee,20706.31,INR,PENDING,Branch
T0008550,A000037,2024-10-11 05:19:02.530779,Fee,38397.56,INR,PENDING,Branch
T0008551,A001303,2026-07-24 17:52:08.530779,Deposit,136445.64,INR,FAILED,Mobile
T0008552,A001320,2025-04-16 10:59:59.530779,Fee,105472.26,INR,PENDING,Mobile
T0008553,A001471,2025-10-03 17:50:00.530779,Fee,2191.41,INR,PENDING,Branch
T0008554,A001215,2026-01-30 23:25:20.530779,Payment,125111.31,INR,FAILED,Branch
T0008555,A001166,2026-04-12 17:26:57.530779,Deposit,44679.57,INR,FAILED,Branch
T0008556,A000325,2025-06-14 09:22:57.530779,Withdrawal,164055.57,INR,PENDING,Branch
T0008557,A000560,2025-06-25 18:09:11.530779,Deposit,172671.51,INR,PENDING,Mobile
T0008558,A000060,2026-08-23 16:36:24.530779,Withdrawal,144245.47,INR,FAILED,ATM
T0008559,A000314,2025-06-08 04:42:17.530779,Interest,65977.22,INR,PENDING,Online
T0008560,A000950,2024-12-21 10:23:40.530779,Payment,135266.56,INR,PENDING,Mobile
T0008561,A001326,2025-11-05 06:21:18.530779,Interest,151739.22,INR,SUCCESS,ATM
T0008562,A000732,2026-06-19 13:41:18.530779,Fee,93859.54,INR,PENDING,Online
T0008563,A000505,2025-06-26 01:23:51.530779,Transfer,134739.97,INR,FAILED,ATM
T0008564,A000495,2025-06-30 11:14:19.530779,Payment,113723.76,INR,SUCCESS,Mobile
T0008565,A000447,2025-11-20 06:20:56.530779,Transfer,86211.31,INR,FAILED,Online
T0008566,A000147,2026-02-20 01:59:27.530779,Payment,89904.9,INR,PENDING,Branch
T0008567,A001442,2025-11-11 02:35:32.530779,Transfer,76546.24,INR,FAILED,Branch
T0008568,A001367,2025-10-07 18:20:27.530779,Transfer,233593.04,INR,SUCCESS,ATM
T0008569,A000101,2026-01-14 03:54:12.530779,Payment,10909.19,INR,SUCCESS,Online
T0008570,A000361,2025-06-08 23:56:43.530779,Withdrawal,164710.23,INR,PENDING,ATM
T0008571,A000024,2026-05-16 14:38:26.530779,Payment,230430.09,INR,PENDING,ATM
T0008572,A000365,2025-09-15 05:45:02.530779,Fee,195431.56,INR,FAILED,Online
T0008573,A000592,2026-05-22 10:23:04.530779,Withdrawal,108783.51,INR,PENDING,ATM
T0008574,A000590,2026-03-20 18:08:56.530779,Fee,164474.22,INR,PENDING,Branch
T0008575,A000224,2024-11-26 18:50:23.530779,Payment,71126.81,INR,FAILED,ATM
T0008576,A001072,2025-12-15 14:05:21.530779,Withdrawal,108124.07,INR,SUCCESS,Branch
T0008577,A001302,2026-05-24 23:51:42.530779,Deposit,227838.99,INR,PENDING,Branch
T0008578,A000097,2025-05-17 23:02:04.530779,Withdrawal,106052.46,INR,PENDING,Online
T0008579,A000564,2026-01-09 16:28:58.530779,Payment,109453.1,INR,FAILED,Mobile
T0008580,A000014,2025-04-07 10:15:31.530779,Fee,176745.84,INR,FAILED,Online
T0008581,A000691,2025-08-14 11:44:02.530779,Deposit,27639.09,INR,PENDING,Mobile
T0008582,A000596,2025-04-19 06:31:03.530779,Withdrawal,186609.72,INR,FAILED,Mobile
T0008583,A001433,2026-08-21 17:09:14.530779,Transfer,155636.71,INR,FAILED,Mobile
T0008584,A001038,2024-12-27 17:40:10.530779,Transfer,58674.07,INR,FAILED,Online
T0008585,A000255,2025-02-15 13:40:23.530779,Interest,12241.8,INR,FAILED,ATM
T0008586,A000426,2025-02-22 13:18:18.530779,Withdrawal,52087.07,INR,SUCCESS,Online
T0008587,A001447,2025-12-19 18:22:06.530779,Interest,229202.98,INR,FAILED,Branch
T0008588,A000577,2026-02-28 19:22:54.530779,Payment,35344.63,INR,SUCCESS,ATM
T0008589,A000038,2025-07-14 04:19:27.530779,Interest,174279.61,INR,SUCCESS,Branch
T0008590,A000355,2025-10-26 18:01:26.530779,Payment,41260.44,INR,SUCCESS,ATM
T0008591,A001044,2024-11-06 02:19:35.530779,Fee,23058.11,INR,PENDING,Branch
T0008592,A000222,2025-12-14 08:45:16.530779,Fee,227744.21,INR,PENDING,Mobile
T0008593,A001325,2026-01-07 02:19:35.530779,Transfer,238615.72,INR,PENDING,Online
T0008594,A001209,2025-04-06 03:26:02.530779,Transfer,131475.73,INR,PENDING,Mobile
T0008595,A001431,2026-01-11 14:32:13.530779,Withdrawal,67596.87,INR,PENDING,ATM
T0008596,A000761,2025-12-06 07:54:46.530779,Payment,183469.27,INR,PENDING,Branch
T0008597,A000404,2026-07-04 18:59:39.530779,Transfer,247699.76,INR,FAILED,Mobile
T0008598,A000682,2026-01-10 09:49:33.530779,Payment,27849.83,INR,PENDING,Branch
T0008599,A000541,2025-03-28 15:45:04.530779,Interest,186043.8,INR,PENDING,Mobile
T0008600,A001229,2025-01-24 23:06:52.530779,Fee,6562.18,INR,SUCCESS,Mobile
T0008601,A000869,2025-05-31 06:21:09.530779,Payment,128239.97,INR,PENDING,Mobile
T0008602,A000727,2025-01-08 11:30:02.530779,Transfer,234299.45,INR,SUCCESS,Mobile
T0008603,A001207,2025-12-13 08:21:21.530779,Interest,147942.58,INR,FAILED,Online
T0008604,A000513,2025-06-24 03:10:44.530779,Interest,84122.11,INR,PENDING,Branch
T0008605,A000809,2024-12-14 07:18:51.530779,Transfer,48744.76,INR,SUCCESS,ATM
T0008606,A000817,2026-04-20 00:37:11.530779,Withdrawal,31986.3,INR,PENDING,Branch
T0008607,A000695,2025-12-26 11:06:14.530779,Transfer,179947.26,INR,PENDING,ATM
T0008608,A000580,2024-10-27 23:59:45.530779,Withdrawal,17052.66,INR,SUCCESS,Branch
T0008609,A001061,2026-05-17 18:21:17.530779,Transfer,114831.7,INR,PENDING,Online
T0008610,A000832,2024-11-29 20:13:49.530779,Interest,104492.89,INR,PENDING,Branch
T0008611,A001173,2026-08-24 15:31:49.530779,Withdrawal,205683.99,INR,PENDING,Mobile
T0008612,A001379,2026-02-07 18:59:54.530779,Withdrawal,97214.0,INR,PENDING,Online
T0008613,A001192,2026-09-10 17:24:42.530779,Fee,149365.11,INR,PENDING,Branch
T0008614,A001228,2026-08-17 18:51:16.530779,Interest,45816.71,INR,SUCCESS,Branch
T0008615,A001048,2026-07-26 20:25:01.530779,Withdrawal,236646.02,INR,PENDING,Mobile
T0008616,A000027,2026-03-06 01:59:23.530779,Deposit,226291.65,INR,SUCCESS,Branch
T0008617,A000012,2025-01-31 09:38:27.530779,Fee,185836.61,INR,SUCCESS,ATM
T0008618,A001466,2026-08-17 04:53:12.530779,Interest,94684.95,INR,FAILED,Branch
T0008619,A000659,2025-07-09 08:36:47.530779,Payment,172805.04,INR,SUCCESS,Mobile
T0008620,A000674,2025-02-15 22:53:28.530779,Deposit,91430.19,INR,PENDING,Branch
T0008621,A001067,2026-01-10 18:26:53.530779,Interest,72057.31,INR,PENDING,Online
T0008622,A000679,2025-10-08 20:28:40.530779,Transfer,119839.56,INR,SUCCESS,Online
T0008623,A001092,2024-10-19 04:04:30.530779,Fee,183933.35,INR,SUCCESS,ATM
T0008624,A000193,2025-05-04 15:54:49.530779,Transfer,216142.51,INR,PENDING,ATM
T0008625,A001351,2025-04-05 17:45:14.530779,Fee,15128.75,INR,SUCCESS,Mobile
T0008626,A001352,2026-01-05 05:54:51.530779,Transfer,151924.88,INR,PENDING,ATM
T0008627,A000826,2024-10-22 20:14:46.530779,Fee,192514.77,INR,FAILED,Branch
T0008628,A001408,2025-05-06 18:41:09.530779,Transfer,58501.73,INR,FAILED,ATM
T0008629,A000310,2025-01-09 05:49:47.530779,Deposit,121245.7,INR,SUCCESS,ATM
T0008630,A001298,2026-04-27 19:12:58.530779,Deposit,82557.71,INR,SUCCESS,Mobile
T0008631,A000552,2025-03-27 04:53:43.530779,Payment,163017.51,INR,SUCCESS,Mobile
T0008632,A000485,2026-07-08 02:29:25.530779,Interest,214350.61,INR,FAILED,Online
T0008633,A001101,2024-11-19 13:34:05.530779,Transfer,2667.89,INR,PENDING,Branch
T0008634,A001173,2025-07-01 04:49:58.530779,Withdrawal,140135.29,INR,FAILED,ATM
T0008635,A000899,2025-09-30 00:51:37.530779,Interest,146724.36,INR,SUCCESS,Online
T0008636,A000274,2024-10-28 18:44:03.530779,Interest,32071.55,INR,FAILED,ATM
T0008637,A000249,2026-08-18 21:00:01.530779,Withdrawal,9974.8,INR,FAILED,Online
T0008638,A000760,2024-09-20 18:03:43.530779,Transfer,164150.89,INR,FAILED,Online
T0008639,A001186,2025-07-03 03:50:30.530779,Withdrawal,101947.01,INR,SUCCESS,Branch
T0008640,A000768,2025-06-27 03:01:07.530779,Deposit,242084.02,INR,SUCCESS,Mobile
T0008641,A000589,2025-03-25 05:37:26.530779,Deposit,56164.83,INR,PENDING,Mobile
T0008642,A000127,2026-05-03 12:59:56.530779,Deposit,6474.81,INR,SUCCESS,Mobile
T0008643,A001478,2025-04-07 05:11:04.530779,Deposit,54399.75,INR,PENDING,Mobile
T0008644,A001039,2026-03-27 10:53:12.530779,Deposit,70852.17,INR,SUCCESS,Branch
T0008645,A000075,2025-05-17 10:58:07.530779,Withdrawal,34461.59,INR,PENDING,ATM
T0008646,A000804,2026-06-14 02:31:02.530779,Deposit,13196.47,INR,SUCCESS,ATM
T0008647,A000189,2025-05-07 04:35:50.530779,Deposit,82223.36,INR,FAILED,ATM
T0008648,A001356,2026-07-30 05:56:59.530779,Fee,22291.61,INR,FAILED,Mobile
T0008649,A000247,2026-07-03 11:12:49.530779,Interest,163180.67,INR,PENDING,ATM
T0008650,A001280,2026-08-25 03:52:37.530779,Fee,117134.06,INR,PENDING,Online
T0008651,A000495,2026-01-30 14:13:54.530779,Deposit,166175.46,INR,PENDING,Online
T0008652,A000566,2025-01-08 12:05:30.530779,Withdrawal,182931.09,INR,FAILED,Branch
T0008653,A001368,2024-11-12 02:16:55.530779,Transfer,27510.58,INR,SUCCESS,ATM
T0008654,A001069,2026-08-11 19:48:43.530779,Withdrawal,203803.04,INR,FAILED,ATM
T0008655,A000780,2026-08-01 12:05:49.530779,Withdrawal,161947.95,INR,SUCCESS,Online
T0008656,A000386,2026-06-12 19:20:51.530779,Interest,44190.79,INR,FAILED,Mobile
T0008657,A000298,2025-12-07 12:49:50.530779,Interest,172430.33,INR,PENDING,Mobile
T0008658,A000268,2026-06-06 16:01:02.530779,Transfer,246545.24,INR,PENDING,Mobile
T0008659,A000646,2024-11-11 22:38:44.530779,Payment,87757.96,INR,PENDING,Branch
T0008660,A000872,2026-06-15 02:52:22.530779,Payment,236536.26,INR,SUCCESS,Mobile
T0008661,A000637,2026-01-08 21:52:23.530779,Transfer,176306.19,INR,SUCCESS,Mobile
T0008662,A001181,2024-10-12 12:06:18.530779,Payment,32737.05,INR,SUCCESS,Mobile
T0008663,A000634,2026-07-16 05:26:22.530779,Interest,145868.39,INR,SUCCESS,Branch
T0008664,A000034,2026-08-04 06:37:29.530779,Payment,139081.19,INR,PENDING,Branch
T0008665,A000238,2026-04-07 15:20:13.530779,Fee,45814.33,INR,SUCCESS,Mobile
T0008666,A001113,2026-09-01 04:33:43.530779,Interest,86224.21,INR,SUCCESS,ATM
T0008667,A000827,2024-10-04 04:34:54.530779,Deposit,107198.64,INR,FAILED,ATM
T0008668,A000206,2025-08-13 01:38:25.530779,Transfer,199189.68,INR,PENDING,Mobile
T0008669,A001108,2025-03-08 11:53:51.530779,Transfer,129638.4,INR,PENDING,Online
T0008670,A000595,2025-11-10 23:54:28.530779,Transfer,207178.0,INR,PENDING,Mobile
T0008671,A001125,2026-09-13 15:24:28.530779,Deposit,70872.17,INR,FAILED,Online
T0008672,A000617,2025-09-04 15:14:57.530779,Fee,193980.99,INR,PENDING,Online
T0008673,A001192,2026-01-28 04:43:46.530779,Deposit,42646.3,INR,PENDING,Online
T0008674,A000457,2025-08-07 08:18:23.530779,Transfer,238619.43,INR,FAILED,Mobile
T0008675,A000610,2025-04-04 19:15:04.530779,Withdrawal,5327.21,INR,PENDING,Mobile
T0008676,A000930,2025-11-21 21:19:26.530779,Fee,127519.64,INR,SUCCESS,Mobile
T0008677,A001459,2025-01-18 01:15:49.530779,Withdrawal,227411.6,INR,SUCCESS,ATM
T0008678,A000089,2026-08-25 04:59:26.530779,Interest,90870.26,INR,FAILED,ATM
T0008679,A000020,2026-06-11 18:29:33.530779,Withdrawal,64629.14,INR,SUCCESS,ATM
T0008680,A000896,2026-03-24 12:28:09.530779,Transfer,183583.65,INR,FAILED,Online
T0008681,A000527,2026-05-10 16:34:15.530779,Interest,60999.53,INR,PENDING,ATM
T0008682,A000608,2024-10-25 08:34:16.530779,Interest,249147.18,INR,PENDING,ATM
T0008683,A001500,2026-09-11 19:56:17.530779,Withdrawal,188758.07,INR,SUCCESS,ATM
T0008684,A000749,2025-07-03 11:05:11.530779,Transfer,235160.25,INR,SUCCESS,Mobile
T0008685,A000149,2026-03-12 07:06:09.530779,Deposit,201568.82,INR,PENDING,ATM
T0008686,A000553,2026-05-10 10:07:49.530779,Withdrawal,46017.62,INR,PENDING,Mobile
T0008687,A001302,2025-02-11 22:08:59.530779,Fee,83830.08,INR,PENDING,Branch
T0008688,A000898,2025-07-20 05:04:58.530779,Fee,206461.94,INR,FAILED,Mobile
T0008689,A001260,2024-09-23 09:33:35.530779,Transfer,205912.14,INR,FAILED,Online
T0008690,A000905,2026-04-24 10:30:14.530779,Fee,163099.32,INR,FAILED,ATM
T0008691,A000404,2024-11-27 15:14:25.530779,Fee,138302.84,INR,SUCCESS,Online
T0008692,A001475,2024-10-03 11:40:40.530779,Fee,189775.4,INR,FAILED,Online
T0008693,A000247,2025-03-07 03:14:28.530779,Fee,147808.7,INR,FAILED,Branch
T0008694,A000216,2025-03-02 08:20:09.530779,Deposit,108573.11,INR,FAILED,ATM
T0008695,A000457,2025-10-02 13:38:08.530779,Interest,106553.89,INR,SUCCESS,Online
T0008696,A001391,2024-11-08 10:11:04.530779,Withdrawal,50707.12,INR,PENDING,Online
T0008697,A000812,2024-12-09 12:06:51.530779,Transfer,3273.78,INR,PENDING,ATM
T0008698,A001162,2025-08-23 14:06:49.530779,Transfer,212346.52,INR,FAILED,Branch
T0008699,A000697,2025-12-17 07:05:55.530779,Fee,238750.54,INR,SUCCESS,Mobile
T0008700,A000785,2026-08-16 21:50:29.530779,Withdrawal,92199.99,INR,FAILED,Branch
T0008701,A001345,2025-06-15 03:07:23.530779,Payment,30725.56,INR,FAILED,ATM
T0008702,A000647,2025-11-20 13:44:53.530779,Payment,100558.88,INR,SUCCESS,Branch
T0008703,A000785,2025-04-25 08:17:56.530779,Transfer,85143.27,INR,FAILED,Online
T0008704,A000173,2025-12-22 03:38:42.530779,Deposit,105664.84,INR,FAILED,Branch
T0008705,A001228,2026-04-27 13:38:01.530779,Withdrawal,153988.84,INR,SUCCESS,ATM
T0008706,A000833,2026-05-11 22:49:30.530779,Withdrawal,56726.93,INR,FAILED,Mobile
T0008707,A000353,2025-11-27 21:17:47.530779,Fee,227144.45,INR,SUCCESS,ATM
T0008708,A001461,2025-11-19 06:11:16.530779,Fee,51629.92,INR,FAILED,ATM
T0008709,A001292,2025-12-18 15:42:58.530779,Transfer,17394.42,INR,PENDING,Mobile
T0008710,A000850,2025-05-06 08:25:58.530779,Interest,235190.83,INR,SUCCESS,Online
T0008711,A000871,2026-01-14 19:00:32.530779,Payment,95836.94,INR,PENDING,Online
T0008712,A000580,2025-10-01 07:14:48.530779,Interest,249528.23,INR,SUCCESS,Mobile
T0008713,A001416,2025-08-22 19:22:04.530779,Deposit,107108.25,INR,PENDING,ATM
T0008714,A001477,2025-08-02 21:40:25.530779,Fee,156958.01,INR,PENDING,Online
T0008715,A000224,2026-06-24 13:43:45.530779,Fee,211529.87,INR,FAILED,ATM
T0008716,A000771,2026-04-10 17:24:55.530779,Deposit,241388.41,INR,PENDING,ATM
T0008717,A000627,2025-12-26 13:40:25.530779,Payment,199804.89,INR,SUCCESS,Mobile
T0008718,A001355,2025-10-09 06:48:33.530779,Withdrawal,220363.77,INR,SUCCESS,Branch
T0008719,A000295,2025-11-08 05:55:53.530779,Payment,24712.63,INR,PENDING,Mobile
T0008720,A000459,2024-12-18 16:03:35.530779,Payment,96881.6,INR,FAILED,Branch
T0008721,A000475,2025-11-22 16:04:11.530779,Fee,14062.7,INR,PENDING,Online
T0008722,A001020,2026-02-02 05:12:34.530779,Interest,123754.87,INR,SUCCESS,Mobile
T0008723,A001460,2025-11-17 13:01:35.530779,Payment,103092.1,INR,FAILED,Branch
T0008724,A000843,2026-09-05 15:10:31.530779,Transfer,173251.75,INR,PENDING,Branch
T0008725,A000854,2026-06-25 03:43:58.530779,Transfer,7101.07,INR,SUCCESS,Mobile
T0008726,A001461,2025-10-29 03:26:05.530779,Interest,185283.27,INR,SUCCESS,Mobile
T0008727,A001445,2025-06-08 20:37:26.530779,Transfer,203635.2,INR,FAILED,Branch
T0008728,A001412,2025-03-17 09:08:17.530779,Transfer,148705.06,INR,SUCCESS,Branch
T0008729,A001102,2025-12-04 09:17:30.530779,Interest,227106.19,INR,FAILED,Online
T0008730,A001304,2025-07-25 18:33:18.530779,Deposit,6545.95,INR,PENDING,ATM
T0008731,A001051,2026-07-12 16:50:39.530779,Deposit,240942.71,INR,SUCCESS,Mobile
T0008732,A000035,2026-03-05 22:39:03.530779,Payment,248724.54,INR,SUCCESS,Mobile
T0008733,A000807,2025-01-16 12:11:54.530779,Payment,242362.5,INR,SUCCESS,ATM
T0008734,A001326,2025-04-05 08:28:29.530779,Interest,10165.64,INR,FAILED,Online
T0008735,A000409,2026-05-26 18:55:42.530779,Fee,169242.58,INR,SUCCESS,Branch
T0008736,A001413,2026-04-25 14:05:14.530779,Withdrawal,76965.87,INR,PENDING,ATM
T0008737,A000178,2025-11-20 20:15:18.530779,Deposit,10823.57,INR,SUCCESS,Online
T0008738,A000903,2026-03-29 20:50:55.530779,Transfer,132026.68,INR,SUCCESS,Online
T0008739,A000608,2025-06-11 01:25:52.530779,Transfer,24507.46,INR,FAILED,Online
T0008740,A001303,2025-10-30 14:12:09.530779,Interest,246540.89,INR,SUCCESS,Mobile
T0008741,A000412,2024-09-23 13:53:49.530779,Transfer,71095.59,INR,FAILED,Mobile
T0008742,A000181,2026-04-30 14:41:51.530779,Interest,202256.88,INR,SUCCESS,ATM
T0008743,A001055,2026-03-01 00:09:08.530779,Fee,229482.54,INR,FAILED,Branch
T0008744,A001071,2025-06-15 20:38:37.530779,Interest,177921.33,INR,FAILED,ATM
T0008745,A000615,2024-11-13 05:35:30.530779,Fee,61032.18,INR,FAILED,Online
T0008746,A001229,2025-04-28 19:02:02.530779,Fee,189591.64,INR,FAILED,Mobile
T0008747,A000539,2025-09-01 09:40:12.530779,Interest,67257.38,INR,PENDING,Online
T0008748,A000415,2025-09-05 15:21:49.530779,Interest,15639.66,INR,SUCCESS,ATM
T0008749,A000154,2025-02-02 13:50:24.530779,Transfer,175064.77,INR,PENDING,Branch
T0008750,A000350,2026-07-07 18:16:29.530779,Transfer,92004.39,INR,PENDING,Branch
T0008751,A000890,2025-11-28 07:44:30.530779,Withdrawal,11845.43,INR,SUCCESS,Mobile
T0008752,A000843,2026-03-03 02:28:48.530779,Withdrawal,207706.18,INR,PENDING,Branch
T0008753,A000944,2025-05-12 02:40:44.530779,Withdrawal,49276.72,INR,SUCCESS,ATM
T0008754,A001289,2025-10-30 19:29:14.530779,Withdrawal,98678.21,INR,PENDING,ATM
T0008755,A001499,2025-12-22 00:52:21.530779,Interest,158217.02,INR,SUCCESS,Online
T0008756,A001445,2025-08-23 00:39:46.530779,Withdrawal,67690.3,INR,SUCCESS,Branch
T0008757,A000363,2025-02-24 21:37:01.530779,Withdrawal,181761.17,INR,FAILED,Mobile
T0008758,A000537,2025-01-24 08:07:01.530779,Withdrawal,59900.74,INR,FAILED,Online
T0008759,A000661,2025-03-16 00:01:58.530779,Payment,77592.92,INR,SUCCESS,Online
T0008760,A001096,2025-05-02 22:43:42.530779,Payment,751.04,INR,PENDING,Mobile
T0008761,A000924,2026-03-17 21:41:14.530779,Withdrawal,197017.67,INR,PENDING,Branch
T0008762,A000517,2024-10-24 04:36:00.530779,Transfer,100404.89,INR,PENDING,ATM
T0008763,A001384,2025-05-16 03:46:07.530779,Deposit,117657.02,INR,PENDING,Online
T0008764,A000031,2026-01-22 00:30:38.530779,Interest,144330.16,INR,SUCCESS,Branch
T0008765,A000541,2026-01-09 10:34:15.530779,Withdrawal,161127.52,INR,FAILED,Mobile
T0008766,A001342,2025-07-01 12:40:51.530779,Payment,230024.29,INR,FAILED,Online
T0008767,A001318,2025-09-26 23:06:21.530779,Payment,51751.01,INR,FAILED,Online
T0008768,A000036,2025-11-11 02:22:55.530779,Interest,168186.93,INR,SUCCESS,Mobile
T0008769,A000369,2025-04-26 01:57:39.530779,Withdrawal,5481.17,INR,FAILED,Branch
T0008770,A001032,2025-03-02 14:59:08.530779,Transfer,110349.39,INR,SUCCESS,Online
T0008771,A000087,2025-11-14 21:04:46.530779,Withdrawal,85726.63,INR,SUCCESS,ATM
T0008772,A000820,2025-01-29 01:01:36.530779,Withdrawal,126954.04,INR,PENDING,ATM
T0008773,A000563,2026-03-12 23:45:04.530779,Withdrawal,73034.25,INR,PENDING,ATM
T0008774,A000158,2024-12-31 22:18:41.530779,Interest,107757.48,INR,PENDING,Mobile
T0008775,A000150,2026-05-11 05:15:16.530779,Deposit,219281.4,INR,SUCCESS,Branch
T0008776,A000709,2026-02-09 19:28:08.530779,Fee,112952.36,INR,SUCCESS,ATM
T0008777,A000989,2025-10-20 13:12:39.530779,Payment,233047.83,INR,FAILED,Mobile
T0008778,A000112,2026-06-12 06:59:33.530779,Deposit,184985.59,INR,SUCCESS,Branch
T0008779,A001035,2024-10-04 08:10:10.530779,Payment,198774.2,INR,FAILED,Branch
T0008780,A001040,2025-06-22 07:53:00.530779,Interest,85481.44,INR,PENDING,Mobile
T0008781,A000063,2025-10-05 15:50:53.530779,Transfer,66485.85,INR,PENDING,ATM
T0008782,A000336,2025-09-11 08:40:00.530779,Fee,61509.14,INR,PENDING,Branch
T0008783,A000353,2026-06-25 08:40:37.530779,Deposit,11842.7,INR,FAILED,Mobile
T0008784,A000714,2026-03-30 01:03:36.530779,Transfer,171541.33,INR,FAILED,ATM
T0008785,A001047,2026-02-25 20:54:46.530779,Withdrawal,1748.25,INR,SUCCESS,Branch
T0008786,A000059,2024-11-09 18:55:59.530779,Interest,117237.21,INR,PENDING,Mobile
T0008787,A001351,2026-04-30 07:46:44.530779,Interest,181719.73,INR,PENDING,ATM
T0008788,A000868,2025-10-09 15:51:55.530779,Deposit,239221.4,INR,PENDING,ATM
T0008789,A000082,2025-03-24 16:52:19.530779,Fee,128741.65,INR,PENDING,Branch
T0008790,A001077,2025-08-29 10:02:56.530779,Interest,146237.18,INR,FAILED,Mobile
T0008791,A001053,2026-08-19 07:18:04.530779,Interest,247798.02,INR,PENDING,ATM
T0008792,A000474,2025-04-30 14:23:34.530779,Transfer,110984.9,INR,PENDING,Online
T0008793,A001015,2026-08-26 13:31:43.530779,Fee,10277.35,INR,FAILED,Online
T0008794,A001404,2025-09-07 22:22:25.530779,Interest,77576.97,INR,FAILED,Mobile
T0008795,A000760,2026-05-12 05:40:26.530779,Fee,46677.53,INR,FAILED,Online
T0008796,A000014,2025-07-10 19:19:19.530779,Fee,112089.11,INR,FAILED,Mobile
T0008797,A001038,2024-12-28 23:07:29.530779,Fee,50690.3,INR,PENDING,Online
T0008798,A000985,2025-09-09 18:24:27.530779,Payment,191558.64,INR,FAILED,ATM
T0008799,A001126,2025-10-14 01:48:52.530779,Transfer,211417.21,INR,FAILED,ATM
T0008800,A000533,2026-02-12 01:42:21.530779,Deposit,165511.09,INR,PENDING,Branch
T0008801,A000062,2025-08-05 03:44:20.530779,Transfer,100349.55,INR,SUCCESS,Mobile
T0008802,A000567,2025-11-15 05:55:08.530779,Payment,54606.86,INR,SUCCESS,Mobile
T0008803,A001010,2025-09-03 22:39:43.530779,Fee,184198.79,INR,FAILED,Mobile
T0008804,A001130,2025-08-29 16:55:31.530779,Payment,104829.65,INR,FAILED,Mobile
T0008805,A000449,2025-11-30 00:27:10.530779,Withdrawal,216364.1,INR,SUCCESS,Mobile
T0008806,A001151,2025-06-30 11:08:10.530779,Payment,20601.26,INR,FAILED,Branch
T0008807,A001039,2026-06-07 20:28:21.530779,Transfer,224747.83,INR,PENDING,Online
T0008808,A000136,2026-03-31 12:06:08.530779,Fee,148624.86,INR,PENDING,Mobile
T0008809,A000985,2026-08-28 05:12:23.530779,Interest,104801.19,INR,SUCCESS,Online
T0008810,A000450,2026-02-25 04:39:52.530779,Payment,27489.45,INR,FAILED,Branch
T0008811,A000405,2024-10-01 05:24:53.530779,Withdrawal,172581.79,INR,PENDING,Online
T0008812,A001451,2025-06-30 15:39:24.530779,Withdrawal,38169.38,INR,FAILED,Mobile
T0008813,A000390,2025-01-29 09:21:23.530779,Interest,227460.94,INR,FAILED,ATM
T0008814,A000211,2026-03-27 02:59:33.530779,Payment,33580.64,INR,PENDING,Branch
T0008815,A000133,2026-06-11 15:40:32.530779,Fee,92141.93,INR,SUCCESS,ATM
T0008816,A000905,2026-08-06 15:30:45.530779,Payment,208611.53,INR,FAILED,Mobile
T0008817,A001261,2025-01-17 10:55:49.530779,Withdrawal,130950.39,INR,PENDING,Branch
T0008818,A000952,2025-02-12 23:07:12.530779,Fee,187773.74,INR,SUCCESS,Online
T0008819,A000135,2026-03-04 20:19:06.530779,Fee,41268.15,INR,SUCCESS,ATM
T0008820,A000076,2026-09-19 09:12:16.530779,Withdrawal,108481.49,INR,PENDING,Online
T0008821,A000461,2026-08-05 18:06:04.530779,Transfer,165457.0,INR,PENDING,Branch
T0008822,A001311,2025-07-05 22:31:06.530779,Withdrawal,93738.3,INR,FAILED,Online
T0008823,A001124,2026-02-23 10:53:58.530779,Transfer,39871.84,INR,SUCCESS,ATM
T0008824,A001288,2026-06-07 12:37:25.530779,Transfer,230905.61,INR,SUCCESS,Branch
T0008825,A001372,2025-10-22 16:27:18.530779,Transfer,108426.48,INR,FAILED,Mobile
T0008826,A000838,2026-03-07 14:19:56.530779,Fee,129293.42,INR,FAILED,ATM
T0008827,A001212,2026-07-12 07:10:02.530779,Withdrawal,168144.48,INR,SUCCESS,Mobile
T0008828,A000418,2025-04-15 17:12:43.530779,Withdrawal,200763.02,INR,FAILED,ATM
T0008829,A000198,2024-11-12 18:22:41.530779,Fee,158941.83,INR,FAILED,ATM
T0008830,A000124,2026-04-18 20:12:09.530779,Withdrawal,6071.78,INR,FAILED,Mobile
T0008831,A000731,2026-01-11 07:56:08.530779,Fee,145431.29,INR,PENDING,Mobile
T0008832,A000976,2024-12-24 10:55:20.530779,Interest,126759.93,INR,FAILED,ATM
T0008833,A000335,2026-09-18 18:45:15.530779,Fee,236287.97,INR,SUCCESS,Mobile
T0008834,A000304,2024-10-02 10:49:47.530779,Interest,221368.76,INR,FAILED,Online
T0008835,A001178,2024-10-26 03:48:20.530779,Deposit,94229.97,INR,FAILED,Branch
T0008836,A000135,2025-10-06 04:58:12.530779,Interest,166087.63,INR,SUCCESS,Mobile
T0008837,A000315,2025-09-16 14:11:34.530779,Transfer,72678.12,INR,FAILED,Branch
T0008838,A000320,2025-02-23 21:37:20.530779,Interest,247805.83,INR,SUCCESS,Branch
T0008839,A000534,2025-11-22 12:11:03.530779,Transfer,229334.8,INR,PENDING,Branch
T0008840,A000389,2026-02-09 01:23:26.530779,Payment,242813.58,INR,FAILED,Online
T0008841,A001160,2024-11-27 01:17:19.530779,Transfer,242914.81,INR,FAILED,Branch
T0008842,A001040,2025-09-16 07:56:08.530779,Fee,238038.48,INR,SUCCESS,ATM
T0008843,A001138,2026-09-07 15:55:34.530779,Transfer,171975.68,INR,FAILED,Online
T0008844,A001326,2025-01-03 16:44:39.530779,Deposit,210671.77,INR,PENDING,ATM
T0008845,A000827,2026-09-03 22:49:16.530779,Fee,26814.03,INR,SUCCESS,Branch
T0008846,A001027,2026-04-02 02:22:26.530779,Fee,121975.88,INR,FAILED,Online
T0008847,A001208,2025-09-23 19:26:55.530779,Deposit,132167.94,INR,FAILED,Mobile
T0008848,A000421,2025-05-19 21:20:53.530779,Payment,129635.0,INR,SUCCESS,Branch
T0008849,A000746,2024-11-28 20:22:00.530779,Payment,19850.82,INR,FAILED,Mobile
T0008850,A000101,2025-01-05 23:46:39.530779,Deposit,64663.86,INR,FAILED,Online
T0008851,A000092,2026-04-27 10:02:18.530779,Payment,163949.22,INR,FAILED,ATM
T0008852,A000113,2026-05-18 00:49:44.530779,Withdrawal,225309.94,INR,SUCCESS,Branch
T0008853,A000867,2024-11-23 10:26:45.530779,Withdrawal,147308.7,INR,SUCCESS,Mobile
T0008854,A000601,2026-01-03 22:29:24.530779,Withdrawal,54386.88,INR,PENDING,Mobile
T0008855,A000868,2025-12-20 23:03:11.530779,Withdrawal,225344.82,INR,SUCCESS,ATM
T0008856,A000191,2026-01-15 23:34:46.530779,Withdrawal,98503.39,INR,SUCCESS,ATM
T0008857,A001279,2025-11-10 05:08:30.530779,Withdrawal,100796.08,INR,PENDING,Mobile
T0008858,A000275,2025-05-17 13:32:44.530779,Deposit,246352.32,INR,SUCCESS,ATM
T0008859,A000516,2025-02-11 03:07:58.530779,Interest,127409.13,INR,FAILED,Branch
T0008860,A000302,2025-05-12 00:33:45.530779,Interest,148077.34,INR,FAILED,Mobile
T0008861,A000167,2026-02-16 03:25:06.530779,Fee,4556.78,INR,SUCCESS,Branch
T0008862,A001113,2026-08-25 18:23:16.530779,Transfer,48104.06,INR,PENDING,Online
T0008863,A001034,2025-04-04 12:08:28.530779,Withdrawal,168428.6,INR,SUCCESS,Branch
T0008864,A001076,2025-07-05 15:41:24.530779,Fee,215428.84,INR,PENDING,Mobile
T0008865,A001404,2025-07-21 11:29:25.530779,Fee,223438.03,INR,PENDING,Branch
T0008866,A001483,2026-03-20 03:32:11.530779,Withdrawal,53416.75,INR,SUCCESS,Branch
T0008867,A000267,2025-02-19 06:37:36.530779,Fee,129747.04,INR,PENDING,Mobile
T0008868,A001441,2026-06-15 06:05:42.530779,Interest,210650.41,INR,FAILED,ATM
T0008869,A001086,2024-12-23 06:50:08.530779,Payment,12482.29,INR,FAILED,ATM
T0008870,A000688,2025-07-05 00:24:28.530779,Interest,74398.62,INR,FAILED,ATM
T0008871,A000605,2025-04-04 06:05:17.530779,Deposit,230249.53,INR,FAILED,Online
T0008872,A000324,2026-01-21 00:40:29.530779,Interest,160278.1,INR,PENDING,Online
T0008873,A000026,2025-07-01 03:15:27.530779,Interest,117485.16,INR,SUCCESS,Branch
T0008874,A001054,2026-04-07 16:08:43.530779,Fee,105234.59,INR,FAILED,Mobile
T0008875,A000022,2026-08-25 13:21:45.530779,Deposit,69061.05,INR,FAILED,ATM
T0008876,A001243,2025-09-05 17:33:52.530779,Transfer,35009.09,INR,FAILED,Mobile
T0008877,A000932,2026-01-10 07:14:34.530779,Withdrawal,41628.34,INR,FAILED,ATM
T0008878,A000302,2025-04-13 15:51:00.530779,Transfer,78148.76,INR,PENDING,Branch
T0008879,A000326,2025-01-21 05:22:45.530779,Payment,226970.07,INR,FAILED,Online
T0008880,A001305,2025-07-14 23:03:59.530779,Withdrawal,104143.15,INR,SUCCESS,Online
T0008881,A000198,2024-11-20 20:32:19.530779,Withdrawal,247813.89,INR,PENDING,ATM
T0008882,A000105,2025-05-19 10:47:16.530779,Withdrawal,150415.78,INR,SUCCESS,ATM
T0008883,A001447,2025-05-19 17:54:35.530779,Fee,118094.46,INR,FAILED,ATM
T0008884,A000421,2024-10-25 02:13:06.530779,Payment,67452.06,INR,PENDING,Branch
T0008885,A000267,2026-02-13 19:41:56.530779,Payment,209173.55,INR,FAILED,Branch
T0008886,A000539,2026-06-05 04:01:46.530779,Payment,17404.08,INR,FAILED,Mobile
T0008887,A000048,2025-01-12 19:18:00.530779,Transfer,166836.96,INR,FAILED,ATM
T0008888,A000078,2024-10-16 11:21:23.530779,Interest,247160.7,INR,FAILED,Online
T0008889,A000560,2025-08-27 20:44:36.530779,Fee,3289.27,INR,SUCCESS,Mobile
T0008890,A001298,2025-08-24 14:42:52.530779,Withdrawal,115379.2,INR,SUCCESS,Branch
T0008891,A001346,2024-12-06 00:04:29.530779,Transfer,9993.86,INR,PENDING,Online
T0008892,A001270,2026-01-30 03:14:54.530779,Interest,90896.88,INR,FAILED,Mobile
T0008893,A000945,2026-04-12 02:55:38.530779,Payment,248886.82,INR,FAILED,Online
T0008894,A001143,2026-04-14 21:49:40.530779,Fee,77936.98,INR,PENDING,Branch
T0008895,A000435,2025-09-27 23:20:31.530779,Deposit,195917.79,INR,PENDING,Online
T0008896,A000661,2025-09-26 10:00:15.530779,Interest,16114.55,INR,FAILED,Mobile
T0008897,A001208,2025-05-27 22:46:01.530779,Fee,32688.32,INR,PENDING,Mobile
T0008898,A000004,2025-10-20 16:14:39.530779,Deposit,148319.13,INR,FAILED,Online
T0008899,A000851,2026-04-08 19:23:17.530779,Fee,196281.8,INR,PENDING,Branch
T0008900,A000197,2025-09-16 17:15:10.530779,Fee,168552.76,INR,PENDING,Branch
T0008901,A001405,2025-03-30 22:30:29.530779,Withdrawal,13090.59,INR,FAILED,ATM
T0008902,A000970,2026-08-31 12:03:51.530779,Fee,101772.48,INR,PENDING,Online
T0008903,A001136,2025-10-13 10:57:28.530779,Transfer,25160.69,INR,SUCCESS,Online
T0008904,A000419,2024-10-27 22:00:10.530779,Withdrawal,41108.06,INR,FAILED,ATM
T0008905,A000045,2025-11-05 05:54:23.530779,Payment,162773.94,INR,FAILED,Mobile
T0008906,A000493,2026-06-12 17:40:42.530779,Payment,195083.38,INR,PENDING,ATM
T0008907,A000372,2024-12-13 00:29:01.530779,Fee,175393.34,INR,PENDING,Mobile
T0008908,A000413,2026-05-24 14:06:48.530779,Interest,187758.7,INR,PENDING,Online
T0008909,A000640,2025-03-19 15:17:17.530779,Fee,218036.24,INR,PENDING,Mobile
T0008910,A000473,2026-04-15 01:24:53.530779,Deposit,86687.12,INR,PENDING,Mobile
T0008911,A000646,2025-03-12 15:06:54.530779,Interest,195813.71,INR,SUCCESS,Branch
T0008912,A001192,2026-01-06 05:47:10.530779,Interest,161529.83,INR,FAILED,Branch
T0008913,A000869,2026-03-17 06:36:31.530779,Withdrawal,244773.56,INR,PENDING,Online
T0008914,A000036,2025-01-28 07:31:52.530779,Transfer,172684.59,INR,SUCCESS,ATM
T0008915,A000100,2025-02-08 14:55:31.530779,Deposit,17212.21,INR,SUCCESS,Online
T0008916,A000034,2025-03-28 08:19:43.530779,Payment,53191.9,INR,PENDING,Online
T0008917,A000291,2024-12-07 22:21:15.530779,Withdrawal,21917.82,INR,FAILED,Mobile
T0008918,A000718,2026-08-19 14:33:00.530779,Withdrawal,237442.53,INR,SUCCESS,Online
T0008919,A000908,2024-12-08 00:35:04.530779,Interest,68261.19,INR,SUCCESS,Online
T0008920,A000071,2025-09-11 01:17:39.530779,Fee,229624.45,INR,SUCCESS,Online
T0008921,A001483,2026-06-04 22:19:01.530779,Payment,29275.38,INR,PENDING,Online
T0008922,A001286,2026-02-24 12:57:15.530779,Deposit,20919.59,INR,PENDING,Online
T0008923,A001361,2025-08-16 00:16:32.530779,Interest,75765.12,INR,SUCCESS,Mobile
T0008924,A000156,2025-09-06 01:35:56.530779,Deposit,244083.06,INR,PENDING,Branch
T0008925,A001068,2025-08-25 01:36:45.530779,Withdrawal,98880.32,INR,SUCCESS,Mobile
T0008926,A001207,2026-04-22 01:25:51.530779,Payment,61646.47,INR,SUCCESS,Branch
T0008927,A000194,2026-06-13 20:53:17.530779,Transfer,151326.58,INR,SUCCESS,Branch
T0008928,A000191,2025-01-08 21:17:09.530779,Deposit,69037.13,INR,SUCCESS,ATM
T0008929,A000782,2025-01-23 08:44:35.530779,Interest,134564.93,INR,SUCCESS,Branch
T0008930,A000132,2025-08-11 14:20:24.530779,Deposit,141548.7,INR,PENDING,Mobile
T0008931,A001481,2025-07-19 19:04:11.530779,Withdrawal,84893.8,INR,PENDING,Online
T0008932,A000688,2025-03-02 16:27:10.530779,Withdrawal,240138.06,INR,PENDING,Mobile
T0008933,A001258,2025-07-25 16:39:02.530779,Fee,185849.17,INR,FAILED,Mobile
T0008934,A001500,2025-05-13 06:27:10.530779,Interest,180295.52,INR,FAILED,ATM
T0008935,A000144,2024-10-03 20:26:35.530779,Payment,137708.57,INR,FAILED,Branch
T0008936,A000773,2025-04-04 22:58:27.530779,Transfer,210903.89,INR,PENDING,ATM
T0008937,A001037,2026-03-14 11:27:55.530779,Fee,18357.58,INR,PENDING,ATM
T0008938,A000974,2025-09-13 15:49:14.530779,Deposit,117777.3,INR,SUCCESS,Branch
T0008939,A000968,2025-12-26 12:34:01.530779,Payment,249248.5,INR,FAILED,Mobile
T0008940,A000120,2026-01-05 02:01:32.530779,Interest,97546.54,INR,SUCCESS,ATM
T0008941,A000512,2025-03-15 00:37:50.530779,Deposit,118245.21,INR,PENDING,ATM
T0008942,A000800,2025-05-17 19:53:06.530779,Fee,36072.13,INR,PENDING,Online
T0008943,A000957,2025-08-15 22:05:49.530779,Fee,5387.23,INR,PENDING,Branch
T0008944,A000787,2026-07-19 19:51:55.530779,Deposit,229792.43,INR,FAILED,Online
T0008945,A000651,2024-11-22 18:23:16.530779,Withdrawal,65227.6,INR,FAILED,ATM
T0008946,A000899,2025-08-08 01:38:30.530779,Transfer,241219.87,INR,SUCCESS,ATM
T0008947,A000486,2025-07-23 10:33:29.530779,Fee,65613.11,INR,FAILED,Mobile
T0008948,A000358,2025-11-03 13:57:03.530779,Payment,192873.51,INR,PENDING,ATM
T0008949,A001427,2024-12-27 20:43:57.530779,Fee,26974.12,INR,SUCCESS,Mobile
T0008950,A001435,2025-04-01 09:35:53.530779,Fee,161247.82,INR,SUCCESS,ATM
T0008951,A001176,2025-08-31 05:59:34.530779,Interest,211086.75,INR,PENDING,Mobile
T0008952,A000965,2026-01-06 16:13:09.530779,Interest,113520.64,INR,SUCCESS,ATM
T0008953,A001239,2026-03-20 21:54:35.530779,Interest,102956.81,INR,FAILED,Online
T0008954,A000420,2024-11-18 02:22:27.530779,Deposit,29227.44,INR,PENDING,Branch
T0008955,A000139,2026-02-15 15:37:36.530779,Fee,117939.24,INR,PENDING,Branch
T0008956,A001313,2026-08-02 18:31:29.530779,Fee,41497.95,INR,SUCCESS,Online
T0008957,A000924,2026-05-01 01:31:23.530779,Payment,35279.35,INR,FAILED,ATM
T0008958,A001242,2024-11-08 01:18:55.530779,Interest,1435.94,INR,FAILED,Mobile
T0008959,A000054,2026-06-30 11:29:12.530779,Fee,249279.49,INR,FAILED,Branch
T0008960,A001366,2026-09-11 13:25:00.530779,Payment,1034.77,INR,SUCCESS,Branch
T0008961,A000054,2026-03-03 20:04:29.530779,Withdrawal,203639.47,INR,PENDING,ATM
T0008962,A001067,2025-02-27 17:50:07.530779,Fee,113840.94,INR,FAILED,ATM
T0008963,A001350,2024-10-16 15:31:09.530779,Deposit,65845.8,INR,SUCCESS,Online
T0008964,A000248,2025-03-16 09:11:43.530779,Payment,241989.95,INR,SUCCESS,Branch
T0008965,A000391,2025-12-22 04:24:20.530779,Payment,142564.08,INR,FAILED,Mobile
T0008966,A000031,2024-10-22 20:07:02.530779,Transfer,225167.6,INR,SUCCESS,Online
T0008967,A000329,2025-01-16 20:56:39.530779,Transfer,31166.55,INR,PENDING,Branch
T0008968,A000041,2025-07-05 15:44:38.530779,Transfer,132105.67,INR,PENDING,ATM
T0008969,A000419,2024-11-05 05:38:22.530779,Deposit,62186.94,INR,FAILED,ATM
T0008970,A001001,2026-09-16 09:17:05.530779,Deposit,213778.28,INR,FAILED,ATM
T0008971,A000970,2024-11-12 07:22:30.530779,Deposit,80935.54,INR,PENDING,Online
T0008972,A000526,2024-09-30 17:03:31.530779,Fee,128778.53,INR,PENDING,Mobile
T0008973,A000297,2025-12-10 19:00:50.530779,Deposit,20562.71,INR,SUCCESS,Mobile
T0008974,A000294,2025-01-08 11:01:58.530779,Payment,234119.71,INR,SUCCESS,Online
T0008975,A001404,2026-01-28 14:55:21.530779,Payment,143184.4,INR,PENDING,Branch
T0008976,A000213,2025-08-06 16:15:59.530779,Interest,189129.21,INR,FAILED,Branch
T0008977,A000033,2025-02-11 12:48:18.530779,Deposit,109112.57,INR,PENDING,Branch
T0008978,A000702,2025-05-28 14:51:35.530779,Fee,112128.0,INR,PENDING,ATM
T0008979,A001350,2026-05-16 04:49:04.530779,Withdrawal,29949.02,INR,FAILED,Online
T0008980,A001297,2025-01-09 23:43:12.530779,Fee,19698.19,INR,FAILED,Mobile
T0008981,A000676,2024-12-09 07:44:03.530779,Payment,17826.42,INR,PENDING,Online
T0008982,A001419,2026-05-18 06:36:20.530779,Payment,106380.47,INR,SUCCESS,Branch
T0008983,A001039,2025-11-13 12:33:16.530779,Fee,21534.49,INR,PENDING,Mobile
T0008984,A000045,2026-01-09 13:10:50.530779,Payment,17017.41,INR,PENDING,Branch
T0008985,A000728,2024-12-08 04:14:39.530779,Transfer,172259.02,INR,FAILED,ATM
T0008986,A001175,2026-03-27 09:06:00.530779,Withdrawal,152395.82,INR,PENDING,Branch
T0008987,A000859,2026-03-22 05:14:19.530779,Transfer,237587.74,INR,PENDING,Mobile
T0008988,A000629,2025-06-23 09:22:33.530779,Withdrawal,68718.49,INR,SUCCESS,ATM
T0008989,A001216,2026-08-25 10:49:02.530779,Fee,240010.56,INR,SUCCESS,Branch
T0008990,A001001,2025-12-27 03:22:14.530779,Transfer,207341.32,INR,FAILED,Mobile
T0008991,A001192,2025-08-06 17:15:50.530779,Deposit,210698.02,INR,PENDING,Online
T0008992,A001065,2026-03-25 14:52:13.530779,Withdrawal,40463.99,INR,SUCCESS,Branch
T0008993,A001403,2025-04-16 19:34:59.530779,Payment,82301.18,INR,FAILED,Mobile
T0008994,A000217,2025-12-18 23:33:02.530779,Deposit,33134.4,INR,FAILED,Mobile
T0008995,A000941,2026-03-11 21:36:35.530779,Interest,34185.38,INR,FAILED,Branch
T0008996,A001251,2025-11-11 02:42:33.530779,Interest,54852.31,INR,PENDING,Branch
T0008997,A001395,2026-01-18 22:51:43.530779,Payment,11002.97,INR,SUCCESS,Online
T0008998,A001093,2024-10-12 22:11:00.530779,Payment,32995.11,INR,FAILED,Mobile
T0008999,A000644,2024-12-10 03:55:05.530779,Payment,26644.16,INR,SUCCESS,Branch
T0009000,A000370,2025-08-29 04:19:28.530779,Payment,29322.97,INR,SUCCESS,Branch
T0009001,A000839,2026-03-16 08:53:29.530779,Payment,210438.37,INR,FAILED,ATM
T0009002,A001110,2025-11-21 12:45:40.530779,Transfer,8222.44,INR,SUCCESS,Online
T0009003,A000441,2026-07-12 01:41:33.530779,Payment,66830.41,INR,FAILED,Mobile
T0009004,A000744,2025-11-28 10:19:47.530779,Payment,123980.76,INR,SUCCESS,Mobile
T0009005,A000614,2024-12-09 05:19:12.530779,Fee,138114.26,INR,FAILED,Branch
T0009006,A000154,2026-07-07 10:22:54.530779,Transfer,88005.01,INR,PENDING,Mobile
T0009007,A000134,2025-01-22 08:27:35.530779,Interest,244548.31,INR,SUCCESS,Mobile
T0009008,A001077,2026-05-09 13:12:35.530779,Withdrawal,200688.55,INR,PENDING,Online
T0009009,A000328,2025-03-11 17:41:43.530779,Fee,112853.83,INR,FAILED,Mobile
T0009010,A001015,2025-03-21 00:01:28.530779,Deposit,192551.14,INR,PENDING,Online
T0009011,A000057,2025-04-28 12:45:10.530779,Interest,177975.43,INR,SUCCESS,Branch
T0009012,A001209,2025-11-16 18:20:17.530779,Transfer,204805.19,INR,FAILED,Mobile
T0009013,A000422,2026-02-08 19:50:15.530779,Payment,118960.34,INR,FAILED,ATM
T0009014,A000347,2026-02-04 06:15:24.530779,Transfer,83004.24,INR,SUCCESS,ATM
T0009015,A001159,2025-09-29 09:18:23.530779,Payment,135061.43,INR,FAILED,Mobile
T0009016,A000087,2025-12-31 14:03:38.530779,Transfer,17351.36,INR,PENDING,Mobile
T0009017,A000980,2026-03-30 02:48:24.530779,Payment,27681.88,INR,SUCCESS,Branch
T0009018,A000588,2026-05-12 20:54:37.530779,Transfer,77562.3,INR,PENDING,Mobile
T0009019,A000437,2026-05-09 13:12:38.530779,Withdrawal,68095.02,INR,SUCCESS,Online
T0009020,A001198,2025-08-03 05:31:45.530779,Interest,164524.4,INR,FAILED,ATM
T0009021,A000962,2026-09-17 09:18:02.530779,Deposit,41389.05,INR,SUCCESS,Branch
T0009022,A000785,2025-05-15 02:38:24.530779,Fee,10749.23,INR,SUCCESS,Branch
T0009023,A000553,2026-04-17 06:01:44.530779,Withdrawal,61385.29,INR,PENDING,Branch
T0009024,A000803,2026-07-05 15:22:15.530779,Interest,120520.44,INR,FAILED,Mobile
T0009025,A001163,2025-01-28 22:08:56.530779,Fee,134147.36,INR,PENDING,Online
T0009026,A001437,2026-04-07 16:55:14.530779,Transfer,151847.77,INR,SUCCESS,ATM
T0009027,A000616,2026-02-16 18:42:18.530779,Deposit,145984.74,INR,PENDING,ATM
T0009028,A000565,2026-02-27 06:06:23.530779,Payment,206509.8,INR,PENDING,Online
T0009029,A001069,2024-11-27 18:41:20.530779,Deposit,210274.55,INR,PENDING,ATM
T0009030,A000094,2025-11-04 15:52:47.530779,Interest,4595.07,INR,SUCCESS,Branch
T0009031,A001106,2026-05-29 07:14:51.530779,Transfer,122653.51,INR,PENDING,Online
T0009032,A000503,2024-10-20 13:51:31.530779,Payment,212414.66,INR,PENDING,Branch
T0009033,A001152,2025-03-11 01:59:44.530779,Transfer,9251.07,INR,SUCCESS,Mobile
T0009034,A000819,2025-10-27 01:47:28.530779,Withdrawal,76748.38,INR,FAILED,ATM
T0009035,A001253,2025-10-24 09:49:48.530779,Fee,243290.25,INR,PENDING,Online
T0009036,A000712,2025-01-12 16:45:40.530779,Withdrawal,205154.01,INR,SUCCESS,Online
T0009037,A000750,2024-12-02 15:58:10.530779,Transfer,6241.81,INR,PENDING,Mobile
T0009038,A001123,2025-08-19 15:48:33.530779,Deposit,72201.19,INR,SUCCESS,Branch
T0009039,A000156,2026-01-30 00:17:57.530779,Interest,90247.23,INR,SUCCESS,Branch
T0009040,A001356,2026-05-24 04:21:00.530779,Fee,59756.53,INR,PENDING,Mobile
T0009041,A000316,2026-05-21 03:57:21.530779,Withdrawal,125603.83,INR,SUCCESS,Online
T0009042,A001005,2026-07-23 19:34:32.530779,Transfer,222733.8,INR,SUCCESS,Online
T0009043,A000458,2026-02-09 08:36:18.530779,Withdrawal,96727.62,INR,PENDING,ATM
T0009044,A000459,2025-04-25 05:30:57.530779,Interest,121639.31,INR,SUCCESS,Mobile
T0009045,A000971,2025-08-13 13:09:21.530779,Withdrawal,148247.15,INR,FAILED,Mobile
T0009046,A000353,2025-07-09 16:57:00.530779,Withdrawal,39393.72,INR,FAILED,ATM
T0009047,A001028,2026-01-23 04:51:45.530779,Withdrawal,160454.01,INR,SUCCESS,ATM
T0009048,A001296,2025-05-19 05:12:12.530779,Payment,11095.06,INR,PENDING,Mobile
T0009049,A000308,2025-03-23 04:23:09.530779,Interest,111430.76,INR,FAILED,Online
T0009050,A000725,2026-02-12 23:06:38.530779,Fee,53607.2,INR,PENDING,ATM
T0009051,A000935,2026-08-08 02:02:11.530779,Withdrawal,6429.69,INR,PENDING,Online
T0009052,A001472,2026-03-01 02:27:57.530779,Interest,143619.14,INR,SUCCESS,ATM
T0009053,A000574,2026-07-27 04:36:32.530779,Deposit,203142.48,INR,SUCCESS,Branch
T0009054,A001234,2025-05-09 12:23:53.530779,Payment,92688.47,INR,SUCCESS,Mobile
T0009055,A001269,2025-02-19 00:33:47.530779,Withdrawal,147210.26,INR,FAILED,Online
T0009056,A000361,2024-10-17 21:29:52.530779,Fee,57703.43,INR,FAILED,Branch
T0009057,A000170,2026-03-20 12:49:06.530779,Transfer,234862.48,INR,FAILED,ATM
T0009058,A000582,2026-05-21 10:46:37.530779,Transfer,183319.83,INR,SUCCESS,Branch
T0009059,A000301,2025-05-05 17:14:32.530779,Payment,140582.32,INR,SUCCESS,Mobile
T0009060,A001092,2025-04-17 08:40:02.530779,Withdrawal,50781.44,INR,PENDING,ATM
T0009061,A001307,2025-10-05 15:43:05.530779,Interest,212403.75,INR,SUCCESS,Branch
T0009062,A000190,2026-03-28 11:49:05.530779,Withdrawal,242284.31,INR,SUCCESS,Online
T0009063,A000676,2025-01-07 13:36:23.530779,Withdrawal,28553.35,INR,FAILED,ATM
T0009064,A001423,2025-09-09 13:18:33.530779,Interest,153883.63,INR,FAILED,ATM
T0009065,A000726,2025-12-17 00:42:02.530779,Payment,26857.73,INR,FAILED,Online
T0009066,A001323,2025-09-25 22:04:42.530779,Deposit,163091.23,INR,SUCCESS,Mobile
T0009067,A000750,2025-05-09 07:53:13.530779,Payment,41807.24,INR,PENDING,ATM
T0009068,A000251,2025-08-30 00:03:08.530779,Withdrawal,83873.6,INR,PENDING,ATM
T0009069,A001448,2025-01-13 01:25:58.530779,Interest,60768.4,INR,FAILED,Online
T0009070,A000904,2024-12-08 07:54:46.530779,Withdrawal,205463.63,INR,SUCCESS,Online
T0009071,A001342,2026-07-29 22:32:59.530779,Withdrawal,33161.2,INR,SUCCESS,Branch
T0009072,A000359,2025-05-11 19:05:32.530779,Withdrawal,157720.49,INR,SUCCESS,Branch
T0009073,A001290,2026-03-25 13:46:09.530779,Fee,173959.83,INR,PENDING,Branch
T0009074,A000002,2025-11-25 07:48:59.530779,Payment,4221.66,INR,PENDING,Branch
T0009075,A001106,2025-07-07 19:13:59.530779,Payment,200619.94,INR,PENDING,Branch
T0009076,A001149,2025-08-06 15:03:21.530779,Deposit,144084.14,INR,PENDING,ATM
T0009077,A000177,2026-04-30 02:22:27.530779,Deposit,32264.14,INR,PENDING,ATM
T0009078,A000426,2026-05-08 23:05:06.530779,Fee,215106.48,INR,FAILED,Online
T0009079,A000300,2026-04-25 08:20:34.530779,Payment,92338.55,INR,SUCCESS,Branch
T0009080,A001026,2026-06-03 09:59:00.530779,Interest,99138.13,INR,PENDING,Mobile
T0009081,A000497,2024-11-15 02:24:21.530779,Interest,234589.0,INR,SUCCESS,Branch
T0009082,A000413,2025-08-16 06:36:30.530779,Withdrawal,59364.03,INR,PENDING,Branch
T0009083,A000201,2026-06-05 02:00:22.530779,Interest,139566.41,INR,FAILED,ATM
T0009084,A000152,2026-08-19 03:27:55.530779,Transfer,23375.96,INR,PENDING,Branch
T0009085,A000846,2025-07-17 08:36:30.530779,Transfer,151305.47,INR,SUCCESS,Mobile
T0009086,A000768,2026-06-18 14:33:06.530779,Fee,118153.09,INR,SUCCESS,Branch
T0009087,A000107,2026-05-11 00:06:48.530779,Fee,3792.45,INR,FAILED,Branch
T0009088,A000384,2024-09-23 06:40:42.530779,Withdrawal,104108.3,INR,PENDING,Online
T0009089,A001089,2026-03-14 17:46:40.530779,Transfer,214721.08,INR,PENDING,Mobile
T0009090,A000413,2026-04-19 02:22:24.530779,Interest,246380.17,INR,PENDING,Branch
T0009091,A000044,2025-05-29 03:42:51.530779,Transfer,53245.43,INR,PENDING,Mobile
T0009092,A001277,2025-01-01 05:17:24.530779,Interest,2137.8,INR,PENDING,ATM
T0009093,A000297,2025-03-04 17:44:18.530779,Withdrawal,184435.03,INR,SUCCESS,Branch
T0009094,A000043,2024-10-24 02:32:24.530779,Interest,242361.46,INR,FAILED,Mobile
T0009095,A001293,2026-04-15 22:08:26.530779,Withdrawal,178133.37,INR,SUCCESS,Online
T0009096,A000194,2025-01-27 22:43:56.530779,Deposit,24432.98,INR,FAILED,Online
T0009097,A000097,2024-09-25 14:32:16.530779,Interest,149917.11,INR,PENDING,ATM
T0009098,A001386,2026-04-19 16:59:01.530779,Deposit,70448.83,INR,PENDING,Mobile
T0009099,A001192,2026-09-06 00:39:06.530779,Payment,168333.43,INR,FAILED,Branch
T0009100,A000211,2025-11-30 08:12:22.530779,Deposit,12704.73,INR,FAILED,ATM
T0009101,A001223,2025-04-13 02:13:21.530779,Interest,214544.42,INR,PENDING,ATM
T0009102,A000440,2025-02-09 04:19:29.530779,Payment,81825.03,INR,SUCCESS,Mobile
T0009103,A000530,2026-01-17 02:19:23.530779,Payment,193913.71,INR,SUCCESS,ATM
T0009104,A000775,2024-10-03 16:58:22.530779,Withdrawal,49092.56,INR,SUCCESS,Branch
T0009105,A001192,2025-10-06 00:52:06.530779,Interest,68383.95,INR,FAILED,ATM
T0009106,A000171,2026-02-28 07:31:01.530779,Payment,233499.85,INR,PENDING,ATM
T0009107,A000851,2026-05-08 07:13:32.530779,Deposit,199660.97,INR,SUCCESS,Branch
T0009108,A001464,2024-12-12 15:18:46.530779,Fee,118657.76,INR,PENDING,Branch
T0009109,A000994,2025-05-06 00:33:21.530779,Withdrawal,116340.52,INR,SUCCESS,ATM
T0009110,A001117,2026-01-25 12:58:47.530779,Transfer,132706.89,INR,FAILED,Mobile
T0009111,A000910,2026-05-27 03:45:35.530779,Deposit,25653.23,INR,SUCCESS,Online
T0009112,A001166,2024-09-26 04:39:26.530779,Transfer,205931.13,INR,PENDING,Mobile
T0009113,A000476,2025-03-16 07:01:36.530779,Interest,246510.91,INR,FAILED,Branch
T0009114,A000561,2025-02-06 07:13:58.530779,Withdrawal,164177.21,INR,SUCCESS,ATM
T0009115,A000856,2025-02-01 04:40:41.530779,Transfer,19126.78,INR,SUCCESS,ATM
T0009116,A000290,2026-07-03 09:25:47.530779,Withdrawal,223526.38,INR,FAILED,Branch
T0009117,A000897,2025-10-24 11:42:57.530779,Payment,105353.87,INR,PENDING,Branch
T0009118,A001307,2025-01-08 22:27:00.530779,Withdrawal,89355.05,INR,SUCCESS,Branch
T0009119,A000619,2025-06-11 08:05:53.530779,Withdrawal,31267.32,INR,PENDING,ATM
T0009120,A001099,2025-05-18 21:54:00.530779,Fee,232990.41,INR,SUCCESS,Online
T0009121,A000892,2025-06-01 03:04:48.530779,Fee,103036.88,INR,FAILED,Branch
T0009122,A000308,2026-03-02 23:48:28.530779,Payment,166257.7,INR,PENDING,Branch
T0009123,A000708,2025-07-15 19:47:43.530779,Deposit,157490.47,INR,SUCCESS,Branch
T0009124,A000235,2025-11-28 14:58:36.530779,Withdrawal,70154.52,INR,PENDING,Branch
T0009125,A000668,2026-07-09 19:30:56.530779,Interest,146472.98,INR,FAILED,Branch
T0009126,A001155,2025-07-26 15:00:21.530779,Withdrawal,229903.73,INR,FAILED,Online
T0009127,A000328,2025-03-26 19:27:32.530779,Payment,210435.57,INR,FAILED,ATM
T0009128,A000569,2025-11-14 21:48:11.530779,Interest,136239.67,INR,FAILED,ATM
T0009129,A000777,2025-08-06 16:27:42.530779,Withdrawal,73680.64,INR,FAILED,Mobile
T0009130,A000224,2024-10-31 01:10:12.530779,Withdrawal,122642.19,INR,FAILED,Mobile
T0009131,A001495,2025-09-25 05:13:35.530779,Interest,168531.1,INR,SUCCESS,Mobile
T0009132,A001384,2026-01-29 04:07:43.530779,Transfer,43298.31,INR,SUCCESS,ATM
T0009133,A000466,2025-11-23 12:46:47.530779,Transfer,39680.7,INR,PENDING,Branch
T0009134,A000692,2026-07-03 01:40:42.530779,Payment,33711.81,INR,FAILED,Branch
T0009135,A000396,2026-04-29 19:28:35.530779,Deposit,201786.5,INR,SUCCESS,Mobile
T0009136,A000079,2024-11-09 06:25:52.530779,Transfer,47798.85,INR,SUCCESS,Branch
T0009137,A000037,2026-01-07 19:59:02.530779,Interest,7083.52,INR,SUCCESS,Mobile
T0009138,A000400,2024-12-20 12:33:00.530779,Withdrawal,61607.29,INR,PENDING,ATM
T0009139,A001254,2024-11-22 20:10:59.530779,Transfer,92687.28,INR,SUCCESS,Branch
T0009140,A000252,2025-03-04 17:06:24.530779,Fee,30945.91,INR,FAILED,Mobile
T0009141,A001095,2024-12-01 21:07:19.530779,Transfer,71297.2,INR,PENDING,Online
T0009142,A000922,2025-12-06 13:35:30.530779,Interest,95407.14,INR,PENDING,Branch
T0009143,A001254,2025-02-10 22:35:56.530779,Interest,240825.55,INR,PENDING,Branch
T0009144,A000818,2025-08-16 01:42:56.530779,Transfer,21437.17,INR,FAILED,ATM
T0009145,A000404,2025-06-03 16:46:33.530779,Payment,9401.98,INR,SUCCESS,Online
T0009146,A000745,2025-07-27 03:46:22.530779,Withdrawal,58971.51,INR,FAILED,Branch
T0009147,A000122,2026-03-15 17:22:16.530779,Deposit,1658.62,INR,PENDING,ATM
T0009148,A000115,2025-06-24 12:01:21.530779,Payment,159311.34,INR,SUCCESS,ATM
T0009149,A000817,2026-06-22 16:42:59.530779,Withdrawal,167105.07,INR,PENDING,Online
T0009150,A000664,2025-03-29 06:29:53.530779,Transfer,236471.08,INR,SUCCESS,Mobile
T0009151,A000805,2025-12-04 01:07:43.530779,Withdrawal,1526.46,INR,FAILED,Branch
T0009152,A001307,2024-11-16 04:08:31.530779,Deposit,157526.72,INR,SUCCESS,Branch
T0009153,A000487,2025-05-30 16:32:05.530779,Payment,104876.33,INR,PENDING,Online
T0009154,A000890,2025-05-25 02:43:36.530779,Fee,160718.29,INR,FAILED,Online
T0009155,A000029,2025-12-23 21:30:06.530779,Transfer,224139.56,INR,PENDING,Branch
T0009156,A000690,2024-10-12 01:02:35.530779,Transfer,147973.21,INR,SUCCESS,Online
T0009157,A000571,2026-05-10 20:31:15.530779,Fee,245106.83,INR,FAILED,ATM
T0009158,A000139,2026-06-09 21:33:13.530779,Interest,162751.46,INR,SUCCESS,ATM
T0009159,A000383,2026-06-14 01:01:05.530779,Fee,109727.76,INR,PENDING,Mobile
T0009160,A000355,2025-11-20 23:18:46.530779,Withdrawal,236108.65,INR,FAILED,ATM
T0009161,A000220,2025-12-20 10:31:15.530779,Fee,227918.26,INR,PENDING,ATM
T0009162,A001068,2026-06-30 01:00:42.530779,Interest,238185.82,INR,SUCCESS,Branch
T0009163,A000476,2025-10-18 00:20:26.530779,Payment,58311.52,INR,SUCCESS,Online
T0009164,A000161,2026-09-16 13:17:22.530779,Payment,141480.88,INR,SUCCESS,Mobile
T0009165,A000774,2025-04-10 08:28:25.530779,Withdrawal,72941.56,INR,SUCCESS,Online
T0009166,A000387,2025-06-22 07:25:24.530779,Withdrawal,185198.53,INR,FAILED,ATM
T0009167,A000767,2025-07-01 09:08:44.530779,Fee,23921.55,INR,FAILED,ATM
T0009168,A000673,2025-11-19 02:55:19.530779,Withdrawal,158915.65,INR,FAILED,Online
T0009169,A000224,2025-08-21 21:43:07.530779,Transfer,103229.13,INR,FAILED,Online
T0009170,A001416,2026-06-27 17:09:00.530779,Fee,63148.58,INR,SUCCESS,Branch
T0009171,A001415,2026-07-21 21:39:29.530779,Deposit,105953.64,INR,PENDING,Online
T0009172,A000901,2025-02-09 11:57:12.530779,Deposit,98289.12,INR,SUCCESS,Mobile
T0009173,A001127,2025-02-18 09:05:50.530779,Fee,223059.45,INR,FAILED,Online
T0009174,A000106,2025-08-05 16:45:29.530779,Payment,122100.09,INR,PENDING,Branch
T0009175,A000038,2025-08-23 00:37:39.530779,Interest,164688.58,INR,SUCCESS,Online
T0009176,A000924,2026-08-16 20:09:11.530779,Fee,111494.32,INR,PENDING,Branch
T0009177,A000912,2025-07-27 22:55:11.530779,Deposit,162890.08,INR,PENDING,Branch
T0009178,A000169,2026-07-30 00:28:28.530779,Payment,85386.65,INR,SUCCESS,Mobile
T0009179,A000844,2025-08-03 15:19:07.530779,Withdrawal,83126.45,INR,PENDING,ATM
T0009180,A000762,2024-11-24 04:33:08.530779,Deposit,105553.2,INR,SUCCESS,Online
T0009181,A000224,2025-03-18 13:20:13.530779,Transfer,44843.51,INR,SUCCESS,ATM
T0009182,A000788,2026-02-13 09:52:43.530779,Fee,121721.89,INR,FAILED,Online
T0009183,A001081,2025-04-23 14:48:08.530779,Deposit,151794.22,INR,PENDING,Online
T0009184,A000546,2026-07-08 09:26:26.530779,Interest,94103.5,INR,FAILED,Online
T0009185,A001330,2024-11-02 22:39:13.530779,Withdrawal,233114.73,INR,FAILED,Mobile
T0009186,A000915,2026-06-07 02:50:08.530779,Deposit,66728.01,INR,SUCCESS,Mobile
T0009187,A001250,2025-01-09 06:00:10.530779,Deposit,244503.89,INR,FAILED,ATM
T0009188,A000402,2024-11-28 20:40:23.530779,Payment,158344.38,INR,PENDING,Mobile
T0009189,A001427,2025-10-09 22:22:22.530779,Withdrawal,22794.2,INR,SUCCESS,ATM
T0009190,A000869,2026-05-12 08:43:19.530779,Deposit,116588.94,INR,SUCCESS,Mobile
T0009191,A000263,2026-06-20 11:43:15.530779,Deposit,239376.66,INR,PENDING,Mobile
T0009192,A000336,2026-03-31 11:54:04.530779,Withdrawal,41614.38,INR,PENDING,Mobile
T0009193,A000638,2025-01-22 01:48:51.530779,Withdrawal,212137.4,INR,SUCCESS,Online
T0009194,A000990,2025-09-26 10:44:42.530779,Fee,172918.85,INR,PENDING,Online
T0009195,A001500,2025-06-10 22:08:35.530779,Interest,171750.11,INR,PENDING,Mobile
T0009196,A000036,2024-12-09 05:45:43.530779,Payment,165294.79,INR,FAILED,Mobile
T0009197,A000635,2026-05-09 11:53:00.530779,Withdrawal,189379.42,INR,SUCCESS,ATM
T0009198,A000157,2025-09-10 22:53:22.530779,Withdrawal,208495.05,INR,PENDING,Mobile
T0009199,A001426,2026-03-22 16:06:28.530779,Fee,230194.73,INR,FAILED,Mobile
T0009200,A000898,2024-12-06 23:33:04.530779,Transfer,143019.28,INR,SUCCESS,ATM
T0009201,A000850,2026-03-14 15:51:19.530779,Transfer,44729.9,INR,SUCCESS,Online
T0009202,A000342,2024-09-26 20:43:36.530779,Deposit,208302.54,INR,SUCCESS,Branch
T0009203,A001305,2024-11-21 14:39:27.530779,Fee,186465.12,INR,PENDING,Mobile
T0009204,A000303,2025-02-18 20:12:33.530779,Transfer,14071.13,INR,SUCCESS,Branch
T0009205,A000042,2025-03-15 17:59:22.530779,Deposit,194071.91,INR,PENDING,Online
T0009206,A000352,2026-01-08 08:14:12.530779,Fee,26261.87,INR,PENDING,Branch
T0009207,A001323,2025-09-30 22:13:03.530779,Interest,180244.17,INR,FAILED,Branch
T0009208,A001032,2025-02-20 02:07:47.530779,Fee,155268.15,INR,SUCCESS,Branch
T0009209,A001317,2025-11-23 12:10:47.530779,Deposit,166011.19,INR,FAILED,ATM
T0009210,A000573,2025-10-04 07:55:29.530779,Deposit,12639.03,INR,SUCCESS,Branch
T0009211,A000170,2026-08-20 17:22:56.530779,Payment,17261.18,INR,SUCCESS,Branch
T0009212,A000480,2025-12-19 10:59:21.530779,Interest,152708.47,INR,PENDING,ATM
T0009213,A001391,2025-06-12 07:04:35.530779,Deposit,174680.13,INR,PENDING,Branch
T0009214,A001106,2024-12-25 02:06:27.530779,Payment,147667.5,INR,SUCCESS,ATM
T0009215,A000237,2025-03-15 23:10:05.530779,Fee,92590.08,INR,SUCCESS,Mobile
T0009216,A000605,2024-11-11 00:20:11.530779,Interest,236314.53,INR,PENDING,Mobile
T0009217,A000546,2025-02-27 20:36:41.530779,Payment,199339.89,INR,PENDING,Branch
T0009218,A000209,2025-11-04 22:20:12.530779,Payment,205568.56,INR,SUCCESS,Online
T0009219,A000949,2026-03-22 12:58:43.530779,Deposit,186547.16,INR,SUCCESS,Online
T0009220,A000123,2026-04-30 05:08:26.530779,Payment,57805.46,INR,PENDING,Branch
T0009221,A000736,2025-11-05 11:08:19.530779,Interest,224876.58,INR,FAILED,Online
T0009222,A000679,2026-06-05 11:39:40.530779,Payment,41366.12,INR,SUCCESS,Mobile
T0009223,A001338,2025-06-18 01:56:53.530779,Withdrawal,136647.0,INR,FAILED,Online
T0009224,A001017,2026-01-08 13:26:15.530779,Interest,227333.52,INR,PENDING,Mobile
T0009225,A000305,2026-07-16 16:48:48.530779,Payment,42661.49,INR,PENDING,Online
T0009226,A000706,2025-11-01 06:23:43.530779,Fee,173542.53,INR,SUCCESS,Mobile
T0009227,A000153,2025-01-18 12:31:50.530779,Interest,232327.17,INR,SUCCESS,Online
T0009228,A001208,2025-03-17 22:10:23.530779,Fee,45516.26,INR,PENDING,ATM
T0009229,A000193,2026-03-09 15:10:38.530779,Withdrawal,171055.01,INR,SUCCESS,Online
T0009230,A001065,2025-04-02 11:18:35.530779,Deposit,113702.13,INR,PENDING,Online
T0009231,A000189,2024-11-17 20:54:31.530779,Withdrawal,14561.05,INR,PENDING,ATM
T0009232,A000471,2025-09-04 20:33:34.530779,Fee,118987.6,INR,FAILED,Branch
T0009233,A001347,2025-05-09 18:25:25.530779,Transfer,80623.68,INR,FAILED,ATM
T0009234,A000233,2025-10-25 19:20:20.530779,Fee,104394.82,INR,SUCCESS,Mobile
T0009235,A000019,2026-08-16 01:09:00.530779,Withdrawal,216844.92,INR,SUCCESS,Branch
T0009236,A001397,2025-04-09 16:22:45.530779,Transfer,119652.5,INR,SUCCESS,Online
T0009237,A001424,2025-08-25 01:44:59.530779,Fee,207226.54,INR,PENDING,Online
T0009238,A001108,2025-12-30 17:27:08.530779,Withdrawal,53634.83,INR,FAILED,Mobile
T0009239,A000596,2025-11-14 01:45:07.530779,Interest,209470.5,INR,FAILED,Branch
T0009240,A000747,2025-06-17 12:22:03.530779,Payment,87699.63,INR,SUCCESS,Online
T0009241,A000279,2024-11-22 01:01:41.530779,Payment,216551.43,INR,PENDING,Branch
T0009242,A000972,2025-08-03 06:04:47.530779,Transfer,111174.7,INR,SUCCESS,ATM
T0009243,A000129,2026-03-09 21:06:19.530779,Withdrawal,249818.94,INR,FAILED,Mobile
T0009244,A001392,2026-06-16 02:59:11.530779,Payment,86339.63,INR,PENDING,Branch
T0009245,A000565,2026-04-24 08:32:11.530779,Payment,62951.17,INR,SUCCESS,ATM
T0009246,A000846,2026-04-07 22:58:19.530779,Payment,131634.68,INR,FAILED,Mobile
T0009247,A000739,2025-12-19 05:14:38.530779,Transfer,82809.62,INR,SUCCESS,Mobile
T0009248,A000060,2025-02-19 09:25:08.530779,Withdrawal,47161.86,INR,PENDING,Online
T0009249,A001189,2025-02-06 05:19:51.530779,Transfer,48721.19,INR,FAILED,Online
T0009250,A000220,2025-08-06 00:44:54.530779,Deposit,37221.09,INR,PENDING,Mobile
T0009251,A000238,2026-04-28 10:17:47.530779,Transfer,165761.75,INR,PENDING,Online
T0009252,A000620,2024-11-22 20:07:35.530779,Deposit,30475.84,INR,FAILED,ATM
T0009253,A000200,2026-06-20 22:30:48.530779,Fee,43815.53,INR,PENDING,Mobile
T0009254,A001160,2025-02-10 10:11:48.530779,Transfer,204566.44,INR,SUCCESS,Online
T0009255,A001434,2026-05-17 14:57:57.530779,Interest,112915.28,INR,PENDING,Mobile
T0009256,A000131,2025-07-20 22:06:30.530779,Deposit,188213.58,INR,PENDING,Mobile
T0009257,A001319,2025-07-22 16:04:36.530779,Fee,191888.91,INR,FAILED,Branch
T0009258,A000967,2025-02-13 21:34:03.530779,Transfer,186480.65,INR,FAILED,Branch
T0009259,A000005,2026-06-03 07:02:15.530779,Interest,222717.83,INR,SUCCESS,Online
T0009260,A000360,2026-01-30 19:37:15.530779,Deposit,162020.4,INR,PENDING,Mobile
T0009261,A000058,2026-01-28 21:24:34.530779,Interest,200949.26,INR,FAILED,ATM
T0009262,A000364,2025-10-27 10:00:32.530779,Fee,124949.14,INR,SUCCESS,ATM
T0009263,A000793,2025-09-29 15:31:22.530779,Withdrawal,169011.01,INR,FAILED,Branch
T0009264,A000179,2025-04-05 02:57:56.530779,Deposit,217665.03,INR,FAILED,ATM
T0009265,A000643,2026-06-08 05:59:42.530779,Fee,95718.11,INR,FAILED,ATM
T0009266,A000640,2025-11-11 10:01:02.530779,Withdrawal,30056.45,INR,SUCCESS,Online
T0009267,A000160,2025-10-07 13:29:25.530779,Withdrawal,105043.87,INR,SUCCESS,Mobile
T0009268,A001276,2025-05-19 04:43:07.530779,Interest,8665.83,INR,FAILED,Branch
T0009269,A000600,2024-09-23 18:16:02.530779,Payment,170748.26,INR,PENDING,Branch
T0009270,A000963,2025-07-21 00:39:01.530779,Withdrawal,72016.26,INR,PENDING,Online
T0009271,A000979,2025-01-09 18:08:04.530779,Fee,155383.39,INR,FAILED,Online
T0009272,A000046,2026-02-01 21:27:16.530779,Fee,199681.35,INR,PENDING,Online
T0009273,A001004,2025-08-12 05:14:40.530779,Payment,174127.48,INR,SUCCESS,ATM
T0009274,A000659,2025-03-05 17:23:36.530779,Interest,3616.61,INR,PENDING,Mobile
T0009275,A000490,2025-11-29 02:26:40.530779,Withdrawal,8973.7,INR,SUCCESS,Branch
T0009276,A000350,2025-06-02 05:21:28.530779,Withdrawal,96880.97,INR,PENDING,Online
T0009277,A000935,2026-07-09 20:35:56.530779,Fee,155787.44,INR,SUCCESS,Online
T0009278,A000054,2024-12-13 07:09:09.530779,Payment,57328.35,INR,FAILED,Branch
T0009279,A001443,2024-12-21 21:15:35.530779,Payment,114445.33,INR,SUCCESS,Branch
T0009280,A001217,2026-05-16 15:08:34.530779,Payment,131116.48,INR,FAILED,Mobile
T0009281,A001003,2025-11-04 13:15:08.530779,Deposit,189447.36,INR,SUCCESS,Branch
T0009282,A000834,2026-04-01 05:45:15.530779,Interest,172419.2,INR,PENDING,Branch
T0009283,A000912,2024-11-01 01:24:26.530779,Withdrawal,232976.48,INR,SUCCESS,Mobile
T0009284,A001368,2025-12-26 02:05:38.530779,Interest,230540.94,INR,SUCCESS,ATM
T0009285,A000910,2025-01-24 22:02:25.530779,Interest,239478.09,INR,PENDING,Branch
T0009286,A000449,2025-02-24 16:07:47.530779,Deposit,198890.79,INR,FAILED,Mobile
T0009287,A001272,2025-06-05 20:05:22.530779,Withdrawal,138582.31,INR,FAILED,Mobile
T0009288,A001065,2025-12-05 17:12:15.530779,Payment,183763.21,INR,FAILED,ATM
T0009289,A000615,2024-09-29 11:13:38.530779,Fee,87211.01,INR,PENDING,Online
T0009290,A000836,2025-01-29 00:03:29.530779,Deposit,31750.31,INR,FAILED,Branch
T0009291,A000026,2025-06-01 16:32:16.530779,Deposit,67699.39,INR,PENDING,Branch
T0009292,A001436,2026-01-28 03:06:54.530779,Interest,91816.03,INR,PENDING,Mobile
T0009293,A000201,2026-02-06 19:37:39.530779,Interest,36407.94,INR,FAILED,Mobile
T0009294,A001403,2025-04-28 19:56:28.530779,Fee,19265.57,INR,FAILED,Mobile
T0009295,A000862,2025-11-23 17:41:15.530779,Transfer,39777.68,INR,FAILED,Online
T0009296,A001449,2024-12-11 04:17:39.530779,Payment,16731.47,INR,SUCCESS,Online
T0009297,A001458,2025-02-05 18:38:00.530779,Withdrawal,119854.45,INR,FAILED,Branch
T0009298,A000392,2026-07-26 12:13:23.530779,Fee,141744.82,INR,PENDING,Mobile
T0009299,A001466,2026-02-04 15:00:26.530779,Interest,157047.38,INR,SUCCESS,Mobile
T0009300,A000332,2025-11-25 10:36:39.530779,Payment,165150.25,INR,FAILED,Branch
T0009301,A000179,2025-04-24 00:26:19.530779,Transfer,231112.03,INR,SUCCESS,ATM
T0009302,A000995,2026-07-26 04:24:34.530779,Interest,153398.81,INR,FAILED,Mobile
T0009303,A000938,2025-07-06 00:47:28.530779,Deposit,175038.5,INR,PENDING,Branch
T0009304,A000821,2025-02-12 17:05:49.530779,Payment,64927.01,INR,PENDING,ATM
T0009305,A000058,2026-03-08 15:14:23.530779,Interest,78909.82,INR,FAILED,Online
T0009306,A001451,2025-05-12 02:19:41.530779,Deposit,100269.37,INR,FAILED,Online
T0009307,A001438,2025-02-24 21:44:41.530779,Payment,35969.21,INR,FAILED,ATM
T0009308,A001490,2025-01-18 06:47:40.530779,Transfer,217730.89,INR,SUCCESS,Online
T0009309,A000534,2024-12-06 23:21:27.530779,Fee,3641.34,INR,PENDING,Online
T0009310,A001284,2024-11-18 15:03:09.530779,Transfer,216384.79,INR,PENDING,ATM
T0009311,A000418,2026-08-23 23:28:31.530779,Interest,99876.27,INR,SUCCESS,Mobile
T0009312,A000465,2025-12-04 05:40:40.530779,Payment,80661.45,INR,FAILED,ATM
T0009313,A000379,2025-04-22 05:02:14.530779,Interest,104901.03,INR,SUCCESS,Branch
T0009314,A000797,2026-04-16 09:24:31.530779,Interest,230463.19,INR,FAILED,Online
T0009315,A000420,2025-10-09 18:14:26.530779,Payment,203517.61,INR,PENDING,ATM
T0009316,A000990,2025-09-20 18:33:20.530779,Interest,13692.96,INR,SUCCESS,Mobile
T0009317,A001308,2024-10-08 16:34:47.530779,Deposit,10864.68,INR,FAILED,Branch
T0009318,A000046,2025-07-30 00:56:23.530779,Payment,112600.39,INR,FAILED,Online
T0009319,A000789,2025-10-06 18:32:05.530779,Payment,152649.31,INR,PENDING,Mobile
T0009320,A001297,2025-07-10 00:15:06.530779,Fee,123908.42,INR,FAILED,Online
T0009321,A001317,2025-08-09 23:18:55.530779,Transfer,247229.73,INR,SUCCESS,Branch
T0009322,A000850,2025-08-25 17:20:15.530779,Transfer,76612.74,INR,FAILED,Mobile
T0009323,A000197,2026-04-29 06:04:47.530779,Transfer,138777.07,INR,SUCCESS,Branch
T0009324,A000565,2025-08-04 05:28:46.530779,Interest,222758.68,INR,FAILED,Mobile
T0009325,A000596,2025-11-04 12:44:56.530779,Interest,80897.78,INR,PENDING,Online
T0009326,A000104,2026-09-19 14:56:54.530779,Deposit,160179.87,INR,PENDING,Mobile
T0009327,A001396,2025-02-22 14:58:34.530779,Transfer,227240.57,INR,FAILED,Branch
T0009328,A000322,2026-05-23 21:57:13.530779,Payment,93920.56,INR,FAILED,Mobile
T0009329,A000950,2025-07-01 02:58:10.530779,Fee,247586.13,INR,SUCCESS,ATM
T0009330,A001101,2026-03-09 00:58:32.530779,Fee,176242.85,INR,FAILED,ATM
T0009331,A000783,2026-07-17 19:45:42.530779,Deposit,74772.68,INR,PENDING,Mobile
T0009332,A001418,2026-07-24 03:40:14.530779,Deposit,211941.49,INR,SUCCESS,Branch
T0009333,A000743,2026-03-25 16:20:05.530779,Payment,68888.35,INR,SUCCESS,Mobile
T0009334,A000970,2025-03-16 17:56:08.530779,Payment,121471.17,INR,PENDING,ATM
T0009335,A000972,2025-06-20 10:39:15.530779,Deposit,134749.2,INR,PENDING,ATM
T0009336,A000466,2026-07-27 01:44:41.530779,Fee,13049.84,INR,SUCCESS,Online
T0009337,A000288,2026-02-21 14:16:39.530779,Interest,183070.86,INR,PENDING,Mobile
T0009338,A001300,2025-08-11 11:21:21.530779,Payment,25339.1,INR,SUCCESS,Branch
T0009339,A000447,2024-10-22 20:47:23.530779,Deposit,148937.16,INR,PENDING,Mobile
T0009340,A000309,2026-09-11 01:45:15.530779,Transfer,196484.42,INR,PENDING,ATM
T0009341,A000440,2025-05-12 11:37:38.530779,Interest,33768.39,INR,FAILED,Online
T0009342,A000849,2025-03-07 14:52:06.530779,Payment,174244.2,INR,PENDING,Online
T0009343,A000669,2025-11-29 19:52:40.530779,Payment,103162.61,INR,SUCCESS,Online
T0009344,A001055,2026-09-15 04:58:21.530779,Fee,82873.74,INR,FAILED,Online
T0009345,A001465,2024-11-30 02:14:16.530779,Deposit,159123.38,INR,SUCCESS,Online
T0009346,A000317,2025-09-22 00:39:26.530779,Payment,219408.26,INR,FAILED,ATM
T0009347,A000950,2025-06-07 04:56:13.530779,Interest,111563.17,INR,SUCCESS,ATM
T0009348,A000639,2024-11-25 01:18:53.530779,Transfer,34185.11,INR,PENDING,Branch
T0009349,A001498,2025-11-10 09:59:46.530779,Payment,126794.82,INR,PENDING,Online
T0009350,A001450,2026-06-15 00:21:03.530779,Interest,63133.53,INR,PENDING,ATM
T0009351,A000057,2025-02-26 13:17:19.530779,Transfer,175925.26,INR,SUCCESS,ATM
T0009352,A000567,2025-07-17 13:25:40.530779,Deposit,216698.61,INR,FAILED,Mobile
T0009353,A000217,2026-04-15 03:20:16.530779,Withdrawal,41952.47,INR,SUCCESS,ATM
T0009354,A001093,2025-06-15 19:46:00.530779,Payment,236421.13,INR,FAILED,Branch
T0009355,A000359,2026-02-18 00:38:11.530779,Fee,79474.55,INR,FAILED,ATM
T0009356,A001222,2026-04-20 22:28:17.530779,Payment,82378.36,INR,SUCCESS,Branch
T0009357,A000078,2025-09-09 17:14:02.530779,Deposit,86653.09,INR,SUCCESS,ATM
T0009358,A000300,2025-07-07 06:27:02.530779,Fee,160414.28,INR,PENDING,Online
T0009359,A000873,2026-09-13 02:49:17.530779,Deposit,178294.19,INR,PENDING,Branch
T0009360,A001405,2025-03-21 21:48:59.530779,Withdrawal,141390.71,INR,FAILED,Branch
T0009361,A000783,2024-12-22 06:31:12.530779,Deposit,81131.39,INR,SUCCESS,Online
T0009362,A001016,2024-09-27 06:50:30.530779,Transfer,156940.48,INR,PENDING,Mobile
T0009363,A000019,2025-01-25 04:53:45.530779,Fee,104909.65,INR,PENDING,Branch
T0009364,A001421,2024-10-27 01:13:09.530779,Interest,124083.07,INR,PENDING,ATM
T0009365,A000742,2025-12-21 02:49:26.530779,Transfer,196564.72,INR,FAILED,Branch
T0009366,A001179,2025-02-08 06:17:21.530779,Interest,71061.79,INR,FAILED,ATM
T0009367,A000129,2025-11-12 21:52:53.530779,Interest,70573.55,INR,FAILED,Branch
T0009368,A001269,2026-02-24 13:02:54.530779,Interest,217507.86,INR,PENDING,Online
T0009369,A000246,2026-05-06 11:40:21.530779,Fee,181636.28,INR,SUCCESS,ATM
T0009370,A000126,2026-05-23 21:57:59.530779,Transfer,94087.36,INR,SUCCESS,Mobile
T0009371,A000275,2025-10-24 14:12:15.530779,Interest,173631.36,INR,PENDING,Online
T0009372,A000199,2024-11-15 07:54:23.530779,Transfer,213201.54,INR,SUCCESS,Branch
T0009373,A000465,2024-10-24 08:07:24.530779,Deposit,212081.31,INR,SUCCESS,ATM
T0009374,A000984,2025-11-14 17:03:10.530779,Payment,166162.73,INR,PENDING,Branch
T0009375,A001137,2026-04-09 23:11:23.530779,Payment,182979.15,INR,FAILED,ATM
T0009376,A001041,2024-12-20 01:29:27.530779,Deposit,245895.64,INR,PENDING,Online
T0009377,A001344,2024-09-27 16:32:08.530779,Withdrawal,224233.58,INR,PENDING,Branch
T0009378,A000361,2026-02-09 05:39:32.530779,Transfer,192496.11,INR,PENDING,ATM
T0009379,A000699,2025-09-14 03:37:57.530779,Interest,112058.15,INR,SUCCESS,ATM
T0009380,A001175,2025-04-15 09:44:24.530779,Deposit,109827.58,INR,SUCCESS,Online
T0009381,A001337,2024-11-13 07:55:16.530779,Interest,237687.66,INR,FAILED,Online
T0009382,A000465,2025-08-28 18:52:09.530779,Interest,54896.2,INR,PENDING,ATM
T0009383,A000501,2026-05-19 09:39:17.530779,Interest,121992.81,INR,FAILED,ATM
T0009384,A000427,2024-11-19 15:04:16.530779,Payment,224954.89,INR,FAILED,Mobile
T0009385,A001411,2026-04-20 22:07:52.530779,Withdrawal,126871.88,INR,PENDING,Mobile
T0009386,A001336,2025-10-09 20:37:53.530779,Interest,228917.71,INR,SUCCESS,ATM
T0009387,A000131,2026-08-11 02:20:29.530779,Transfer,34316.88,INR,FAILED,ATM
T0009388,A000818,2025-01-01 23:05:22.530779,Transfer,234543.36,INR,FAILED,ATM
T0009389,A000053,2025-04-24 07:42:35.530779,Transfer,73809.49,INR,PENDING,Branch
T0009390,A000758,2026-04-26 14:55:46.530779,Deposit,69057.21,INR,SUCCESS,Branch
T0009391,A000935,2026-04-14 05:51:12.530779,Withdrawal,84821.63,INR,SUCCESS,Mobile
T0009392,A001191,2024-10-27 01:42:10.530779,Interest,37058.48,INR,PENDING,Mobile
T0009393,A000188,2025-07-02 02:04:19.530779,Payment,118476.67,INR,FAILED,ATM
T0009394,A000879,2026-09-10 06:25:12.530779,Payment,60609.22,INR,PENDING,Branch
T0009395,A000136,2025-07-14 05:08:11.530779,Deposit,85608.41,INR,SUCCESS,Mobile
T0009396,A000487,2025-12-07 21:19:50.530779,Payment,1886.61,INR,PENDING,Branch
T0009397,A000390,2024-10-30 16:32:37.530779,Fee,155059.5,INR,FAILED,Online
T0009398,A000049,2025-05-16 02:50:27.530779,Withdrawal,157565.68,INR,PENDING,Branch
T0009399,A000880,2026-03-28 18:22:31.530779,Withdrawal,83294.57,INR,FAILED,Online
T0009400,A000020,2025-02-11 07:37:46.530779,Interest,199034.05,INR,FAILED,Branch
T0009401,A000641,2025-12-24 10:24:52.530779,Withdrawal,116428.88,INR,PENDING,Branch
T0009402,A000810,2024-10-26 21:32:45.530779,Transfer,248891.48,INR,SUCCESS,ATM
T0009403,A001041,2025-11-17 07:00:59.530779,Transfer,17074.29,INR,SUCCESS,Mobile
T0009404,A000131,2025-01-10 05:02:57.530779,Fee,249667.8,INR,FAILED,ATM
T0009405,A001109,2025-02-02 06:24:49.530779,Deposit,77982.93,INR,FAILED,Online
T0009406,A000977,2025-05-28 04:27:13.530779,Interest,68030.3,INR,FAILED,ATM
T0009407,A000375,2025-12-07 08:34:29.530779,Withdrawal,91053.45,INR,PENDING,Mobile
T0009408,A000152,2025-02-06 17:36:38.530779,Fee,45901.72,INR,PENDING,Online
T0009409,A000563,2026-01-14 10:26:51.530779,Deposit,167733.32,INR,FAILED,Branch
T0009410,A001372,2025-03-06 21:34:23.530779,Interest,121770.94,INR,SUCCESS,Mobile
T0009411,A000586,2026-07-04 17:47:00.530779,Transfer,48190.72,INR,SUCCESS,Mobile
T0009412,A001286,2026-04-28 03:58:24.530779,Payment,108531.02,INR,SUCCESS,ATM
T0009413,A001410,2026-09-02 23:51:52.530779,Deposit,184530.41,INR,PENDING,Mobile
T0009414,A000920,2025-11-27 19:09:46.530779,Deposit,16659.84,INR,SUCCESS,Online
T0009415,A001092,2025-10-01 02:35:23.530779,Transfer,161611.65,INR,FAILED,ATM
T0009416,A000128,2025-06-12 00:56:50.530779,Deposit,79502.9,INR,PENDING,Mobile
T0009417,A001374,2026-07-09 02:42:39.530779,Withdrawal,31848.54,INR,PENDING,Branch
T0009418,A000381,2025-07-23 20:39:34.530779,Withdrawal,38968.69,INR,SUCCESS,ATM
T0009419,A001405,2026-07-01 10:38:57.530779,Interest,167909.38,INR,SUCCESS,Mobile
T0009420,A000428,2026-02-17 20:28:25.530779,Transfer,120385.35,INR,PENDING,ATM
T0009421,A000657,2026-06-18 20:42:57.530779,Withdrawal,177554.23,INR,SUCCESS,Mobile
T0009422,A001492,2025-08-12 06:40:59.530779,Payment,118892.99,INR,FAILED,Mobile
T0009423,A000843,2025-02-28 22:44:57.530779,Payment,15875.65,INR,FAILED,ATM
T0009424,A000250,2025-05-25 11:57:12.530779,Transfer,89906.09,INR,FAILED,Branch
T0009425,A000082,2025-02-04 13:37:15.530779,Transfer,85764.9,INR,PENDING,ATM
T0009426,A001109,2025-09-18 12:09:54.530779,Fee,84604.15,INR,PENDING,Online
T0009427,A001160,2026-07-03 18:42:15.530779,Deposit,55010.9,INR,FAILED,Branch
T0009428,A000561,2026-01-03 08:36:21.530779,Interest,154240.22,INR,FAILED,ATM
T0009429,A000215,2025-04-24 21:33:13.530779,Deposit,188378.35,INR,SUCCESS,Mobile
T0009430,A000426,2024-11-14 18:49:54.530779,Withdrawal,184153.39,INR,SUCCESS,Mobile
T0009431,A000208,2025-01-05 14:58:04.530779,Interest,222933.92,INR,FAILED,Mobile
T0009432,A001177,2025-09-20 02:45:36.530779,Payment,51808.21,INR,PENDING,Online
T0009433,A000304,2026-07-06 00:31:32.530779,Interest,165597.18,INR,PENDING,Mobile
T0009434,A000294,2025-05-01 02:51:34.530779,Payment,81530.29,INR,SUCCESS,Online
T0009435,A000911,2024-09-21 01:26:25.530779,Transfer,200419.33,INR,PENDING,Branch
T0009436,A000730,2024-12-05 23:46:38.530779,Transfer,130768.71,INR,SUCCESS,ATM
T0009437,A000109,2025-05-29 19:40:37.530779,Deposit,135489.24,INR,FAILED,Branch
T0009438,A001064,2025-11-14 11:28:17.530779,Interest,19409.32,INR,SUCCESS,Mobile
T0009439,A000300,2025-10-12 05:05:47.530779,Withdrawal,192671.62,INR,PENDING,Mobile
T0009440,A000880,2025-10-19 09:28:41.530779,Fee,87439.08,INR,PENDING,ATM
T0009441,A001425,2025-12-05 12:31:30.530779,Fee,226237.7,INR,SUCCESS,Online
T0009442,A001072,2025-09-26 10:22:24.530779,Fee,131058.57,INR,SUCCESS,Branch
T0009443,A000755,2025-04-25 04:54:01.530779,Payment,150338.12,INR,FAILED,Mobile
T0009444,A001269,2026-07-29 22:51:25.530779,Interest,14330.39,INR,FAILED,Branch
T0009445,A001242,2025-03-08 14:32:56.530779,Withdrawal,91176.2,INR,SUCCESS,Mobile
T0009446,A001256,2024-10-30 21:20:53.530779,Interest,101258.13,INR,SUCCESS,Branch
T0009447,A000069,2025-02-03 11:48:36.530779,Payment,2917.69,INR,SUCCESS,Online
T0009448,A000583,2024-10-02 19:26:50.530779,Deposit,118949.54,INR,PENDING,Mobile
T0009449,A000981,2025-01-31 04:44:06.530779,Withdrawal,169852.29,INR,PENDING,ATM
T0009450,A000459,2026-05-19 21:53:36.530779,Deposit,123788.08,INR,FAILED,Branch
T0009451,A000421,2026-02-19 17:01:52.530779,Transfer,13373.52,INR,FAILED,Mobile
T0009452,A000982,2026-03-27 13:50:41.530779,Interest,101125.38,INR,FAILED,Online
T0009453,A000985,2026-08-13 06:17:28.530779,Interest,204508.37,INR,FAILED,Branch
T0009454,A001138,2026-01-19 04:35:02.530779,Deposit,50803.93,INR,FAILED,Online
T0009455,A001182,2026-09-16 20:21:56.530779,Fee,62789.02,INR,FAILED,ATM
T0009456,A000382,2024-10-23 02:38:26.530779,Withdrawal,247839.31,INR,FAILED,Mobile
T0009457,A001311,2025-03-17 06:36:02.530779,Fee,68023.59,INR,PENDING,Branch
T0009458,A000451,2024-10-27 19:10:06.530779,Transfer,12276.69,INR,SUCCESS,Branch
T0009459,A000755,2025-02-11 22:09:52.530779,Interest,57969.96,INR,FAILED,ATM
T0009460,A001104,2024-12-03 09:18:09.530779,Payment,198675.94,INR,FAILED,ATM
T0009461,A001500,2025-09-01 20:11:06.530779,Fee,68970.1,INR,PENDING,Mobile
T0009462,A001480,2025-10-13 18:11:39.530779,Deposit,135481.72,INR,PENDING,Online
T0009463,A000341,2026-05-13 06:27:26.530779,Deposit,109769.5,INR,FAILED,ATM
T0009464,A000134,2025-07-16 18:36:31.530779,Payment,207873.23,INR,FAILED,Mobile
T0009465,A001231,2025-08-29 07:48:30.530779,Deposit,156641.76,INR,FAILED,ATM
T0009466,A000058,2025-02-08 11:06:53.530779,Deposit,189812.25,INR,SUCCESS,Online
T0009467,A001411,2026-03-31 20:23:36.530779,Payment,230638.52,INR,PENDING,Branch
T0009468,A001357,2025-11-13 01:16:31.530779,Withdrawal,117649.91,INR,PENDING,Branch
T0009469,A000512,2024-11-16 06:40:18.530779,Withdrawal,220850.02,INR,SUCCESS,ATM
T0009470,A001289,2026-02-14 07:03:11.530779,Payment,52134.29,INR,SUCCESS,Mobile
T0009471,A001075,2026-02-25 11:59:08.530779,Interest,216335.86,INR,FAILED,ATM
T0009472,A000788,2025-05-07 22:20:15.530779,Deposit,73067.29,INR,PENDING,Mobile
T0009473,A000282,2025-05-25 13:42:27.530779,Interest,137185.83,INR,PENDING,Online
T0009474,A000014,2025-12-13 10:57:26.530779,Payment,234154.61,INR,SUCCESS,ATM
T0009475,A001095,2026-01-08 01:47:58.530779,Fee,129315.17,INR,PENDING,Branch
T0009476,A001315,2026-08-10 22:10:49.530779,Interest,86412.99,INR,SUCCESS,Online
T0009477,A000565,2026-05-12 03:51:45.530779,Withdrawal,141276.29,INR,FAILED,Mobile
T0009478,A000518,2024-10-05 15:41:39.530779,Payment,200085.46,INR,PENDING,Branch
T0009479,A000774,2025-04-17 19:02:18.530779,Transfer,97268.62,INR,SUCCESS,Online
T0009480,A001414,2025-12-30 19:23:58.530779,Deposit,43031.41,INR,FAILED,ATM
T0009481,A000965,2026-06-16 03:53:09.530779,Payment,81419.38,INR,FAILED,Mobile
T0009482,A000134,2025-05-03 21:15:20.530779,Payment,179383.05,INR,FAILED,Online
T0009483,A000207,2025-07-17 22:10:52.530779,Transfer,238834.86,INR,SUCCESS,ATM
T0009484,A000487,2025-11-20 04:05:03.530779,Withdrawal,225696.15,INR,PENDING,Mobile
T0009485,A001022,2025-01-10 14:02:34.530779,Withdrawal,145257.23,INR,SUCCESS,Mobile
T0009486,A001393,2025-12-27 04:32:43.530779,Transfer,160480.66,INR,SUCCESS,ATM
T0009487,A000733,2025-01-19 21:41:28.530779,Deposit,48980.78,INR,FAILED,ATM
T0009488,A000302,2025-08-21 12:47:45.530779,Fee,8737.98,INR,SUCCESS,Mobile
T0009489,A000347,2025-09-14 21:47:08.530779,Interest,5134.61,INR,FAILED,Branch
T0009490,A001134,2026-07-14 00:40:14.530779,Withdrawal,145398.06,INR,SUCCESS,Mobile
T0009491,A001488,2025-11-19 08:14:40.530779,Deposit,235017.57,INR,SUCCESS,Online
T0009492,A000480,2026-02-10 17:48:34.530779,Interest,124295.03,INR,PENDING,Branch
T0009493,A001490,2025-06-13 04:48:06.530779,Fee,68930.66,INR,PENDING,Branch
T0009494,A001292,2025-01-01 04:45:47.530779,Transfer,161586.31,INR,FAILED,Online
T0009495,A000387,2026-09-01 05:28:12.530779,Withdrawal,195454.92,INR,SUCCESS,Branch
T0009496,A000106,2024-10-19 06:40:51.530779,Fee,178277.28,INR,PENDING,Mobile
T0009497,A000825,2026-08-16 12:58:00.530779,Withdrawal,223323.52,INR,SUCCESS,Online
T0009498,A000349,2025-07-15 00:12:44.530779,Interest,23652.13,INR,SUCCESS,Online
T0009499,A000580,2026-02-22 23:57:57.530779,Deposit,40217.73,INR,FAILED,Online
T0009500,A001118,2026-01-10 17:13:35.530779,Deposit,42264.24,INR,PENDING,Mobile
T0009501,A000449,2025-05-29 04:14:16.530779,Transfer,234351.35,INR,FAILED,Mobile
T0009502,A000421,2026-07-29 04:44:34.530779,Interest,165072.1,INR,PENDING,Branch
T0009503,A001059,2026-08-17 17:36:37.530779,Deposit,231448.72,INR,SUCCESS,Online
T0009504,A000974,2025-06-27 05:15:32.530779,Payment,90833.84,INR,FAILED,ATM
T0009505,A000979,2025-12-12 00:12:47.530779,Payment,37802.02,INR,PENDING,ATM
T0009506,A000448,2025-01-21 14:18:28.530779,Transfer,13849.36,INR,SUCCESS,Online
T0009507,A000169,2025-07-07 06:14:49.530779,Deposit,94375.11,INR,SUCCESS,Online
T0009508,A000096,2025-06-16 01:57:03.530779,Interest,248262.32,INR,FAILED,ATM
T0009509,A000382,2025-08-31 17:45:23.530779,Deposit,6300.67,INR,PENDING,ATM
T0009510,A000554,2024-11-24 04:03:23.530779,Transfer,89899.53,INR,FAILED,Online
T0009511,A000835,2026-05-23 10:36:58.530779,Transfer,61932.43,INR,FAILED,Online
T0009512,A000447,2026-06-21 04:58:14.530779,Interest,127945.4,INR,FAILED,Mobile
T0009513,A000457,2025-03-26 22:11:33.530779,Withdrawal,188247.34,INR,SUCCESS,Branch
T0009514,A000051,2025-12-15 15:25:45.530779,Fee,137860.03,INR,FAILED,Mobile
T0009515,A000726,2025-07-22 04:45:56.530779,Interest,193566.97,INR,FAILED,Online
T0009516,A001450,2025-01-22 06:25:30.530779,Transfer,125198.34,INR,SUCCESS,Mobile
T0009517,A000767,2025-01-21 13:01:27.530779,Transfer,249081.0,INR,FAILED,Mobile
T0009518,A000968,2024-09-21 17:49:11.530779,Deposit,51097.3,INR,SUCCESS,Branch
T0009519,A001071,2024-12-22 19:39:48.530779,Deposit,77247.88,INR,SUCCESS,Online
T0009520,A000135,2026-09-09 06:01:55.530779,Interest,32713.9,INR,SUCCESS,Online
T0009521,A000010,2026-05-17 22:41:09.530779,Payment,172476.74,INR,SUCCESS,Mobile
T0009522,A000966,2026-04-28 13:37:27.530779,Transfer,235090.53,INR,PENDING,Branch
T0009523,A000052,2025-12-13 18:02:35.530779,Withdrawal,71116.7,INR,SUCCESS,Online
T0009524,A001479,2025-12-10 07:54:25.530779,Fee,244203.35,INR,PENDING,ATM
T0009525,A000751,2026-03-30 07:59:59.530779,Transfer,110480.0,INR,PENDING,Online
T0009526,A000901,2026-03-28 11:52:02.530779,Transfer,246635.39,INR,FAILED,Online
T0009527,A000220,2026-02-04 15:32:25.530779,Transfer,83656.13,INR,FAILED,Branch
T0009528,A000313,2025-06-05 08:00:36.530779,Withdrawal,178362.57,INR,FAILED,Branch
T0009529,A001094,2025-05-16 03:19:07.530779,Interest,25261.04,INR,PENDING,Branch
T0009530,A001263,2024-09-21 20:46:49.530779,Withdrawal,175860.58,INR,PENDING,Mobile
T0009531,A000516,2025-10-22 06:47:28.530779,Withdrawal,13101.07,INR,SUCCESS,Branch
T0009532,A000580,2025-02-28 00:08:19.530779,Fee,33839.67,INR,SUCCESS,Online
T0009533,A000144,2025-09-10 04:43:09.530779,Payment,191808.93,INR,PENDING,Online
T0009534,A001350,2024-11-10 01:53:05.530779,Fee,205026.75,INR,FAILED,Mobile
T0009535,A000375,2025-04-18 22:11:44.530779,Transfer,197307.67,INR,SUCCESS,ATM
T0009536,A000700,2026-07-27 05:20:32.530779,Fee,237149.67,INR,PENDING,Branch
T0009537,A001259,2026-01-19 07:56:51.530779,Deposit,47562.65,INR,FAILED,Branch
T0009538,A000210,2025-03-19 18:22:04.530779,Fee,193551.95,INR,PENDING,ATM
T0009539,A000513,2026-07-11 18:52:36.530779,Deposit,114314.09,INR,FAILED,Mobile
T0009540,A000042,2024-12-13 20:14:32.530779,Interest,137288.05,INR,PENDING,Branch
T0009541,A000566,2026-09-07 07:09:16.530779,Payment,154708.46,INR,PENDING,Branch
T0009542,A000696,2026-09-14 16:13:25.530779,Interest,137532.09,INR,PENDING,Branch
T0009543,A000676,2024-11-21 02:49:05.530779,Interest,173270.8,INR,FAILED,Mobile
T0009544,A001355,2026-08-02 04:16:45.530779,Interest,123328.4,INR,PENDING,ATM
T0009545,A000933,2025-10-08 16:44:45.530779,Interest,202184.71,INR,SUCCESS,Online
T0009546,A001423,2024-11-07 11:07:17.530779,Withdrawal,103811.75,INR,PENDING,Online
T0009547,A000886,2026-04-10 20:24:36.530779,Transfer,55251.97,INR,PENDING,Mobile
T0009548,A000066,2026-03-31 05:50:44.530779,Deposit,134903.01,INR,FAILED,Branch
T0009549,A000336,2025-12-26 02:18:37.530779,Fee,67288.12,INR,PENDING,ATM
T0009550,A000759,2024-12-07 01:57:15.530779,Withdrawal,157950.48,INR,PENDING,Online
T0009551,A001485,2025-02-20 17:24:10.530779,Deposit,201252.21,INR,SUCCESS,Branch
T0009552,A000106,2025-11-03 05:55:57.530779,Payment,161429.74,INR,SUCCESS,Branch
T0009553,A000571,2025-01-26 08:50:29.530779,Payment,232815.53,INR,PENDING,Branch
T0009554,A000747,2026-01-14 08:53:40.530779,Deposit,113431.93,INR,FAILED,Mobile
T0009555,A000318,2025-05-16 20:56:28.530779,Transfer,33358.29,INR,PENDING,ATM
T0009556,A000682,2026-08-11 12:42:02.530779,Interest,158137.11,INR,FAILED,Branch
T0009557,A000252,2025-11-11 18:08:22.530779,Deposit,40756.88,INR,SUCCESS,Online
T0009558,A000657,2025-09-21 14:41:53.530779,Interest,79200.95,INR,SUCCESS,Online
T0009559,A000042,2026-08-01 08:36:20.530779,Payment,199571.57,INR,FAILED,Mobile
T0009560,A000418,2026-06-24 21:06:48.530779,Fee,114714.2,INR,PENDING,Branch
T0009561,A001339,2024-09-29 16:44:17.530779,Transfer,151538.2,INR,SUCCESS,Mobile
T0009562,A001339,2025-09-15 21:58:26.530779,Withdrawal,71575.08,INR,SUCCESS,ATM
T0009563,A000266,2025-06-03 19:36:18.530779,Withdrawal,172102.4,INR,PENDING,Online
T0009564,A000129,2024-12-28 16:35:43.530779,Deposit,99192.83,INR,FAILED,Online
T0009565,A001118,2026-08-26 03:52:40.530779,Payment,130587.5,INR,PENDING,Mobile
T0009566,A001197,2026-03-30 07:06:34.530779,Interest,176053.52,INR,PENDING,ATM
T0009567,A000568,2025-06-13 06:22:52.530779,Interest,83366.64,INR,FAILED,Online
T0009568,A000584,2025-02-03 19:46:12.530779,Deposit,202263.79,INR,PENDING,ATM
T0009569,A001132,2024-11-22 12:49:53.530779,Fee,116033.33,INR,SUCCESS,ATM
T0009570,A001163,2026-06-10 02:48:05.530779,Withdrawal,202795.81,INR,PENDING,Branch
T0009571,A000478,2025-05-02 04:09:21.530779,Interest,48109.36,INR,SUCCESS,ATM
T0009572,A000849,2024-11-12 21:50:05.530779,Withdrawal,47332.22,INR,SUCCESS,ATM
T0009573,A001383,2025-06-26 00:22:15.530779,Transfer,241842.3,INR,PENDING,Mobile
T0009574,A001115,2026-04-09 21:50:19.530779,Withdrawal,60840.44,INR,SUCCESS,Mobile
T0009575,A000997,2025-12-20 18:24:26.530779,Withdrawal,167172.83,INR,SUCCESS,ATM
T0009576,A000669,2026-03-10 01:34:37.530779,Fee,40483.29,INR,PENDING,ATM
T0009577,A000139,2026-04-25 17:46:16.530779,Transfer,238538.03,INR,PENDING,Online
T0009578,A000685,2025-08-17 21:49:20.530779,Deposit,87563.04,INR,FAILED,Branch
T0009579,A000617,2025-06-27 14:06:55.530779,Withdrawal,211428.43,INR,SUCCESS,Branch
T0009580,A000077,2025-04-11 01:20:01.530779,Payment,59991.83,INR,FAILED,Branch
T0009581,A001074,2024-10-29 09:32:47.530779,Payment,15068.09,INR,SUCCESS,Online
T0009582,A001249,2025-06-24 19:07:18.530779,Deposit,150985.29,INR,PENDING,ATM
T0009583,A000908,2026-06-26 09:15:48.530779,Payment,53698.62,INR,PENDING,Branch
T0009584,A001173,2026-02-02 21:21:46.530779,Withdrawal,127626.64,INR,FAILED,Branch
T0009585,A000500,2024-10-31 03:33:37.530779,Deposit,49883.91,INR,FAILED,Branch
T0009586,A001213,2024-10-01 09:16:21.530779,Deposit,146607.5,INR,SUCCESS,Branch
T0009587,A000959,2026-05-22 20:00:07.530779,Deposit,196500.01,INR,FAILED,Branch
T0009588,A000042,2025-04-29 03:03:32.530779,Fee,13144.56,INR,SUCCESS,Branch
T0009589,A000865,2024-11-30 07:43:58.530779,Withdrawal,205139.55,INR,SUCCESS,ATM
T0009590,A001066,2025-10-01 17:07:47.530779,Transfer,18052.84,INR,PENDING,Online
T0009591,A000263,2025-06-02 04:50:27.530779,Withdrawal,18624.59,INR,SUCCESS,Branch
T0009592,A000140,2026-06-13 22:45:19.530779,Fee,101264.08,INR,SUCCESS,Branch
T0009593,A000632,2024-10-04 21:50:51.530779,Deposit,172790.17,INR,PENDING,ATM
T0009594,A000518,2026-02-09 05:14:07.530779,Deposit,231011.37,INR,PENDING,ATM
T0009595,A000525,2026-02-21 22:37:01.530779,Transfer,174469.53,INR,SUCCESS,Branch
T0009596,A001354,2026-04-23 17:56:44.530779,Deposit,156509.57,INR,FAILED,Mobile
T0009597,A000745,2025-08-01 23:46:09.530779,Withdrawal,73546.21,INR,FAILED,Mobile
T0009598,A000086,2026-07-07 07:09:12.530779,Interest,134976.71,INR,SUCCESS,Branch
T0009599,A000476,2026-06-19 20:39:30.530779,Transfer,88586.39,INR,FAILED,Online
T0009600,A001365,2025-05-07 20:54:06.530779,Deposit,209498.57,INR,PENDING,Mobile
T0009601,A000616,2025-10-22 15:59:06.530779,Interest,209791.7,INR,SUCCESS,Mobile
T0009602,A000270,2026-06-11 13:05:52.530779,Transfer,181879.01,INR,PENDING,Online
T0009603,A000061,2025-12-15 19:27:44.530779,Interest,178587.01,INR,SUCCESS,Branch
T0009604,A000381,2024-12-29 10:58:58.530779,Withdrawal,113197.3,INR,FAILED,Mobile
T0009605,A000409,2025-02-09 14:29:16.530779,Fee,237763.96,INR,SUCCESS,Branch
T0009606,A001152,2025-01-10 13:16:33.530779,Deposit,48293.4,INR,PENDING,Mobile
T0009607,A000213,2025-09-02 18:33:46.530779,Payment,126774.67,INR,SUCCESS,ATM
T0009608,A001319,2025-02-24 10:16:55.530779,Transfer,3209.3,INR,FAILED,Branch
T0009609,A000434,2026-07-10 18:54:53.530779,Transfer,77737.63,INR,SUCCESS,Online
T0009610,A001335,2026-09-11 06:42:52.530779,Interest,84589.47,INR,PENDING,Branch
T0009611,A000537,2024-12-22 10:42:49.530779,Transfer,5877.15,INR,FAILED,Branch
T0009612,A000999,2026-05-11 20:08:44.530779,Fee,137199.25,INR,SUCCESS,Online
T0009613,A000334,2025-09-04 05:40:10.530779,Payment,177741.97,INR,PENDING,Online
T0009614,A001390,2025-01-09 23:54:07.530779,Payment,76319.52,INR,FAILED,ATM
T0009615,A000757,2024-10-31 14:12:19.530779,Withdrawal,2524.83,INR,PENDING,Online
T0009616,A001101,2024-10-16 14:50:58.530779,Interest,101340.45,INR,FAILED,Mobile
T0009617,A000104,2025-04-01 05:07:34.530779,Transfer,34070.58,INR,SUCCESS,ATM
T0009618,A000571,2025-03-02 04:49:18.530779,Payment,225187.35,INR,SUCCESS,ATM
T0009619,A000607,2025-02-27 18:25:56.530779,Fee,245420.9,INR,SUCCESS,Online
T0009620,A000989,2025-04-13 14:07:09.530779,Withdrawal,73996.19,INR,SUCCESS,Mobile
T0009621,A000046,2025-02-11 01:22:26.530779,Fee,79376.55,INR,PENDING,Branch
T0009622,A000133,2025-08-16 04:42:07.530779,Fee,56624.48,INR,FAILED,ATM
T0009623,A000628,2025-06-30 13:04:57.530779,Withdrawal,24844.97,INR,SUCCESS,Online
T0009624,A001156,2025-02-04 00:24:39.530779,Payment,108979.21,INR,FAILED,Mobile
T0009625,A001010,2026-06-27 12:29:50.530779,Deposit,161017.47,INR,FAILED,Branch
T0009626,A001067,2025-02-05 23:53:50.530779,Interest,148724.02,INR,FAILED,Branch
T0009627,A000514,2026-06-12 06:25:02.530779,Fee,53347.15,INR,PENDING,ATM
T0009628,A001009,2026-03-06 00:01:46.530779,Transfer,35249.74,INR,PENDING,Online
T0009629,A000722,2025-01-20 15:43:03.530779,Deposit,23919.55,INR,FAILED,ATM
T0009630,A000713,2025-07-01 15:51:55.530779,Deposit,55186.25,INR,SUCCESS,Branch
T0009631,A000251,2026-06-29 18:11:03.530779,Transfer,114483.88,INR,FAILED,Branch
T0009632,A001372,2025-08-03 23:56:22.530779,Fee,184504.96,INR,PENDING,Online
T0009633,A000054,2025-01-16 05:49:20.530779,Deposit,52653.95,INR,SUCCESS,Online
T0009634,A000944,2026-09-08 21:07:02.530779,Interest,14484.76,INR,FAILED,Branch
T0009635,A001275,2025-11-09 11:45:38.530779,Transfer,74269.05,INR,FAILED,Online
T0009636,A001140,2026-04-15 19:06:07.530779,Fee,83887.93,INR,SUCCESS,Mobile
T0009637,A000139,2026-02-04 05:20:50.530779,Fee,51319.67,INR,FAILED,Online
T0009638,A001065,2026-04-11 00:02:59.530779,Interest,74677.11,INR,SUCCESS,Branch
T0009639,A000860,2024-10-07 09:48:20.530779,Withdrawal,14030.2,INR,PENDING,Branch
T0009640,A000625,2025-05-15 19:28:18.530779,Withdrawal,34794.39,INR,SUCCESS,ATM
T0009641,A000608,2025-10-25 07:49:33.530779,Withdrawal,245533.3,INR,PENDING,Branch
T0009642,A000293,2025-11-24 17:46:19.530779,Interest,87695.02,INR,SUCCESS,Online
T0009643,A000970,2025-09-06 09:41:02.530779,Transfer,228767.46,INR,PENDING,Mobile
T0009644,A001228,2026-07-12 21:31:08.530779,Transfer,239511.24,INR,FAILED,ATM
T0009645,A001084,2025-08-06 08:05:21.530779,Withdrawal,90646.07,INR,FAILED,ATM
T0009646,A000148,2026-09-01 08:37:16.530779,Withdrawal,198115.14,INR,SUCCESS,Branch
T0009647,A000515,2026-07-07 09:24:37.530779,Withdrawal,31963.67,INR,FAILED,Mobile
T0009648,A000381,2026-08-26 23:31:30.530779,Withdrawal,233959.3,INR,SUCCESS,Mobile
T0009649,A001345,2025-05-18 15:54:57.530779,Deposit,164361.21,INR,SUCCESS,Mobile
T0009650,A001094,2026-03-11 17:41:21.530779,Fee,181334.96,INR,SUCCESS,Mobile
T0009651,A000063,2026-08-12 15:13:27.530779,Deposit,158794.5,INR,SUCCESS,Online
T0009652,A000063,2025-11-27 03:36:10.530779,Fee,71881.89,INR,SUCCESS,Branch
T0009653,A001416,2026-05-10 23:24:05.530779,Payment,118536.43,INR,PENDING,Branch
T0009654,A000286,2025-08-31 06:16:43.530779,Withdrawal,137378.9,INR,SUCCESS,Branch
T0009655,A000826,2026-01-14 06:54:45.530779,Interest,73953.45,INR,SUCCESS,Branch
T0009656,A001460,2026-04-02 11:36:45.530779,Interest,117879.94,INR,SUCCESS,Online
T0009657,A000812,2025-06-20 07:33:53.530779,Fee,22533.23,INR,PENDING,ATM
T0009658,A001136,2025-03-30 07:08:47.530779,Deposit,189623.06,INR,PENDING,Branch
T0009659,A001191,2026-05-30 02:39:48.530779,Deposit,130673.1,INR,PENDING,Online
T0009660,A000654,2026-01-18 10:19:49.530779,Transfer,175474.74,INR,PENDING,Branch
T0009661,A000408,2025-08-13 22:39:38.530779,Payment,215087.09,INR,SUCCESS,ATM
T0009662,A000355,2025-01-11 00:39:44.530779,Interest,50204.8,INR,FAILED,Mobile
T0009663,A000587,2026-04-17 13:11:58.530779,Deposit,17264.52,INR,PENDING,Mobile
T0009664,A001336,2026-02-04 16:35:44.530779,Deposit,61066.81,INR,PENDING,Mobile
T0009665,A001373,2026-08-15 02:00:55.530779,Withdrawal,237785.53,INR,PENDING,Branch
T0009666,A001192,2026-07-23 08:49:44.530779,Deposit,201350.87,INR,FAILED,ATM
T0009667,A000868,2025-12-25 02:10:25.530779,Fee,129889.91,INR,FAILED,Mobile
T0009668,A000454,2026-05-17 23:06:52.530779,Deposit,150241.76,INR,SUCCESS,Online
T0009669,A000715,2024-12-14 19:10:11.530779,Transfer,67959.98,INR,FAILED,Branch
T0009670,A001057,2025-06-12 09:51:33.530779,Payment,217639.43,INR,SUCCESS,Online
T0009671,A000200,2026-09-01 17:31:32.530779,Payment,204043.7,INR,FAILED,ATM
T0009672,A000972,2026-05-28 00:14:25.530779,Fee,45726.98,INR,SUCCESS,ATM
T0009673,A000991,2025-04-15 07:58:28.530779,Withdrawal,99208.69,INR,SUCCESS,Online
T0009674,A000911,2026-08-30 11:28:23.530779,Payment,37818.55,INR,PENDING,Online
T0009675,A000342,2026-09-09 16:15:09.530779,Payment,228729.71,INR,PENDING,Mobile
T0009676,A001469,2025-01-23 18:50:23.530779,Transfer,199922.44,INR,FAILED,Mobile
T0009677,A000208,2026-09-10 23:07:15.530779,Fee,108905.26,INR,FAILED,Mobile
T0009678,A000799,2026-05-28 12:28:04.530779,Withdrawal,145289.4,INR,PENDING,Branch
T0009679,A000274,2025-07-05 06:11:48.530779,Transfer,51041.92,INR,FAILED,Online
T0009680,A000521,2026-05-17 06:44:38.530779,Withdrawal,96601.73,INR,PENDING,Mobile
T0009681,A000629,2025-11-13 07:29:55.530779,Transfer,74948.08,INR,SUCCESS,Online
T0009682,A000038,2025-06-04 03:29:19.530779,Transfer,249062.05,INR,FAILED,Branch
T0009683,A001220,2024-10-01 01:59:02.530779,Withdrawal,159263.2,INR,FAILED,Mobile
T0009684,A001023,2026-04-07 13:36:33.530779,Transfer,160537.57,INR,FAILED,Branch
T0009685,A001007,2026-03-24 00:17:17.530779,Withdrawal,77467.46,INR,PENDING,Branch
T0009686,A000951,2025-01-25 00:16:40.530779,Deposit,114558.87,INR,SUCCESS,Branch
T0009687,A000077,2025-09-15 11:12:53.530779,Withdrawal,106907.85,INR,FAILED,Mobile
T0009688,A000158,2025-02-03 06:46:19.530779,Transfer,221588.7,INR,PENDING,ATM
T0009689,A000311,2025-02-24 01:06:30.530779,Deposit,228954.21,INR,FAILED,ATM
T0009690,A000882,2026-02-01 20:18:49.530779,Payment,189002.91,INR,FAILED,Online
T0009691,A000614,2026-08-28 06:57:09.530779,Withdrawal,191510.29,INR,PENDING,ATM
T0009692,A000779,2026-01-07 15:30:57.530779,Interest,42177.01,INR,FAILED,Branch
T0009693,A000915,2025-11-11 08:27:02.530779,Fee,225358.27,INR,FAILED,Online
T0009694,A000535,2025-03-24 23:37:10.530779,Transfer,246220.94,INR,FAILED,Branch
T0009695,A001478,2025-11-13 16:58:31.530779,Interest,242394.82,INR,FAILED,Online
T0009696,A000714,2025-06-05 21:59:09.530779,Deposit,99032.41,INR,PENDING,Mobile
T0009697,A001237,2025-09-12 02:31:36.530779,Interest,232971.43,INR,SUCCESS,ATM
T0009698,A000879,2026-07-28 13:00:47.530779,Transfer,242628.12,INR,SUCCESS,Mobile
T0009699,A000255,2025-12-30 19:38:28.530779,Interest,47473.06,INR,SUCCESS,ATM
T0009700,A000023,2026-08-18 19:24:50.530779,Interest,66632.63,INR,FAILED,Branch
T0009701,A000408,2026-06-05 07:23:39.530779,Fee,59252.77,INR,FAILED,Online
T0009702,A000950,2025-02-21 22:11:43.530779,Fee,96664.09,INR,PENDING,Mobile
T0009703,A000414,2026-08-12 13:27:26.530779,Interest,217171.68,INR,FAILED,Online
T0009704,A000070,2025-05-11 10:58:01.530779,Withdrawal,172341.19,INR,PENDING,Branch
T0009705,A000167,2026-03-10 10:50:22.530779,Transfer,204536.18,INR,SUCCESS,Online
T0009706,A001192,2024-11-27 02:07:25.530779,Deposit,96270.94,INR,FAILED,Mobile
T0009707,A000654,2025-11-21 19:15:15.530779,Withdrawal,169220.77,INR,FAILED,ATM
T0009708,A000250,2026-01-08 14:33:45.530779,Deposit,83624.84,INR,PENDING,ATM
T0009709,A000391,2026-05-11 16:49:18.530779,Fee,218492.67,INR,SUCCESS,Online
T0009710,A000154,2026-03-05 03:28:33.530779,Deposit,89182.83,INR,SUCCESS,Online
T0009711,A000043,2025-03-10 09:03:36.530779,Interest,223666.0,INR,FAILED,Branch
T0009712,A000775,2026-01-26 18:27:55.530779,Interest,196974.52,INR,PENDING,Branch
T0009713,A000724,2025-10-15 09:58:29.530779,Withdrawal,60943.48,INR,SUCCESS,Branch
T0009714,A000252,2025-05-10 06:51:32.530779,Deposit,201291.38,INR,PENDING,ATM
T0009715,A000052,2025-12-12 13:59:22.530779,Withdrawal,21649.34,INR,FAILED,Branch
T0009716,A001322,2026-01-01 06:22:10.530779,Transfer,61705.96,INR,PENDING,Branch
T0009717,A000554,2025-06-17 02:18:43.530779,Transfer,22715.83,INR,FAILED,ATM
T0009718,A001098,2026-01-24 20:08:19.530779,Fee,3562.21,INR,FAILED,Mobile
T0009719,A001248,2024-11-17 21:47:35.530779,Interest,49394.57,INR,SUCCESS,ATM
T0009720,A000002,2024-12-02 05:03:13.530779,Fee,132674.48,INR,FAILED,ATM
T0009721,A001022,2025-08-05 14:00:01.530779,Interest,14170.79,INR,FAILED,Branch
T0009722,A000942,2025-09-17 19:22:06.530779,Deposit,205016.87,INR,SUCCESS,Mobile
T0009723,A001151,2026-03-05 00:07:57.530779,Payment,8226.98,INR,FAILED,Online
T0009724,A000402,2025-01-21 13:41:50.530779,Fee,104761.4,INR,SUCCESS,Online
T0009725,A000410,2024-09-29 18:43:19.530779,Deposit,25918.95,INR,SUCCESS,ATM
T0009726,A000283,2026-08-11 22:32:18.530779,Payment,243674.87,INR,SUCCESS,Online
T0009727,A000077,2025-08-20 14:18:14.530779,Fee,133241.43,INR,SUCCESS,ATM
T0009728,A000788,2024-12-16 21:18:55.530779,Withdrawal,217252.8,INR,FAILED,Online
T0009729,A000539,2026-05-26 08:57:08.530779,Payment,70466.97,INR,PENDING,Online
T0009730,A001187,2025-09-23 17:28:21.530779,Withdrawal,62239.03,INR,PENDING,Online
T0009731,A001171,2026-03-29 06:37:46.530779,Transfer,120270.09,INR,PENDING,ATM
T0009732,A001242,2025-04-09 18:41:04.530779,Withdrawal,47488.86,INR,FAILED,Mobile
T0009733,A000231,2026-09-06 09:09:45.530779,Fee,86777.62,INR,FAILED,Branch
T0009734,A001114,2025-05-18 03:02:23.530779,Interest,145650.0,INR,SUCCESS,Branch
T0009735,A001268,2026-03-04 13:15:54.530779,Fee,161359.34,INR,FAILED,Branch
T0009736,A001421,2026-04-25 13:25:22.530779,Payment,175505.43,INR,FAILED,ATM
T0009737,A001067,2025-10-17 18:53:15.530779,Deposit,182688.65,INR,PENDING,ATM
T0009738,A001349,2026-08-25 21:12:24.530779,Payment,109173.84,INR,SUCCESS,Online
T0009739,A001410,2025-10-15 07:22:40.530779,Interest,157697.86,INR,PENDING,Branch
T0009740,A000551,2026-04-08 13:12:50.530779,Fee,6049.77,INR,SUCCESS,ATM
T0009741,A000191,2025-01-17 23:05:18.530779,Fee,71207.62,INR,SUCCESS,Branch
T0009742,A000010,2025-07-28 03:55:54.530779,Withdrawal,36690.16,INR,SUCCESS,ATM
T0009743,A000660,2026-03-21 08:08:31.530779,Fee,209674.21,INR,FAILED,Branch
T0009744,A000044,2026-04-09 18:28:46.530779,Interest,133272.25,INR,FAILED,Mobile
T0009745,A001488,2025-10-10 05:43:47.530779,Payment,61150.71,INR,PENDING,Mobile
T0009746,A000034,2025-12-16 13:51:48.530779,Payment,177558.03,INR,FAILED,Online
T0009747,A000750,2025-11-01 04:43:01.530779,Deposit,232507.43,INR,SUCCESS,Branch
T0009748,A000344,2026-07-21 21:51:52.530779,Payment,242940.96,INR,SUCCESS,Online
T0009749,A000896,2026-06-05 11:17:42.530779,Interest,15115.16,INR,FAILED,Mobile
T0009750,A000284,2025-03-24 08:21:09.530779,Interest,48594.7,INR,FAILED,Mobile
T0009751,A001407,2025-11-03 11:48:43.530779,Transfer,180378.01,INR,SUCCESS,Online
T0009752,A000439,2026-04-19 16:46:55.530779,Deposit,17525.71,INR,SUCCESS,Online
T0009753,A000347,2025-02-12 16:19:46.530779,Withdrawal,28475.72,INR,SUCCESS,Online
T0009754,A001370,2026-02-02 10:10:59.530779,Interest,156659.95,INR,PENDING,Mobile
T0009755,A000263,2026-04-03 20:08:04.530779,Interest,112610.72,INR,SUCCESS,ATM
T0009756,A001458,2024-10-06 21:29:48.530779,Transfer,134807.57,INR,SUCCESS,ATM
T0009757,A001200,2025-07-14 15:19:23.530779,Withdrawal,62474.61,INR,SUCCESS,Branch
T0009758,A000528,2025-12-03 04:29:35.530779,Withdrawal,145412.05,INR,PENDING,Branch
T0009759,A001211,2025-10-10 07:32:49.530779,Deposit,217132.43,INR,FAILED,ATM
T0009760,A000867,2025-02-01 13:27:14.530779,Withdrawal,52793.86,INR,PENDING,Online
T0009761,A001081,2025-03-17 04:49:19.530779,Deposit,2423.01,INR,SUCCESS,Branch
T0009762,A001390,2024-11-15 22:27:08.530779,Interest,216595.8,INR,SUCCESS,Mobile
T0009763,A000136,2024-12-02 09:50:08.530779,Payment,167357.49,INR,PENDING,Mobile
T0009764,A000328,2025-10-23 03:31:37.530779,Withdrawal,147223.44,INR,SUCCESS,Online
T0009765,A000527,2026-04-04 20:56:52.530779,Transfer,249391.39,INR,FAILED,Branch
T0009766,A001410,2025-09-14 02:23:08.530779,Interest,219668.03,INR,SUCCESS,Mobile
T0009767,A001149,2026-03-16 11:51:23.530779,Fee,109903.92,INR,FAILED,Online
T0009768,A001458,2025-10-16 16:04:06.530779,Deposit,56239.69,INR,SUCCESS,Mobile
T0009769,A001187,2025-12-25 00:00:55.530779,Deposit,220991.31,INR,SUCCESS,Mobile
T0009770,A000640,2025-08-02 13:41:00.530779,Transfer,228610.26,INR,PENDING,Online
T0009771,A000674,2026-09-09 02:28:18.530779,Interest,212608.89,INR,SUCCESS,ATM
T0009772,A000388,2026-04-16 07:36:04.530779,Interest,33487.09,INR,PENDING,Branch
T0009773,A001257,2025-09-24 00:51:14.530779,Deposit,29617.13,INR,PENDING,Online
T0009774,A001336,2026-02-19 10:39:19.530779,Fee,153172.14,INR,PENDING,Branch
T0009775,A001231,2025-07-23 11:34:18.530779,Deposit,61793.45,INR,PENDING,Online
T0009776,A000954,2024-11-17 13:32:09.530779,Fee,148184.55,INR,PENDING,Mobile
T0009777,A001145,2025-07-07 14:17:47.530779,Interest,9959.04,INR,PENDING,Online
T0009778,A000811,2025-10-18 12:03:18.530779,Deposit,36269.28,INR,PENDING,Branch
T0009779,A000285,2025-08-04 16:36:43.530779,Payment,121303.83,INR,SUCCESS,ATM
T0009780,A001105,2024-10-29 15:14:01.530779,Fee,229651.86,INR,FAILED,Branch
T0009781,A000694,2025-02-19 16:57:23.530779,Interest,49693.79,INR,FAILED,Branch
T0009782,A001413,2026-04-05 21:05:58.530779,Payment,176907.33,INR,FAILED,Mobile
T0009783,A000257,2025-07-23 22:58:37.530779,Deposit,134399.1,INR,SUCCESS,Mobile
T0009784,A001240,2025-01-09 13:53:53.530779,Fee,33782.74,INR,SUCCESS,Branch
T0009785,A000762,2026-05-03 20:59:49.530779,Withdrawal,242233.58,INR,FAILED,Mobile
T0009786,A000060,2026-08-17 22:32:53.530779,Transfer,102752.89,INR,PENDING,Online
T0009787,A000735,2025-12-31 07:35:32.530779,Withdrawal,99059.66,INR,FAILED,Branch
T0009788,A001273,2025-09-16 05:51:14.530779,Interest,175839.74,INR,SUCCESS,ATM
T0009789,A000079,2025-05-26 23:05:50.530779,Withdrawal,99374.96,INR,SUCCESS,Online
T0009790,A000891,2025-06-22 22:15:15.530779,Interest,232948.89,INR,PENDING,ATM
T0009791,A000048,2025-01-08 23:30:29.530779,Deposit,224721.89,INR,PENDING,ATM
T0009792,A001279,2024-09-23 01:07:17.530779,Fee,186528.71,INR,SUCCESS,Branch
T0009793,A000294,2025-06-24 14:39:53.530779,Payment,25536.56,INR,FAILED,ATM
T0009794,A000740,2025-01-30 23:46:25.530779,Fee,61233.35,INR,PENDING,ATM
T0009795,A000757,2025-06-16 02:16:48.530779,Payment,182815.61,INR,SUCCESS,Branch
T0009796,A000516,2025-06-13 06:10:01.530779,Payment,248241.21,INR,SUCCESS,ATM
T0009797,A000197,2026-03-27 20:50:43.530779,Fee,214429.77,INR,PENDING,ATM
T0009798,A000634,2026-06-11 17:19:55.530779,Payment,247886.91,INR,SUCCESS,ATM
T0009799,A000776,2025-11-27 13:03:29.530779,Withdrawal,228087.51,INR,SUCCESS,Branch
T0009800,A000379,2024-10-20 06:50:45.530779,Interest,140193.57,INR,PENDING,ATM
T0009801,A001173,2026-08-08 18:54:08.530779,Payment,139555.38,INR,PENDING,ATM
T0009802,A000259,2025-01-05 17:24:34.530779,Payment,191304.26,INR,PENDING,ATM
T0009803,A001129,2025-02-03 18:19:43.530779,Withdrawal,219092.33,INR,PENDING,Online
T0009804,A000330,2026-08-16 18:42:02.530779,Withdrawal,24441.97,INR,SUCCESS,Online
T0009805,A000716,2026-07-30 04:57:59.530779,Withdrawal,10007.9,INR,PENDING,Mobile
T0009806,A001278,2026-05-01 18:14:25.530779,Deposit,72541.49,INR,PENDING,Branch
T0009807,A000093,2026-04-30 19:21:28.530779,Fee,119635.35,INR,SUCCESS,ATM
T0009808,A000773,2025-05-20 08:56:56.530779,Payment,164253.45,INR,PENDING,Branch
T0009809,A000675,2026-07-28 17:47:30.530779,Interest,9341.07,INR,FAILED,Online
T0009810,A000511,2025-10-17 01:52:55.530779,Deposit,162668.01,INR,SUCCESS,Branch
T0009811,A001357,2026-03-14 18:52:02.530779,Interest,205489.48,INR,PENDING,Online
T0009812,A000377,2025-12-08 22:56:04.530779,Payment,105650.3,INR,FAILED,Branch
T0009813,A000329,2025-06-21 04:31:29.530779,Withdrawal,219292.04,INR,SUCCESS,ATM
T0009814,A000819,2025-07-28 10:46:30.530779,Deposit,22882.52,INR,PENDING,ATM
T0009815,A001489,2025-07-26 21:03:08.530779,Transfer,230758.45,INR,FAILED,Online
T0009816,A000904,2026-08-17 02:27:38.530779,Deposit,73707.74,INR,FAILED,ATM
T0009817,A000146,2026-07-17 22:31:46.530779,Transfer,233096.08,INR,FAILED,Online
T0009818,A000148,2025-06-10 11:37:22.530779,Interest,166273.47,INR,PENDING,Mobile
T0009819,A000310,2024-12-04 07:46:32.530779,Deposit,209512.36,INR,PENDING,Online
T0009820,A000970,2026-09-06 13:09:17.530779,Deposit,75501.41,INR,PENDING,Online
T0009821,A000223,2025-09-23 13:44:39.530779,Deposit,247332.59,INR,FAILED,Mobile
T0009822,A000956,2025-12-06 01:40:58.530779,Payment,128173.28,INR,FAILED,Online
T0009823,A000117,2025-11-25 10:01:42.530779,Interest,209753.03,INR,FAILED,Online
T0009824,A001129,2024-11-11 11:40:52.530779,Interest,242709.85,INR,FAILED,ATM
T0009825,A001482,2025-09-10 03:10:49.530779,Withdrawal,125705.84,INR,SUCCESS,Branch
T0009826,A000536,2025-02-10 22:04:40.530779,Withdrawal,223407.24,INR,PENDING,Online
T0009827,A000886,2025-01-10 14:49:13.530779,Transfer,202770.92,INR,PENDING,Branch
T0009828,A001075,2025-03-05 09:15:09.530779,Interest,61671.85,INR,SUCCESS,ATM
T0009829,A001015,2026-05-28 11:08:23.530779,Transfer,174831.07,INR,FAILED,Online
T0009830,A001023,2025-05-02 06:56:01.530779,Transfer,145293.21,INR,SUCCESS,Mobile
T0009831,A001131,2025-06-08 12:47:45.530779,Withdrawal,194860.02,INR,SUCCESS,Online
T0009832,A000229,2026-02-16 17:13:20.530779,Payment,147801.14,INR,FAILED,Branch
T0009833,A001151,2025-09-07 15:10:17.530779,Fee,167000.55,INR,SUCCESS,Mobile
T0009834,A000935,2025-08-03 22:58:19.530779,Payment,129836.27,INR,FAILED,Mobile
T0009835,A001357,2025-08-23 16:29:54.530779,Fee,110683.29,INR,PENDING,Online
T0009836,A000664,2025-04-02 02:48:51.530779,Interest,69712.16,INR,SUCCESS,Branch
T0009837,A000865,2026-02-12 23:17:24.530779,Withdrawal,26072.93,INR,PENDING,Branch
T0009838,A000303,2024-10-02 15:12:20.530779,Fee,71359.27,INR,PENDING,ATM
T0009839,A001286,2025-06-19 16:21:45.530779,Withdrawal,197029.52,INR,SUCCESS,ATM
T0009840,A001366,2025-09-18 11:10:12.530779,Payment,97509.75,INR,PENDING,Branch
T0009841,A000215,2025-08-06 01:52:50.530779,Fee,71372.67,INR,PENDING,Mobile
T0009842,A001470,2026-08-11 06:47:37.530779,Withdrawal,99430.74,INR,SUCCESS,Branch
T0009843,A000639,2024-10-20 01:52:12.530779,Transfer,123207.97,INR,FAILED,Branch
T0009844,A000155,2026-02-09 23:23:51.530779,Fee,64712.14,INR,PENDING,ATM
T0009845,A000746,2025-08-22 22:06:07.530779,Interest,154311.85,INR,SUCCESS,ATM
T0009846,A000931,2024-10-29 21:45:39.530779,Payment,204479.86,INR,SUCCESS,ATM
T0009847,A000780,2025-01-03 04:36:49.530779,Transfer,205637.14,INR,FAILED,Mobile
T0009848,A001225,2025-09-25 04:21:08.530779,Withdrawal,210683.87,INR,SUCCESS,Branch
T0009849,A001434,2025-11-09 20:48:03.530779,Payment,47700.71,INR,PENDING,Online
T0009850,A000370,2025-08-19 15:59:29.530779,Deposit,127571.79,INR,FAILED,ATM
T0009851,A000266,2026-08-16 07:28:57.530779,Interest,108933.97,INR,FAILED,Online
T0009852,A001173,2026-01-12 08:48:39.530779,Fee,55582.42,INR,PENDING,ATM
T0009853,A000334,2025-09-08 22:49:35.530779,Withdrawal,111809.64,INR,PENDING,Online
T0009854,A000726,2026-03-02 23:49:17.530779,Transfer,196531.67,INR,FAILED,Online
T0009855,A001145,2024-11-15 14:34:31.530779,Fee,121216.92,INR,SUCCESS,Online
T0009856,A001153,2026-06-22 04:32:44.530779,Payment,163245.98,INR,SUCCESS,ATM
T0009857,A000505,2025-11-12 23:00:13.530779,Withdrawal,229962.36,INR,FAILED,Online
T0009858,A000836,2026-05-05 15:54:09.530779,Withdrawal,188126.13,INR,SUCCESS,Branch
T0009859,A001143,2024-12-16 05:13:38.530779,Fee,44147.64,INR,FAILED,Mobile
T0009860,A001500,2025-01-23 00:08:37.530779,Fee,101542.34,INR,PENDING,Branch
T0009861,A000614,2025-03-15 13:02:25.530779,Deposit,110052.72,INR,PENDING,ATM
T0009862,A001480,2026-03-25 18:43:25.530779,Deposit,240275.21,INR,FAILED,Mobile
T0009863,A000443,2024-09-30 09:34:59.530779,Withdrawal,209966.16,INR,SUCCESS,Mobile
T0009864,A000447,2026-01-05 17:05:59.530779,Deposit,189094.89,INR,FAILED,ATM
T0009865,A001389,2026-08-16 05:33:26.530779,Payment,134064.67,INR,PENDING,ATM
T0009866,A001116,2025-04-01 16:50:22.530779,Interest,139658.35,INR,SUCCESS,ATM
T0009867,A000716,2025-02-08 16:13:19.530779,Fee,195369.02,INR,FAILED,Online
T0009868,A000672,2026-08-31 13:20:56.530779,Deposit,181050.68,INR,PENDING,Online
T0009869,A000758,2026-04-28 22:40:04.530779,Withdrawal,26960.81,INR,FAILED,Branch
T0009870,A001252,2024-11-07 13:02:20.530779,Interest,65955.86,INR,PENDING,Branch
T0009871,A001438,2025-09-01 06:22:51.530779,Transfer,9071.58,INR,PENDING,Mobile
T0009872,A001302,2025-03-23 19:00:06.530779,Transfer,86289.92,INR,PENDING,Mobile
T0009873,A001075,2025-02-14 04:28:25.530779,Deposit,159395.04,INR,FAILED,Online
T0009874,A000383,2024-10-26 19:24:15.530779,Withdrawal,233978.17,INR,PENDING,Online
T0009875,A000115,2026-04-22 09:11:01.530779,Withdrawal,50803.13,INR,PENDING,Branch
T0009876,A001307,2026-01-01 12:29:18.530779,Interest,154048.99,INR,SUCCESS,Mobile
T0009877,A001112,2025-10-18 15:32:51.530779,Withdrawal,89350.27,INR,PENDING,ATM
T0009878,A001191,2025-09-04 09:24:06.530779,Deposit,168194.38,INR,FAILED,Branch
T0009879,A000194,2026-06-30 18:32:30.530779,Withdrawal,125920.58,INR,SUCCESS,Mobile
T0009880,A001443,2026-08-27 03:14:15.530779,Interest,24865.26,INR,FAILED,Branch
T0009881,A001376,2026-09-18 13:53:57.530779,Transfer,113054.93,INR,PENDING,Mobile
T0009882,A000774,2025-05-27 12:23:40.530779,Payment,61632.25,INR,PENDING,Mobile
T0009883,A000371,2026-02-24 05:27:08.530779,Payment,2301.39,INR,FAILED,Branch
T0009884,A000995,2026-02-13 16:01:59.530779,Withdrawal,8390.93,INR,FAILED,Mobile
T0009885,A000642,2026-05-05 17:50:30.530779,Deposit,112673.69,INR,FAILED,Online
T0009886,A000435,2026-07-03 04:31:28.530779,Payment,134836.86,INR,PENDING,Online
T0009887,A000866,2026-08-01 08:52:03.530779,Withdrawal,96862.18,INR,SUCCESS,Mobile
T0009888,A000706,2024-10-09 02:37:31.530779,Transfer,93969.95,INR,SUCCESS,Online
T0009889,A000187,2025-06-09 20:46:45.530779,Interest,44013.28,INR,SUCCESS,Branch
T0009890,A000388,2026-08-14 15:41:04.530779,Deposit,165935.19,INR,FAILED,Online
T0009891,A001182,2026-07-07 23:16:12.530779,Transfer,203662.76,INR,SUCCESS,Branch
T0009892,A001392,2026-08-10 11:02:35.530779,Deposit,29614.25,INR,FAILED,Online
T0009893,A000371,2025-03-19 23:39:28.530779,Interest,53215.87,INR,FAILED,Mobile
T0009894,A001119,2025-01-01 22:53:04.530779,Deposit,142386.84,INR,FAILED,Online
T0009895,A001253,2025-02-26 10:43:59.530779,Withdrawal,15533.57,INR,SUCCESS,ATM
T0009896,A001475,2025-05-14 11:14:44.530779,Fee,118699.27,INR,SUCCESS,Online
T0009897,A000111,2026-06-17 18:23:18.530779,Payment,79911.63,INR,SUCCESS,Branch
T0009898,A000098,2025-04-01 18:21:02.530779,Deposit,104112.94,INR,FAILED,ATM
T0009899,A000398,2025-09-25 14:39:56.530779,Withdrawal,170791.19,INR,FAILED,ATM
T0009900,A000464,2024-09-27 12:30:58.530779,Payment,289.56,INR,FAILED,Branch
T0009901,A000658,2026-02-20 03:04:44.530779,Transfer,156481.93,INR,PENDING,ATM
T0009902,A000198,2026-08-21 05:10:08.530779,Payment,175846.24,INR,SUCCESS,Branch
T0009903,A001185,2025-01-31 04:51:16.530779,Withdrawal,56786.15,INR,PENDING,ATM
T0009904,A000220,2025-11-16 16:55:43.530779,Fee,75281.49,INR,FAILED,Online
T0009905,A000389,2026-07-25 15:27:12.530779,Withdrawal,113197.61,INR,SUCCESS,Online
T0009906,A000808,2026-07-26 15:35:41.530779,Interest,167761.01,INR,PENDING,Branch
T0009907,A000517,2025-12-20 23:13:54.530779,Interest,1424.55,INR,SUCCESS,Online
T0009908,A001475,2026-07-01 18:19:43.530779,Interest,75048.6,INR,PENDING,Branch
T0009909,A001226,2025-10-19 20:45:31.530779,Interest,91480.78,INR,FAILED,Branch
T0009910,A000180,2024-10-14 15:35:08.530779,Withdrawal,68492.54,INR,SUCCESS,ATM
T0009911,A000784,2026-08-08 16:42:46.530779,Transfer,175190.6,INR,SUCCESS,ATM
T0009912,A000378,2025-10-15 05:46:08.530779,Interest,74530.58,INR,FAILED,Online
T0009913,A000385,2026-03-19 01:35:07.530779,Interest,247089.12,INR,PENDING,Online
T0009914,A001294,2026-06-25 10:01:14.530779,Withdrawal,114124.05,INR,SUCCESS,ATM
T0009915,A001072,2025-08-10 22:50:02.530779,Withdrawal,95022.86,INR,PENDING,Branch
T0009916,A001491,2024-10-26 00:22:53.530779,Payment,78916.25,INR,FAILED,Branch
T0009917,A000330,2025-08-30 04:42:19.530779,Deposit,113978.52,INR,SUCCESS,Branch
T0009918,A000910,2025-11-13 17:24:31.530779,Transfer,212741.73,INR,SUCCESS,Mobile
T0009919,A000138,2024-10-01 22:13:59.530779,Payment,50792.55,INR,PENDING,Branch
T0009920,A000257,2026-02-16 09:19:01.530779,Payment,219847.36,INR,SUCCESS,Mobile
T0009921,A001121,2025-12-11 02:24:56.530779,Fee,23755.33,INR,SUCCESS,ATM
T0009922,A001480,2025-09-03 21:07:40.530779,Payment,91020.48,INR,SUCCESS,Branch
T0009923,A001009,2025-02-15 19:27:13.530779,Fee,28189.09,INR,PENDING,ATM
T0009924,A001483,2026-08-11 03:35:41.530779,Transfer,213853.55,INR,FAILED,Mobile
T0009925,A001044,2026-08-11 08:03:54.530779,Deposit,39537.12,INR,FAILED,Online
T0009926,A000834,2026-05-21 09:57:58.530779,Deposit,139339.91,INR,FAILED,Branch
T0009927,A000571,2024-12-18 14:15:02.530779,Deposit,129790.02,INR,FAILED,Branch
T0009928,A001356,2024-11-12 08:44:04.530779,Interest,144053.01,INR,SUCCESS,Mobile
T0009929,A000880,2026-05-13 07:31:09.530779,Withdrawal,192452.52,INR,SUCCESS,Online
T0009930,A001243,2026-07-29 05:31:15.530779,Payment,150273.4,INR,PENDING,Online
T0009931,A000609,2024-12-03 07:09:55.530779,Payment,37804.65,INR,SUCCESS,Branch
T0009932,A001103,2026-02-03 08:19:47.530779,Interest,230919.38,INR,FAILED,Branch
T0009933,A001278,2025-09-08 01:53:14.530779,Payment,93655.98,INR,FAILED,Branch
T0009934,A000497,2026-01-01 00:20:41.530779,Fee,216813.77,INR,SUCCESS,Branch
T0009935,A001220,2025-07-25 22:01:57.530779,Deposit,74298.58,INR,PENDING,Mobile
T0009936,A001381,2026-06-13 15:32:13.530779,Transfer,204703.61,INR,FAILED,Mobile
T0009937,A001281,2024-10-04 19:28:10.530779,Withdrawal,53240.2,INR,FAILED,Online
T0009938,A000880,2025-01-03 10:05:50.530779,Payment,229608.5,INR,FAILED,Online
T0009939,A001106,2024-12-13 22:35:09.530779,Interest,140283.99,INR,PENDING,Mobile
T0009940,A000494,2026-02-01 01:20:18.530779,Withdrawal,185354.94,INR,SUCCESS,ATM
T0009941,A000132,2026-02-19 21:42:53.530779,Withdrawal,94212.82,INR,FAILED,Mobile
T0009942,A000706,2025-12-23 09:10:36.530779,Transfer,112317.31,INR,FAILED,Branch
T0009943,A000622,2025-05-31 20:10:17.530779,Deposit,134078.12,INR,PENDING,Mobile
T0009944,A001039,2026-02-10 11:30:01.530779,Transfer,177250.89,INR,SUCCESS,Branch
T0009945,A001215,2025-12-15 12:51:36.530779,Transfer,225946.32,INR,FAILED,Mobile
T0009946,A001373,2025-03-13 16:19:59.530779,Deposit,20864.16,INR,PENDING,Mobile
T0009947,A000769,2025-06-08 23:12:25.530779,Payment,88817.98,INR,FAILED,Branch
T0009948,A000785,2026-06-12 22:23:41.530779,Withdrawal,61586.5,INR,SUCCESS,Online
T0009949,A000654,2026-05-28 06:44:30.530779,Deposit,216832.06,INR,SUCCESS,Branch
T0009950,A000642,2025-01-11 14:35:11.530779,Deposit,132120.04,INR,SUCCESS,Branch
T0009951,A001394,2024-11-09 06:51:03.530779,Payment,98918.61,INR,SUCCESS,ATM
T0009952,A000313,2025-03-05 09:54:35.530779,Fee,242020.45,INR,FAILED,ATM
T0009953,A001438,2025-08-23 08:10:44.530779,Interest,136009.77,INR,FAILED,ATM
T0009954,A001302,2025-07-21 05:20:10.530779,Interest,202869.16,INR,FAILED,Mobile
T0009955,A001310,2025-07-02 09:20:14.530779,Payment,86515.66,INR,SUCCESS,Branch
T0009956,A001194,2026-06-27 23:00:38.530779,Interest,185828.74,INR,PENDING,Online
T0009957,A001061,2024-12-20 09:42:33.530779,Withdrawal,248992.43,INR,PENDING,Mobile
T0009958,A001251,2025-04-11 17:01:20.530779,Withdrawal,91855.07,INR,PENDING,Branch
T0009959,A001366,2026-03-20 14:22:21.530779,Transfer,2179.76,INR,FAILED,Online
T0009960,A000824,2025-01-21 02:32:51.530779,Transfer,84253.72,INR,FAILED,ATM
T0009961,A000710,2024-12-25 02:23:56.530779,Deposit,59538.58,INR,FAILED,ATM
T0009962,A001114,2026-04-08 03:10:34.530779,Interest,14060.94,INR,PENDING,Online
T0009963,A001341,2025-11-19 13:59:18.530779,Deposit,88938.5,INR,PENDING,Branch
T0009964,A000381,2026-01-24 23:24:07.530779,Interest,26328.31,INR,FAILED,Online
T0009965,A000560,2024-10-31 19:00:03.530779,Interest,180130.17,INR,SUCCESS,Online
T0009966,A000504,2024-10-14 14:54:17.530779,Interest,152265.41,INR,SUCCESS,Branch
T0009967,A000500,2026-03-16 04:27:05.530779,Payment,146305.15,INR,SUCCESS,Online
T0009968,A001486,2026-05-30 22:00:34.530779,Payment,165660.67,INR,FAILED,Mobile
T0009969,A000204,2024-11-25 20:25:03.530779,Payment,49564.43,INR,SUCCESS,Online
T0009970,A000188,2025-12-06 11:27:40.530779,Payment,135937.81,INR,SUCCESS,ATM
T0009971,A000209,2026-01-26 06:07:53.530779,Transfer,49851.69,INR,FAILED,Online
T0009972,A000426,2024-10-10 21:44:31.530779,Transfer,127198.61,INR,SUCCESS,Branch
T0009973,A000021,2024-11-19 06:12:28.530779,Deposit,165102.49,INR,FAILED,ATM
T0009974,A000030,2026-07-28 12:42:42.530779,Interest,221577.51,INR,PENDING,Branch
T0009975,A000025,2026-03-15 20:30:25.530779,Deposit,163150.51,INR,SUCCESS,ATM
T0009976,A000269,2025-02-14 07:37:00.530779,Transfer,86608.02,INR,FAILED,Mobile
T0009977,A000528,2026-07-13 06:35:44.530779,Fee,42863.31,INR,SUCCESS,Mobile
T0009978,A000355,2026-07-12 02:28:44.530779,Interest,75654.18,INR,SUCCESS,Mobile
T0009979,A001347,2025-08-24 18:11:33.530779,Interest,228327.59,INR,SUCCESS,Online
T0009980,A001289,2025-05-01 13:59:20.530779,Deposit,59797.2,INR,SUCCESS,Branch
T0009981,A000031,2025-11-26 20:31:59.530779,Transfer,205567.67,INR,PENDING,Branch
T0009982,A000611,2026-07-22 09:01:41.530779,Payment,225104.08,INR,SUCCESS,Online
T0009983,A001477,2026-06-01 22:28:18.530779,Fee,25571.24,INR,SUCCESS,Branch
T0009984,A000028,2026-07-07 19:40:57.530779,Interest,208966.16,INR,FAILED,Branch
T0009985,A001081,2025-10-14 16:55:23.530779,Transfer,84951.98,INR,SUCCESS,ATM
T0009986,A000392,2026-07-05 23:07:05.530779,Interest,60677.68,INR,PENDING,Branch
T0009987,A000449,2026-02-26 10:14:55.530779,Payment,9944.68,INR,SUCCESS,Online
T0009988,A000408,2026-02-21 01:06:00.530779,Withdrawal,185409.03,INR,FAILED,Online
T0009989,A000436,2025-04-17 13:41:25.530779,Payment,176407.32,INR,FAILED,Online
T0009990,A000641,2025-11-25 00:13:43.530779,Deposit,55251.05,INR,PENDING,ATM
T0009991,A000810,2024-12-28 03:31:50.530779,Withdrawal,199913.12,INR,PENDING,Branch
T0009992,A000725,2026-04-12 09:54:06.530779,Interest,229884.8,INR,PENDING,Mobile
T0009993,A000720,2025-11-16 05:32:41.530779,Withdrawal,3305.27,INR,FAILED,Mobile
T0009994,A000346,2025-12-06 23:33:53.530779,Payment,208921.91,INR,SUCCESS,Mobile
T0009995,A001247,2025-11-05 21:53:31.530779,Withdrawal,235757.34,INR,FAILED,Mobile
T0009996,A000951,2026-07-03 18:16:22.530779,Deposit,32600.98,INR,PENDING,ATM
T0009997,A001204,2024-10-04 00:01:15.530779,Interest,122358.6,INR,SUCCESS,Online
T0009998,A001165,2024-09-23 06:12:59.530779,Withdrawal,151384.09,INR,PENDING,ATM
T0009999,A001179,2024-10-01 20:21:20.530779,Payment,88057.91,INR,FAILED,ATM
T0010000,A000563,2026-06-28 13:15:30.530779,Interest,88801.99,INR,PENDING,Online
